# This file is brought to you by Roblox Corporation
# Generated by Roblox Studio

mtllib Map.mtl

g Part1

v -30.4905 -84.472 159.31 
v -30.4905 -84.472 160.06 
v -30.4905 -85.472 159.31 
v -30.4905 -85.472 160.06 
v -34.7595 -84.472 160.06 
v -30.4905 -84.472 160.06 
v -34.7595 -84.472 159.31 
v -30.4905 -84.472 159.31 
v -30.4905 -84.472 160.06 
v -34.7595 -84.472 160.06 
v -30.4905 -85.472 160.06 
v -34.7595 -85.472 160.06 
v -34.7595 -84.472 160.06 
v -34.7595 -84.472 159.31 
v -34.7595 -85.472 160.06 
v -34.7595 -85.472 159.31 
v -34.7595 -85.472 159.31 
v -30.4905 -85.472 159.31 
v -34.7595 -85.472 160.06 
v -30.4905 -85.472 160.06 
v -34.7595 -84.472 159.31 
v -30.4905 -84.472 159.31 
v -34.7595 -85.472 159.31 
v -30.4905 -85.472 159.31 

vn 1 0 0 
vn 1 0 0 
vn 1 0 0 
vn 1 0 0 
vn 0 1 0 
vn 0 1 0 
vn 0 1 0 
vn 0 1 0 
vn 0 0 1 
vn 0 0 1 
vn 0 0 1 
vn 0 0 1 
vn -1 0 0 
vn -1 0 0 
vn -1 0 0 
vn -1 0 0 
vn 0 -1 0 
vn 0 -1 0 
vn 0 -1 0 
vn 0 -1 0 
vn 0 0 -1 
vn 0 0 -1 
vn 0 0 -1 
vn 0 0 -1 

vt 5.59375 -1.25 
vt 5.5 -1.25 
vt 5.59375 -1.375 
vt 5.5 -1.375 
vt 6.03362 -1.25 
vt 5.5 -1.25 
vt 6.03362 -1.34375 
vt 5.5 -1.34375 
vt 6.03362 -1.25 
vt 5.5 -1.25 
vt 6.03362 -1.375 
vt 5.5 -1.375 
vt 5.59375 -1.25 
vt 5.5 -1.25 
vt 5.59375 -1.375 
vt 5.5 -1.375 
vt 6.03362 -1.25 
vt 5.5 -1.25 
vt 6.03362 -1.34375 
vt 5.5 -1.34375 
vt 6.03362 -1.25 
vt 5.5 -1.25 
vt 6.03362 -1.375 
vt 5.5 -1.375 

usemtl Part1Mtl

f 1/1/1 2/2/2 3/3/3 
f 3/3/3 2/2/2 4/4/4 
f 5/5/5 6/6/6 7/7/7 
f 7/7/7 6/6/6 8/8/8 
f 9/9/9 10/10/10 11/11/11 
f 11/11/11 10/10/10 12/12/12 
f 13/13/13 14/14/14 15/15/15 
f 15/15/15 14/14/14 16/16/16 
f 17/17/17 18/18/18 19/19/19 
f 19/19/19 18/18/18 20/20/20 
f 21/21/21 22/22/22 23/23/23 
f 23/23/23 22/22/22 24/24/24 

g Part2

v -30.4905 -80.472 159.31 
v -30.4905 -80.472 160.06 
v -30.4905 -81.472 159.31 
v -30.4905 -81.472 160.06 
v -34.7595 -80.472 160.06 
v -30.4905 -80.472 160.06 
v -34.7595 -80.472 159.31 
v -30.4905 -80.472 159.31 
v -30.4905 -80.472 160.06 
v -34.7595 -80.472 160.06 
v -30.4905 -81.472 160.06 
v -34.7595 -81.472 160.06 
v -34.7595 -80.472 160.06 
v -34.7595 -80.472 159.31 
v -34.7595 -81.472 160.06 
v -34.7595 -81.472 159.31 
v -34.7595 -81.472 159.31 
v -30.4905 -81.472 159.31 
v -34.7595 -81.472 160.06 
v -30.4905 -81.472 160.06 
v -34.7595 -80.472 159.31 
v -30.4905 -80.472 159.31 
v -34.7595 -81.472 159.31 
v -30.4905 -81.472 159.31 

vn 1 0 0 
vn 1 0 0 
vn 1 0 0 
vn 1 0 0 
vn 0 1 0 
vn 0 1 0 
vn 0 1 0 
vn 0 1 0 
vn 0 0 1 
vn 0 0 1 
vn 0 0 1 
vn 0 0 1 
vn -1 0 0 
vn -1 0 0 
vn -1 0 0 
vn -1 0 0 
vn 0 -1 0 
vn 0 -1 0 
vn 0 -1 0 
vn 0 -1 0 
vn 0 0 -1 
vn 0 0 -1 
vn 0 0 -1 
vn 0 0 -1 

vt 3.96875 -2.5 
vt 3.875 -2.5 
vt 3.96875 -2.625 
vt 3.875 -2.625 
vt 4.40862 -2.5 
vt 3.875 -2.5 
vt 4.40862 -2.59375 
vt 3.875 -2.59375 
vt 4.40862 -2.5 
vt 3.875 -2.5 
vt 4.40862 -2.625 
vt 3.875 -2.625 
vt 3.96875 -2.5 
vt 3.875 -2.5 
vt 3.96875 -2.625 
vt 3.875 -2.625 
vt 4.40862 -2.5 
vt 3.875 -2.5 
vt 4.40862 -2.59375 
vt 3.875 -2.59375 
vt 4.40862 -2.5 
vt 3.875 -2.5 
vt 4.40862 -2.625 
vt 3.875 -2.625 

usemtl Part2Mtl

f 25/25/25 26/26/26 27/27/27 
f 27/27/27 26/26/26 28/28/28 
f 29/29/29 30/30/30 31/31/31 
f 31/31/31 30/30/30 32/32/32 
f 33/33/33 34/34/34 35/35/35 
f 35/35/35 34/34/34 36/36/36 
f 37/37/37 38/38/38 39/39/39 
f 39/39/39 38/38/38 40/40/40 
f 41/41/41 42/42/42 43/43/43 
f 43/43/43 42/42/42 44/44/44 
f 45/45/45 46/46/46 47/47/47 
f 47/47/47 46/46/46 48/48/48 

g Part3

v -30.4905 -82.472 159.31 
v -30.4905 -82.472 160.06 
v -30.4905 -83.472 159.31 
v -30.4905 -83.472 160.06 
v -34.7595 -82.472 160.06 
v -30.4905 -82.472 160.06 
v -34.7595 -82.472 159.31 
v -30.4905 -82.472 159.31 
v -30.4905 -82.472 160.06 
v -34.7595 -82.472 160.06 
v -30.4905 -83.472 160.06 
v -34.7595 -83.472 160.06 
v -34.7595 -82.472 160.06 
v -34.7595 -82.472 159.31 
v -34.7595 -83.472 160.06 
v -34.7595 -83.472 159.31 
v -34.7595 -83.472 159.31 
v -30.4905 -83.472 159.31 
v -34.7595 -83.472 160.06 
v -30.4905 -83.472 160.06 
v -34.7595 -82.472 159.31 
v -30.4905 -82.472 159.31 
v -34.7595 -83.472 159.31 
v -30.4905 -83.472 159.31 

vn 1 0 0 
vn 1 0 0 
vn 1 0 0 
vn 1 0 0 
vn 0 1 0 
vn 0 1 0 
vn 0 1 0 
vn 0 1 0 
vn 0 0 1 
vn 0 0 1 
vn 0 0 1 
vn 0 0 1 
vn -1 0 0 
vn -1 0 0 
vn -1 0 0 
vn -1 0 0 
vn 0 -1 0 
vn 0 -1 0 
vn 0 -1 0 
vn 0 -1 0 
vn 0 0 -1 
vn 0 0 -1 
vn 0 0 -1 
vn 0 0 -1 

vt 2.71875 -1.75 
vt 2.625 -1.75 
vt 2.71875 -1.875 
vt 2.625 -1.875 
vt 3.15862 -1.75 
vt 2.625 -1.75 
vt 3.15862 -1.84375 
vt 2.625 -1.84375 
vt 3.15862 -1.75 
vt 2.625 -1.75 
vt 3.15862 -1.875 
vt 2.625 -1.875 
vt 2.71875 -1.75 
vt 2.625 -1.75 
vt 2.71875 -1.875 
vt 2.625 -1.875 
vt 3.15862 -1.75 
vt 2.625 -1.75 
vt 3.15862 -1.84375 
vt 2.625 -1.84375 
vt 3.15862 -1.75 
vt 2.625 -1.75 
vt 3.15862 -1.875 
vt 2.625 -1.875 

usemtl Part2Mtl

f 49/49/49 50/50/50 51/51/51 
f 51/51/51 50/50/50 52/52/52 
f 53/53/53 54/54/54 55/55/55 
f 55/55/55 54/54/54 56/56/56 
f 57/57/57 58/58/58 59/59/59 
f 59/59/59 58/58/58 60/60/60 
f 61/61/61 62/62/62 63/63/63 
f 63/63/63 62/62/62 64/64/64 
f 65/65/65 66/66/66 67/67/67 
f 67/67/67 66/66/66 68/68/68 
f 69/69/69 70/70/70 71/71/71 
f 71/71/71 70/70/70 72/72/72 

g Part4

v -30.4905 -88.472 159.31 
v -30.4905 -88.472 160.06 
v -30.4905 -89.472 159.31 
v -30.4905 -89.472 160.06 
v -34.7595 -88.472 160.06 
v -30.4905 -88.472 160.06 
v -34.7595 -88.472 159.31 
v -30.4905 -88.472 159.31 
v -30.4905 -88.472 160.06 
v -34.7595 -88.472 160.06 
v -30.4905 -89.472 160.06 
v -34.7595 -89.472 160.06 
v -34.7595 -88.472 160.06 
v -34.7595 -88.472 159.31 
v -34.7595 -89.472 160.06 
v -34.7595 -89.472 159.31 
v -34.7595 -89.472 159.31 
v -30.4905 -89.472 159.31 
v -34.7595 -89.472 160.06 
v -30.4905 -89.472 160.06 
v -34.7595 -88.472 159.31 
v -30.4905 -88.472 159.31 
v -34.7595 -89.472 159.31 
v -30.4905 -89.472 159.31 

vn 1 0 0 
vn 1 0 0 
vn 1 0 0 
vn 1 0 0 
vn 0 1 0 
vn 0 1 0 
vn 0 1 0 
vn 0 1 0 
vn 0 0 1 
vn 0 0 1 
vn 0 0 1 
vn 0 0 1 
vn -1 0 0 
vn -1 0 0 
vn -1 0 0 
vn -1 0 0 
vn 0 -1 0 
vn 0 -1 0 
vn 0 -1 0 
vn 0 -1 0 
vn 0 0 -1 
vn 0 0 -1 
vn 0 0 -1 
vn 0 0 -1 

vt 3.71875 -6.75 
vt 3.625 -6.75 
vt 3.71875 -6.875 
vt 3.625 -6.875 
vt 4.15862 -6.75 
vt 3.625 -6.75 
vt 4.15862 -6.84375 
vt 3.625 -6.84375 
vt 4.15862 -6.75 
vt 3.625 -6.75 
vt 4.15862 -6.875 
vt 3.625 -6.875 
vt 3.71875 -6.75 
vt 3.625 -6.75 
vt 3.71875 -6.875 
vt 3.625 -6.875 
vt 4.15862 -6.75 
vt 3.625 -6.75 
vt 4.15862 -6.84375 
vt 3.625 -6.84375 
vt 4.15862 -6.75 
vt 3.625 -6.75 
vt 4.15862 -6.875 
vt 3.625 -6.875 

usemtl Part2Mtl

f 73/73/73 74/74/74 75/75/75 
f 75/75/75 74/74/74 76/76/76 
f 77/77/77 78/78/78 79/79/79 
f 79/79/79 78/78/78 80/80/80 
f 81/81/81 82/82/82 83/83/83 
f 83/83/83 82/82/82 84/84/84 
f 85/85/85 86/86/86 87/87/87 
f 87/87/87 86/86/86 88/88/88 
f 89/89/89 90/90/90 91/91/91 
f 91/91/91 90/90/90 92/92/92 
f 93/93/93 94/94/94 95/95/95 
f 95/95/95 94/94/94 96/96/96 

g Part5

v -30.4905 -78.472 159.31 
v -30.4905 -78.472 160.06 
v -30.4905 -79.472 159.31 
v -30.4905 -79.472 160.06 
v -34.7595 -78.472 160.06 
v -30.4905 -78.472 160.06 
v -34.7595 -78.472 159.31 
v -30.4905 -78.472 159.31 
v -30.4905 -78.472 160.06 
v -34.7595 -78.472 160.06 
v -30.4905 -79.472 160.06 
v -34.7595 -79.472 160.06 
v -34.7595 -78.472 160.06 
v -34.7595 -78.472 159.31 
v -34.7595 -79.472 160.06 
v -34.7595 -79.472 159.31 
v -34.7595 -79.472 159.31 
v -30.4905 -79.472 159.31 
v -34.7595 -79.472 160.06 
v -30.4905 -79.472 160.06 
v -34.7595 -78.472 159.31 
v -30.4905 -78.472 159.31 
v -34.7595 -79.472 159.31 
v -30.4905 -79.472 159.31 

vn 1 0 0 
vn 1 0 0 
vn 1 0 0 
vn 1 0 0 
vn 0 1 0 
vn 0 1 0 
vn 0 1 0 
vn 0 1 0 
vn 0 0 1 
vn 0 0 1 
vn 0 0 1 
vn 0 0 1 
vn -1 0 0 
vn -1 0 0 
vn -1 0 0 
vn -1 0 0 
vn 0 -1 0 
vn 0 -1 0 
vn 0 -1 0 
vn 0 -1 0 
vn 0 0 -1 
vn 0 0 -1 
vn 0 0 -1 
vn 0 0 -1 

vt 0.34375 -6.125 
vt 0.25 -6.125 
vt 0.34375 -6.25 
vt 0.25 -6.25 
vt 0.783615 -6.125 
vt 0.25 -6.125 
vt 0.783615 -6.21875 
vt 0.25 -6.21875 
vt 0.783615 -6.125 
vt 0.25 -6.125 
vt 0.783615 -6.25 
vt 0.25 -6.25 
vt 0.34375 -6.125 
vt 0.25 -6.125 
vt 0.34375 -6.25 
vt 0.25 -6.25 
vt 0.783615 -6.125 
vt 0.25 -6.125 
vt 0.783615 -6.21875 
vt 0.25 -6.21875 
vt 0.783615 -6.125 
vt 0.25 -6.125 
vt 0.783615 -6.25 
vt 0.25 -6.25 

usemtl Part5Mtl

f 97/97/97 98/98/98 99/99/99 
f 99/99/99 98/98/98 100/100/100 
f 101/101/101 102/102/102 103/103/103 
f 103/103/103 102/102/102 104/104/104 
f 105/105/105 106/106/106 107/107/107 
f 107/107/107 106/106/106 108/108/108 
f 109/109/109 110/110/110 111/111/111 
f 111/111/111 110/110/110 112/112/112 
f 113/113/113 114/114/114 115/115/115 
f 115/115/115 114/114/114 116/116/116 
f 117/117/117 118/118/118 119/119/119 
f 119/119/119 118/118/118 120/120/120 

g Part6

v -30.4905 -74.472 159.31 
v -30.4905 -74.472 160.06 
v -30.4905 -75.472 159.31 
v -30.4905 -75.472 160.06 
v -34.7595 -74.472 160.06 
v -30.4905 -74.472 160.06 
v -34.7595 -74.472 159.31 
v -30.4905 -74.472 159.31 
v -30.4905 -74.472 160.06 
v -34.7595 -74.472 160.06 
v -30.4905 -75.472 160.06 
v -34.7595 -75.472 160.06 
v -34.7595 -74.472 160.06 
v -34.7595 -74.472 159.31 
v -34.7595 -75.472 160.06 
v -34.7595 -75.472 159.31 
v -34.7595 -75.472 159.31 
v -30.4905 -75.472 159.31 
v -34.7595 -75.472 160.06 
v -30.4905 -75.472 160.06 
v -34.7595 -74.472 159.31 
v -30.4905 -74.472 159.31 
v -34.7595 -75.472 159.31 
v -30.4905 -75.472 159.31 

vn 1 0 0 
vn 1 0 0 
vn 1 0 0 
vn 1 0 0 
vn 0 1 0 
vn 0 1 0 
vn 0 1 0 
vn 0 1 0 
vn 0 0 1 
vn 0 0 1 
vn 0 0 1 
vn 0 0 1 
vn -1 0 0 
vn -1 0 0 
vn -1 0 0 
vn -1 0 0 
vn 0 -1 0 
vn 0 -1 0 
vn 0 -1 0 
vn 0 -1 0 
vn 0 0 -1 
vn 0 0 -1 
vn 0 0 -1 
vn 0 0 -1 

vt 4.59375 -4.25 
vt 4.5 -4.25 
vt 4.59375 -4.375 
vt 4.5 -4.375 
vt 5.03362 -4.25 
vt 4.5 -4.25 
vt 5.03362 -4.34375 
vt 4.5 -4.34375 
vt 5.03362 -4.25 
vt 4.5 -4.25 
vt 5.03362 -4.375 
vt 4.5 -4.375 
vt 4.59375 -4.25 
vt 4.5 -4.25 
vt 4.59375 -4.375 
vt 4.5 -4.375 
vt 5.03362 -4.25 
vt 4.5 -4.25 
vt 5.03362 -4.34375 
vt 4.5 -4.34375 
vt 5.03362 -4.25 
vt 4.5 -4.25 
vt 5.03362 -4.375 
vt 4.5 -4.375 

usemtl Part5Mtl

f 121/121/121 122/122/122 123/123/123 
f 123/123/123 122/122/122 124/124/124 
f 125/125/125 126/126/126 127/127/127 
f 127/127/127 126/126/126 128/128/128 
f 129/129/129 130/130/130 131/131/131 
f 131/131/131 130/130/130 132/132/132 
f 133/133/133 134/134/134 135/135/135 
f 135/135/135 134/134/134 136/136/136 
f 137/137/137 138/138/138 139/139/139 
f 139/139/139 138/138/138 140/140/140 
f 141/141/141 142/142/142 143/143/143 
f 143/143/143 142/142/142 144/144/144 

g Part7

v -30.4905 -72.472 159.31 
v -30.4905 -72.472 160.06 
v -30.4905 -73.472 159.31 
v -30.4905 -73.472 160.06 
v -34.7595 -72.472 160.06 
v -30.4905 -72.472 160.06 
v -34.7595 -72.472 159.31 
v -30.4905 -72.472 159.31 
v -30.4905 -72.472 160.06 
v -34.7595 -72.472 160.06 
v -30.4905 -73.472 160.06 
v -34.7595 -73.472 160.06 
v -34.7595 -72.472 160.06 
v -34.7595 -72.472 159.31 
v -34.7595 -73.472 160.06 
v -34.7595 -73.472 159.31 
v -34.7595 -73.472 159.31 
v -30.4905 -73.472 159.31 
v -34.7595 -73.472 160.06 
v -30.4905 -73.472 160.06 
v -34.7595 -72.472 159.31 
v -30.4905 -72.472 159.31 
v -34.7595 -73.472 159.31 
v -30.4905 -73.472 159.31 

vn 1 0 0 
vn 1 0 0 
vn 1 0 0 
vn 1 0 0 
vn 0 1 0 
vn 0 1 0 
vn 0 1 0 
vn 0 1 0 
vn 0 0 1 
vn 0 0 1 
vn 0 0 1 
vn 0 0 1 
vn -1 0 0 
vn -1 0 0 
vn -1 0 0 
vn -1 0 0 
vn 0 -1 0 
vn 0 -1 0 
vn 0 -1 0 
vn 0 -1 0 
vn 0 0 -1 
vn 0 0 -1 
vn 0 0 -1 
vn 0 0 -1 

vt 4.59375 -5.625 
vt 4.5 -5.625 
vt 4.59375 -5.75 
vt 4.5 -5.75 
vt 5.03362 -5.625 
vt 4.5 -5.625 
vt 5.03362 -5.71875 
vt 4.5 -5.71875 
vt 5.03362 -5.625 
vt 4.5 -5.625 
vt 5.03362 -5.75 
vt 4.5 -5.75 
vt 4.59375 -5.625 
vt 4.5 -5.625 
vt 4.59375 -5.75 
vt 4.5 -5.75 
vt 5.03362 -5.625 
vt 4.5 -5.625 
vt 5.03362 -5.71875 
vt 4.5 -5.71875 
vt 5.03362 -5.625 
vt 4.5 -5.625 
vt 5.03362 -5.75 
vt 4.5 -5.75 

usemtl Part5Mtl

f 145/145/145 146/146/146 147/147/147 
f 147/147/147 146/146/146 148/148/148 
f 149/149/149 150/150/150 151/151/151 
f 151/151/151 150/150/150 152/152/152 
f 153/153/153 154/154/154 155/155/155 
f 155/155/155 154/154/154 156/156/156 
f 157/157/157 158/158/158 159/159/159 
f 159/159/159 158/158/158 160/160/160 
f 161/161/161 162/162/162 163/163/163 
f 163/163/163 162/162/162 164/164/164 
f 165/165/165 166/166/166 167/167/167 
f 167/167/167 166/166/166 168/168/168 

g Part8

v -30.4905 -70.472 159.31 
v -30.4905 -70.472 160.06 
v -30.4905 -71.472 159.31 
v -30.4905 -71.472 160.06 
v -34.7595 -70.472 160.06 
v -30.4905 -70.472 160.06 
v -34.7595 -70.472 159.31 
v -30.4905 -70.472 159.31 
v -30.4905 -70.472 160.06 
v -34.7595 -70.472 160.06 
v -30.4905 -71.472 160.06 
v -34.7595 -71.472 160.06 
v -34.7595 -70.472 160.06 
v -34.7595 -70.472 159.31 
v -34.7595 -71.472 160.06 
v -34.7595 -71.472 159.31 
v -34.7595 -71.472 159.31 
v -30.4905 -71.472 159.31 
v -34.7595 -71.472 160.06 
v -30.4905 -71.472 160.06 
v -34.7595 -70.472 159.31 
v -30.4905 -70.472 159.31 
v -34.7595 -71.472 159.31 
v -30.4905 -71.472 159.31 

vn 1 0 0 
vn 1 0 0 
vn 1 0 0 
vn 1 0 0 
vn 0 1 0 
vn 0 1 0 
vn 0 1 0 
vn 0 1 0 
vn 0 0 1 
vn 0 0 1 
vn 0 0 1 
vn 0 0 1 
vn -1 0 0 
vn -1 0 0 
vn -1 0 0 
vn -1 0 0 
vn 0 -1 0 
vn 0 -1 0 
vn 0 -1 0 
vn 0 -1 0 
vn 0 0 -1 
vn 0 0 -1 
vn 0 0 -1 
vn 0 0 -1 

vt 7.09375 -1.5 
vt 7 -1.5 
vt 7.09375 -1.625 
vt 7 -1.625 
vt 7.53362 -1.5 
vt 7 -1.5 
vt 7.53362 -1.59375 
vt 7 -1.59375 
vt 7.53362 -1.5 
vt 7 -1.5 
vt 7.53362 -1.625 
vt 7 -1.625 
vt 7.09375 -1.5 
vt 7 -1.5 
vt 7.09375 -1.625 
vt 7 -1.625 
vt 7.53362 -1.5 
vt 7 -1.5 
vt 7.53362 -1.59375 
vt 7 -1.59375 
vt 7.53362 -1.5 
vt 7 -1.5 
vt 7.53362 -1.625 
vt 7 -1.625 

usemtl Part5Mtl

f 169/169/169 170/170/170 171/171/171 
f 171/171/171 170/170/170 172/172/172 
f 173/173/173 174/174/174 175/175/175 
f 175/175/175 174/174/174 176/176/176 
f 177/177/177 178/178/178 179/179/179 
f 179/179/179 178/178/178 180/180/180 
f 181/181/181 182/182/182 183/183/183 
f 183/183/183 182/182/182 184/184/184 
f 185/185/185 186/186/186 187/187/187 
f 187/187/187 186/186/186 188/188/188 
f 189/189/189 190/190/190 191/191/191 
f 191/191/191 190/190/190 192/192/192 

g Part9

v 225.5 1.50001 -1 
v 225.5 1.50001 1 
v 225.5 0.500008 -1 
v 225.5 0.500008 1 
v 221.5 1.50001 1 
v 225.5 1.50001 1 
v 221.5 1.50001 -1 
v 225.5 1.50001 -1 
v 225.5 1.50001 1 
v 221.5 1.50001 1 
v 225.5 0.500008 1 
v 221.5 0.500008 1 
v 221.5 1.50001 1 
v 221.5 1.50001 -1 
v 221.5 0.500008 1 
v 221.5 0.500008 -1 
v 221.5 0.500008 -1 
v 225.5 0.500008 -1 
v 221.5 0.500008 1 
v 225.5 0.500008 1 
v 221.5 1.50001 -1 
v 225.5 1.50001 -1 
v 221.5 0.500008 -1 
v 225.5 0.500008 -1 

vn 1 0 0 
vn 1 0 0 
vn 1 0 0 
vn 1 0 0 
vn 0 1 0 
vn 0 1 0 
vn 0 1 0 
vn 0 1 0 
vn 0 0 1 
vn 0 0 1 
vn 0 0 1 
vn 0 0 1 
vn -1 0 0 
vn -1 0 0 
vn -1 0 0 
vn -1 0 0 
vn 0 -1 0 
vn 0 -1 0 
vn 0 -1 0 
vn 0 -1 0 
vn 0 0 -1 
vn 0 0 -1 
vn 0 0 -1 
vn 0 0 -1 

vt 4.25 -0.5 
vt 4 -0.5 
vt 4.25 -0.625 
vt 4 -0.625 
vt 4.5 -0.5 
vt 4 -0.5 
vt 4.5 -0.75 
vt 4 -0.75 
vt 4.5 -0.5 
vt 4 -0.5 
vt 4.5 -0.625 
vt 4 -0.625 
vt 4.25 -0.5 
vt 4 -0.5 
vt 4.25 -0.625 
vt 4 -0.625 
vt 4.5 -0.5 
vt 4 -0.5 
vt 4.5 -0.75 
vt 4 -0.75 
vt 4.5 -0.5 
vt 4 -0.5 
vt 4.5 -0.625 
vt 4 -0.625 

usemtl Part9Mtl

f 193/193/193 194/194/194 195/195/195 
f 195/195/195 194/194/194 196/196/196 
f 197/197/197 198/198/198 199/199/199 
f 199/199/199 198/198/198 200/200/200 
f 201/201/201 202/202/202 203/203/203 
f 203/203/203 202/202/202 204/204/204 
f 205/205/205 206/206/206 207/207/207 
f 207/207/207 206/206/206 208/208/208 
f 209/209/209 210/210/210 211/211/211 
f 211/211/211 210/210/210 212/212/212 
f 213/213/213 214/214/214 215/215/215 
f 215/215/215 214/214/214 216/216/216 

g Part10

v -30.4905 -76.472 159.31 
v -30.4905 -76.472 160.06 
v -30.4905 -77.472 159.31 
v -30.4905 -77.472 160.06 
v -34.7595 -76.472 160.06 
v -30.4905 -76.472 160.06 
v -34.7595 -76.472 159.31 
v -30.4905 -76.472 159.31 
v -30.4905 -76.472 160.06 
v -34.7595 -76.472 160.06 
v -30.4905 -77.472 160.06 
v -34.7595 -77.472 160.06 
v -34.7595 -76.472 160.06 
v -34.7595 -76.472 159.31 
v -34.7595 -77.472 160.06 
v -34.7595 -77.472 159.31 
v -34.7595 -77.472 159.31 
v -30.4905 -77.472 159.31 
v -34.7595 -77.472 160.06 
v -30.4905 -77.472 160.06 
v -34.7595 -76.472 159.31 
v -30.4905 -76.472 159.31 
v -34.7595 -77.472 159.31 
v -30.4905 -77.472 159.31 

vn 1 0 0 
vn 1 0 0 
vn 1 0 0 
vn 1 0 0 
vn 0 1 0 
vn 0 1 0 
vn 0 1 0 
vn 0 1 0 
vn 0 0 1 
vn 0 0 1 
vn 0 0 1 
vn 0 0 1 
vn -1 0 0 
vn -1 0 0 
vn -1 0 0 
vn -1 0 0 
vn 0 -1 0 
vn 0 -1 0 
vn 0 -1 0 
vn 0 -1 0 
vn 0 0 -1 
vn 0 0 -1 
vn 0 0 -1 
vn 0 0 -1 

vt 4.21875 -4 
vt 4.125 -4 
vt 4.21875 -4.125 
vt 4.125 -4.125 
vt 4.65862 -4 
vt 4.125 -4 
vt 4.65862 -4.09375 
vt 4.125 -4.09375 
vt 4.65862 -4 
vt 4.125 -4 
vt 4.65862 -4.125 
vt 4.125 -4.125 
vt 4.21875 -4 
vt 4.125 -4 
vt 4.21875 -4.125 
vt 4.125 -4.125 
vt 4.65862 -4 
vt 4.125 -4 
vt 4.65862 -4.09375 
vt 4.125 -4.09375 
vt 4.65862 -4 
vt 4.125 -4 
vt 4.65862 -4.125 
vt 4.125 -4.125 

usemtl Part10Mtl

f 217/217/217 218/218/218 219/219/219 
f 219/219/219 218/218/218 220/220/220 
f 221/221/221 222/222/222 223/223/223 
f 223/223/223 222/222/222 224/224/224 
f 225/225/225 226/226/226 227/227/227 
f 227/227/227 226/226/226 228/228/228 
f 229/229/229 230/230/230 231/231/231 
f 231/231/231 230/230/230 232/232/232 
f 233/233/233 234/234/234 235/235/235 
f 235/235/235 234/234/234 236/236/236 
f 237/237/237 238/238/238 239/239/239 
f 239/239/239 238/238/238 240/240/240 

g Part11

v 1.76951 -101.294 119.202 
v 1.76951 -101.294 110.113 
v 1.76951 -101.493 119.202 
v 1.76951 -101.493 110.113 
v 19.769 -101.294 110.113 
v 1.76951 -101.294 110.113 
v 19.769 -101.294 119.202 
v 1.76951 -101.294 119.202 
v 1.76951 -101.294 110.113 
v 19.769 -101.294 110.113 
v 1.76951 -101.493 110.113 
v 19.769 -101.493 110.113 
v 19.769 -101.294 110.113 
v 19.769 -101.294 119.202 
v 19.769 -101.493 110.113 
v 19.769 -101.493 119.202 
v 19.769 -101.493 119.202 
v 1.76951 -101.493 119.202 
v 19.769 -101.493 110.113 
v 1.76951 -101.493 110.113 
v 19.769 -101.294 119.202 
v 1.76951 -101.294 119.202 
v 19.769 -101.493 119.202 
v 1.76951 -101.493 119.202 

vn -1 0 0 
vn -1 0 0 
vn -1 0 0 
vn -1 0 0 
vn 0 1 0 
vn 0 1 0 
vn 0 1 0 
vn 0 1 0 
vn 0 0 -1 
vn 0 0 -1 
vn 0 0 -1 
vn 0 0 -1 
vn 1 0 0 
vn 1 0 0 
vn 1 0 0 
vn 1 0 0 
vn 0 -1 0 
vn 0 -1 0 
vn 0 -1 0 
vn 0 -1 0 
vn 0 0 1 
vn 0 0 1 
vn 0 0 1 
vn 0 0 1 

vt 0.429776 0.359894 
vt -0.479201 0.359894 
vt 0.429776 0.339994 
vt -0.479201 0.339994 
vt 1.32075 0.359894 
vt -0.479201 0.359894 
vt 1.32075 -0.549083 
vt -0.479201 -0.549083 
vt 1.32075 0.359894 
vt -0.479201 0.359894 
vt 1.32075 0.339994 
vt -0.479201 0.339994 
vt 0.429776 0.359894 
vt -0.479201 0.359894 
vt 0.429776 0.339994 
vt -0.479201 0.339994 
vt 1.32075 0.359894 
vt -0.479201 0.359894 
vt 1.32075 -0.549083 
vt -0.479201 -0.549083 
vt 1.32075 0.359894 
vt -0.479201 0.359894 
vt 1.32075 0.339994 
vt -0.479201 0.339994 

usemtl Part11Mtl

f 241/241/241 242/242/242 243/243/243 
f 243/243/243 242/242/242 244/244/244 
f 245/245/245 246/246/246 247/247/247 
f 247/247/247 246/246/246 248/248/248 
f 249/249/249 250/250/250 251/251/251 
f 251/251/251 250/250/250 252/252/252 
f 253/253/253 254/254/254 255/255/255 
f 255/255/255 254/254/254 256/256/256 
f 257/257/257 258/258/258 259/259/259 
f 259/259/259 258/258/258 260/260/260 
f 261/261/261 262/262/262 263/263/263 
f 263/263/263 262/262/262 264/264/264 

g Part12

v -139.639 24.7005 -230.167 
v -158.986 24.7005 -241.337 
v -139.639 5.38148 -230.167 
v -158.986 5.38148 -241.337 
v -149.404 24.7005 -257.933 
v -158.986 24.7005 -241.337 
v -130.057 24.7005 -246.763 
v -139.639 24.7005 -230.167 
v -158.986 24.7005 -241.337 
v -149.404 24.7005 -257.933 
v -158.986 5.38148 -241.337 
v -149.404 5.38148 -257.933 
v -149.404 24.7005 -257.933 
v -130.057 24.7005 -246.763 
v -149.404 5.38148 -257.933 
v -130.057 5.38148 -246.763 
v -130.057 5.38148 -246.763 
v -139.639 5.38148 -230.167 
v -149.404 5.38148 -257.933 
v -158.986 5.38148 -241.337 
v -130.057 24.7005 -246.763 
v -139.639 24.7005 -230.167 
v -130.057 5.38148 -246.763 
v -139.639 5.38148 -230.167 

vn -0.496063 0 0.866142 
vn -0.496063 0 0.866142 
vn -0.496063 0 0.866142 
vn -0.496063 0 0.866142 
vn 0 1 0 
vn 0 1 0 
vn 0 1 0 
vn 0 1 0 
vn -0.866142 0 -0.496063 
vn -0.866142 0 -0.496063 
vn -0.866142 0 -0.496063 
vn -0.866142 0 -0.496063 
vn 0.503937 0 -0.866142 
vn 0.503937 0 -0.866142 
vn 0.503937 0 -0.866142 
vn 0.503937 0 -0.866142 
vn 0 -1 0 
vn 0 -1 0 
vn 0 -1 0 
vn 0 -1 0 
vn 0.866142 0 0.503937 
vn 0.866142 0 0.503937 
vn 0.866142 0 0.503937 
vn 0.866142 0 0.503937 

vt 1.47396 3.74584 
vt -0.760016 3.74584 
vt 1.47396 1.81394 
vt -0.760016 1.81394 
vt 1.15638 3.74584 
vt -0.760016 3.74584 
vt 1.15638 1.51187 
vt -0.760016 1.51187 
vt 1.15638 3.74584 
vt -0.760016 3.74584 
vt 1.15638 1.81394 
vt -0.760016 1.81394 
vt 1.47396 3.74584 
vt -0.760016 3.74584 
vt 1.47396 1.81394 
vt -0.760016 1.81394 
vt 1.15638 3.74584 
vt -0.760016 3.74584 
vt 1.15638 1.51187 
vt -0.760016 1.51187 
vt 1.15638 3.74584 
vt -0.760016 3.74584 
vt 1.15638 1.81394 
vt -0.760016 1.81394 

usemtl Part12Mtl

f 265/265/265 266/266/266 267/267/267 
f 267/267/267 266/266/266 268/268/268 
f 269/269/269 270/270/270 271/271/271 
f 271/271/271 270/270/270 272/272/272 
f 273/273/273 274/274/274 275/275/275 
f 275/275/275 274/274/274 276/276/276 
f 277/277/277 278/278/278 279/279/279 
f 279/279/279 278/278/278 280/280/280 
f 281/281/281 282/282/282 283/283/283 
f 283/283/283 282/282/282 284/284/284 
f 285/285/285 286/286/286 287/287/287 
f 287/287/287 286/286/286 288/288/288 

g Part13

v 12.7429 11.3831 -94.8245 
v 18.3278 9.88662 -116.403 
v 7.74303 -7.27666 -94.8245 
v 13.328 -8.77314 -116.403 
v 71.6625 -4.40436 -101.608 
v 18.3278 9.88662 -116.403 
v 66.0776 -2.90788 -80.0293 
v 12.7429 11.3831 -94.8245 
v 18.3278 9.88662 -116.403 
v 71.6625 -4.40436 -101.608 
v 13.328 -8.77314 -116.403 
v 66.6627 -23.0641 -101.608 
v 71.6625 -4.40436 -101.608 
v 66.0776 -2.90788 -80.0293 
v 66.6627 -23.0641 -101.608 
v 61.0777 -21.5676 -80.0293 
v 61.0777 -21.5676 -80.0293 
v 7.74303 -7.27666 -94.8245 
v 66.6627 -23.0641 -101.608 
v 13.328 -8.77314 -116.403 
v 66.0776 -2.90788 -80.0293 
v 12.7429 11.3831 -94.8245 
v 61.0777 -21.5676 -80.0293 
v 7.74303 -7.27666 -94.8245 

vn -0.929134 0.251969 -0.259843 
vn -0.929134 0.251969 -0.259843 
vn -0.929134 0.251969 -0.259843 
vn -0.929134 0.251969 -0.259843 
vn 0.259843 0.968504 0 
vn 0.259843 0.968504 0 
vn 0.259843 0.968504 0 
vn 0.259843 0.968504 0 
vn 0.251969 -0.0708661 -0.968504 
vn 0.251969 -0.0708661 -0.968504 
vn 0.251969 -0.0708661 -0.968504 
vn 0.251969 -0.0708661 -0.968504 
vn 0.929134 -0.251969 0.259843 
vn 0.929134 -0.251969 0.259843 
vn 0.929134 -0.251969 0.259843 
vn 0.929134 -0.251969 0.259843 
vn -0.259843 -0.968504 0 
vn -0.259843 -0.968504 0 
vn -0.259843 -0.968504 0 
vn -0.259843 -0.968504 0 
vn -0.251969 0.0708661 0.968504 
vn -0.251969 0.0708661 0.968504 
vn -0.251969 0.0708661 0.968504 
vn -0.251969 0.0708661 0.968504 

vt -0.283053 -3.55693 
vt -2.51703 -3.55693 
vt -0.283053 -5.48873 
vt -2.51703 -5.48873 
vt 3.19937 -3.55693 
vt -2.51703 -3.55693 
vt 3.19937 -5.7909 
vt -2.51703 -5.7909 
vt 3.19937 -3.55693 
vt -2.51703 -3.55693 
vt 3.19937 -5.48873 
vt -2.51703 -5.48873 
vt -0.283053 -3.55693 
vt -2.51703 -3.55693 
vt -0.283053 -5.48873 
vt -2.51703 -5.48873 
vt 3.19937 -3.55693 
vt -2.51703 -3.55693 
vt 3.19937 -5.7909 
vt -2.51703 -5.7909 
vt 3.19937 -3.55693 
vt -2.51703 -3.55693 
vt 3.19937 -5.48873 
vt -2.51703 -5.48873 

usemtl Part13Mtl

f 289/289/289 290/290/290 291/291/291 
f 291/291/291 290/290/290 292/292/292 
f 293/293/293 294/294/294 295/295/295 
f 295/295/295 294/294/294 296/296/296 
f 297/297/297 298/298/298 299/299/299 
f 299/299/299 298/298/298 300/300/300 
f 301/301/301 302/302/302 303/303/303 
f 303/303/303 302/302/302 304/304/304 
f 305/305/305 306/306/306 307/307/307 
f 307/307/307 306/306/306 308/308/308 
f 309/309/309 310/310/310 311/311/311 
f 311/311/311 310/310/310 312/312/312 

g Part14

v -34.4524 7.81848 -109.628 
v -30.2233 7.81848 -125.411 
v -34.4524 -3.49952 -109.628 
v -30.2233 -3.49952 -125.411 
v 24.9928 7.81849 -110.616 
v -30.2233 7.81848 -125.411 
v 20.7638 7.81849 -94.8328 
v -34.4524 7.81848 -109.628 
v -30.2233 7.81848 -125.411 
v 24.9928 7.81849 -110.616 
v -30.2233 -3.49952 -125.411 
v 24.9928 -3.49951 -110.616 
v 24.9928 7.81849 -110.616 
v 20.7638 7.81849 -94.8328 
v 24.9928 -3.49951 -110.616 
v 20.7638 -3.49951 -94.8328 
v 20.7638 -3.49951 -94.8328 
v -34.4524 -3.49952 -109.628 
v 24.9928 -3.49951 -110.616 
v -30.2233 -3.49952 -125.411 
v 20.7638 7.81849 -94.8328 
v -34.4524 7.81848 -109.628 
v 20.7638 -3.49951 -94.8328 
v -34.4524 -3.49952 -109.628 

vn -0.968504 0 -0.259843 
vn -0.968504 0 -0.259843 
vn -0.968504 0 -0.259843 
vn -0.968504 0 -0.259843 
vn 0 1 0 
vn 0 1 0 
vn 0 1 0 
vn 0 1 0 
vn 0.259843 0 -0.968504 
vn 0.259843 0 -0.968504 
vn 0.259843 0 -0.968504 
vn 0.259843 0 -0.968504 
vn 0.968504 0 0.259843 
vn 0.968504 0 0.259843 
vn 0.968504 0 0.259843 
vn 0.968504 0 0.259843 
vn 0 -1 0 
vn 0 -1 0 
vn 0 -1 0 
vn 0 -1 0 
vn -0.259843 0 0.968504 
vn -0.259843 0 0.968504 
vn -0.259843 0 0.968504 
vn -0.259843 0 0.968504 

vt 3.32888 4.32204 
vt 1.69491 4.32204 
vt 3.32888 3.19024 
vt 1.69491 3.19024 
vt 7.41131 4.32204 
vt 1.69491 4.32204 
vt 7.41131 2.68807 
vt 1.69491 2.68807 
vt 7.41131 4.32204 
vt 1.69491 4.32204 
vt 7.41131 3.19024 
vt 1.69491 3.19024 
vt 3.32888 4.32204 
vt 1.69491 4.32204 
vt 3.32888 3.19024 
vt 1.69491 3.19024 
vt 7.41131 4.32204 
vt 1.69491 4.32204 
vt 7.41131 2.68807 
vt 1.69491 2.68807 
vt 7.41131 4.32204 
vt 1.69491 4.32204 
vt 7.41131 3.19024 
vt 1.69491 3.19024 

usemtl Part13Mtl

f 313/313/313 314/314/314 315/315/315 
f 315/315/315 314/314/314 316/316/316 
f 317/317/317 318/318/318 319/319/319 
f 319/319/319 318/318/318 320/320/320 
f 321/321/321 322/322/322 323/323/323 
f 323/323/323 322/322/322 324/324/324 
f 325/325/325 326/326/326 327/327/327 
f 327/327/327 326/326/326 328/328/328 
f 329/329/329 330/330/330 331/331/331 
f 331/331/331 330/330/330 332/332/332 
f 333/333/333 334/334/334 335/335/335 
f 335/335/335 334/334/334 336/336/336 

g Part15

v -231.716 32.2532 -205.833 
v -256.702 32.2532 -191.407 
v -231.716 4.37176 -205.833 
v -256.702 4.37176 -191.407 
v -262.203 32.2532 -200.935 
v -256.702 32.2532 -191.407 
v -237.216 32.2532 -215.361 
v -231.716 32.2532 -205.833 
v -256.702 32.2532 -191.407 
v -262.203 32.2532 -200.935 
v -256.702 4.37176 -191.407 
v -262.203 4.37176 -200.935 
v -262.203 32.2532 -200.935 
v -237.216 32.2532 -215.361 
v -262.203 4.37176 -200.935 
v -237.216 4.37176 -215.361 
v -237.216 4.37176 -215.361 
v -231.716 4.37176 -205.833 
v -262.203 4.37176 -200.935 
v -256.702 4.37176 -191.407 
v -237.216 32.2532 -215.361 
v -231.716 32.2532 -205.833 
v -237.216 4.37176 -215.361 
v -231.716 4.37176 -205.833 

vn 0.503937 0 0.866142 
vn 0.503937 0 0.866142 
vn 0.503937 0 0.866142 
vn 0.503937 0 0.866142 
vn 0 1 0 
vn 0 1 0 
vn 0 1 0 
vn 0 1 0 
vn -0.866142 0 0.503937 
vn -0.866142 0 0.503937 
vn -0.866142 0 0.503937 
vn -0.866142 0 0.503937 
vn -0.503937 0 -0.866142 
vn -0.503937 0 -0.866142 
vn -0.503937 0 -0.866142 
vn -0.503937 0 -0.866142 
vn 0 -1 0 
vn 0 -1 0 
vn 0 -1 0 
vn 0 -1 0 
vn 0.866142 0 -0.503937 
vn 0.866142 0 -0.503937 
vn 0.866142 0 -0.503937 
vn 0.866142 0 -0.503937 

vt 4.23871 4.37401 
vt 1.35348 4.37401 
vt 4.23871 1.58587 
vt 1.35348 1.58587 
vt 2.45363 4.37401 
vt 1.35348 4.37401 
vt 2.45363 1.48879 
vt 1.35348 1.48879 
vt 2.45363 4.37401 
vt 1.35348 4.37401 
vt 2.45363 1.58587 
vt 1.35348 1.58587 
vt 4.23871 4.37401 
vt 1.35348 4.37401 
vt 4.23871 1.58587 
vt 1.35348 1.58587 
vt 2.45363 4.37401 
vt 1.35348 4.37401 
vt 2.45363 1.48879 
vt 1.35348 1.48879 
vt 2.45363 4.37401 
vt 1.35348 4.37401 
vt 2.45363 1.58587 
vt 1.35348 1.58587 

usemtl Part15Mtl

f 337/337/337 338/338/338 339/339/339 
f 339/339/339 338/338/338 340/340/340 
f 341/341/341 342/342/342 343/343/343 
f 343/343/343 342/342/342 344/344/344 
f 345/345/345 346/346/346 347/347/347 
f 347/347/347 346/346/346 348/348/348 
f 349/349/349 350/350/350 351/351/351 
f 351/351/351 350/350/350 352/352/352 
f 353/353/353 354/354/354 355/355/355 
f 355/355/355 354/354/354 356/356/356 
f 357/357/357 358/358/358 359/359/359 
f 359/359/359 358/358/358 360/360/360 

g Part16

v 235.091 3.81898 133.358 
v 235.091 3.81898 140.698 
v 235.091 0.5 133.358 
v 235.091 0.5 140.698 
v 227.927 3.81898 140.698 
v 235.091 3.81898 140.698 
v 227.927 3.81898 133.358 
v 235.091 3.81898 133.358 
v 235.091 3.81898 140.698 
v 227.927 3.81898 140.698 
v 235.091 0.5 140.698 
v 227.927 0.5 140.698 
v 227.927 3.81898 140.698 
v 227.927 3.81898 133.358 
v 227.927 0.5 140.698 
v 227.927 0.5 133.358 
v 227.927 0.5 133.358 
v 235.091 0.5 133.358 
v 227.927 0.5 140.698 
v 235.091 0.5 140.698 
v 227.927 3.81898 133.358 
v 235.091 3.81898 133.358 
v 227.927 0.5 133.358 
v 235.091 0.5 133.358 

vn 1 0 0 
vn 1 0 0 
vn 1 0 0 
vn 1 0 0 
vn 0 1 0 
vn 0 1 0 
vn 0 1 0 
vn 0 1 0 
vn 0 0 1 
vn 0 0 1 
vn 0 0 1 
vn 0 0 1 
vn -1 0 0 
vn -1 0 0 
vn -1 0 0 
vn -1 0 0 
vn 0 -1 0 
vn 0 -1 0 
vn 0 -1 0 
vn 0 -1 0 
vn 0 0 -1 
vn 0 0 -1 
vn 0 0 -1 
vn 0 0 -1 

vt 0.334174 1.28629 
vt -0.399803 1.28629 
vt 0.334174 0.954388 
vt -0.399803 0.954388 
vt 0.316594 1.28629 
vt -0.399803 1.28629 
vt 0.316594 0.55231 
vt -0.399803 0.55231 
vt 0.316594 1.28629 
vt -0.399803 1.28629 
vt 0.316594 0.954388 
vt -0.399803 0.954388 
vt 0.334174 1.28629 
vt -0.399803 1.28629 
vt 0.334174 0.954388 
vt -0.399803 0.954388 
vt 0.316594 1.28629 
vt -0.399803 1.28629 
vt 0.316594 0.55231 
vt -0.399803 0.55231 
vt 0.316594 1.28629 
vt -0.399803 1.28629 
vt 0.316594 0.954388 
vt -0.399803 0.954388 

usemtl Part16Mtl

f 361/361/361 362/362/362 363/363/363 
f 363/363/363 362/362/362 364/364/364 
f 365/365/365 366/366/366 367/367/367 
f 367/367/367 366/366/366 368/368/368 
f 369/369/369 370/370/370 371/371/371 
f 371/371/371 370/370/370 372/372/372 
f 373/373/373 374/374/374 375/375/375 
f 375/375/375 374/374/374 376/376/376 
f 377/377/377 378/378/378 379/379/379 
f 379/379/379 378/378/378 380/380/380 
f 381/381/381 382/382/382 383/383/383 
f 383/383/383 382/382/382 384/384/384 

g Part17

v 280.06 28.7845 74.9738 
v 302.005 28.7845 62.3039 
v 280.06 27.7845 74.9738 
v 302.005 27.7845 62.3039 
v 320.587 28.7845 94.4889 
v 302.005 28.7845 62.3039 
v 298.642 28.7845 107.159 
v 280.06 28.7845 74.9738 
v 302.005 28.7845 62.3039 
v 320.587 28.7845 94.4889 
v 302.005 27.7845 62.3039 
v 320.587 27.7845 94.4889 
v 320.587 28.7845 94.4889 
v 298.642 28.7845 107.159 
v 320.587 27.7845 94.4889 
v 298.642 27.7845 107.159 
v 298.642 27.7845 107.159 
v 280.06 27.7845 74.9738 
v 320.587 27.7845 94.4889 
v 302.005 27.7845 62.3039 
v 298.642 28.7845 107.159 
v 280.06 28.7845 74.9738 
v 298.642 27.7845 107.159 
v 280.06 27.7845 74.9738 

vn -0.503937 0 -0.866142 
vn -0.503937 0 -0.866142 
vn -0.503937 0 -0.866142 
vn -0.503937 0 -0.866142 
vn 0 1 0 
vn 0 1 0 
vn 0 1 0 
vn 0 1 0 
vn 0.866142 0 -0.503937 
vn 0.866142 0 -0.503937 
vn 0.866142 0 -0.503937 
vn 0.866142 0 -0.503937 
vn 0.503937 0 0.866142 
vn 0.503937 0 0.866142 
vn 0.503937 0 0.866142 
vn 0.503937 0 0.866142 
vn 0 -1 0 
vn 0 -1 0 
vn 0 -1 0 
vn 0 -1 0 
vn -0.866142 0 0.503937 
vn -0.866142 0 0.503937 
vn -0.866142 0 0.503937 
vn -0.866142 0 0.503937 

vt 5.69062 0.178738 
vt 3.15664 0.178738 
vt 5.69062 0.0787381 
vt 3.15664 0.0787381 
vt 6.87304 0.178738 
vt 3.15664 0.178738 
vt 6.87304 -2.35524 
vt 3.15664 -2.35524 
vt 6.87304 0.178738 
vt 3.15664 0.178738 
vt 6.87304 0.0787381 
vt 3.15664 0.0787381 
vt 5.69062 0.178738 
vt 3.15664 0.178738 
vt 5.69062 0.0787381 
vt 3.15664 0.0787381 
vt 6.87304 0.178738 
vt 3.15664 0.178738 
vt 6.87304 -2.35524 
vt 3.15664 -2.35524 
vt 6.87304 0.178738 
vt 3.15664 0.178738 
vt 6.87304 0.0787381 
vt 3.15664 0.0787381 

usemtl Part17Mtl

f 385/385/385 386/386/386 387/387/387 
f 387/387/387 386/386/386 388/388/388 
f 389/389/389 390/390/390 391/391/391 
f 391/391/391 390/390/390 392/392/392 
f 393/393/393 394/394/394 395/395/395 
f 395/395/395 394/394/394 396/396/396 
f 397/397/397 398/398/398 399/399/399 
f 399/399/399 398/398/398 400/400/400 
f 401/401/401 402/402/402 403/403/403 
f 403/403/403 402/402/402 404/404/404 
f 405/405/405 406/406/406 407/407/407 
f 407/407/407 406/406/406 408/408/408 

g Part18

v 247.551 28.8294 184.534 
v 265.469 28.8294 166.616 
v 247.551 27.8294 184.534 
v 265.469 27.8294 166.616 
v 291.748 28.8294 192.894 
v 265.469 28.8294 166.616 
v 273.83 28.8294 210.812 
v 247.551 28.8294 184.534 
v 265.469 28.8294 166.616 
v 291.748 28.8294 192.894 
v 265.469 27.8294 166.616 
v 291.748 27.8294 192.894 
v 291.748 28.8294 192.894 
v 273.83 28.8294 210.812 
v 291.748 27.8294 192.894 
v 273.83 27.8294 210.812 
v 273.83 27.8294 210.812 
v 247.551 27.8294 184.534 
v 291.748 27.8294 192.894 
v 265.469 27.8294 166.616 
v 273.83 28.8294 210.812 
v 247.551 28.8294 184.534 
v 273.83 27.8294 210.812 
v 247.551 27.8294 184.534 

vn -0.708661 0 -0.708661 
vn -0.708661 0 -0.708661 
vn -0.708661 0 -0.708661 
vn -0.708661 0 -0.708661 
vn 0 1 0 
vn 0 1 0 
vn 0 1 0 
vn 0 1 0 
vn 0.708661 0 -0.708661 
vn 0.708661 0 -0.708661 
vn 0.708661 0 -0.708661 
vn 0.708661 0 -0.708661 
vn 0.708661 0 0.708661 
vn 0.708661 0 0.708661 
vn 0.708661 0 0.708661 
vn 0.708661 0 0.708661 
vn 0 -1 0 
vn 0 -1 0 
vn 0 -1 0 
vn 0 -1 0 
vn -0.708661 0 0.708661 
vn -0.708661 0 0.708661 
vn -0.708661 0 0.708661 
vn -0.708661 0 0.708661 

vt 0.0468527 -1.64337 
vt -2.48712 -1.64337 
vt 0.0468527 -1.74337 
vt -2.48712 -1.74337 
vt 1.22927 -1.64337 
vt -2.48712 -1.64337 
vt 1.22927 -4.17734 
vt -2.48712 -4.17734 
vt 1.22927 -1.64337 
vt -2.48712 -1.64337 
vt 1.22927 -1.74337 
vt -2.48712 -1.74337 
vt 0.0468527 -1.64337 
vt -2.48712 -1.64337 
vt 0.0468527 -1.74337 
vt -2.48712 -1.74337 
vt 1.22927 -1.64337 
vt -2.48712 -1.64337 
vt 1.22927 -4.17734 
vt -2.48712 -4.17734 
vt 1.22927 -1.64337 
vt -2.48712 -1.64337 
vt 1.22927 -1.74337 
vt -2.48712 -1.74337 

usemtl Part17Mtl

f 409/409/409 410/410/410 411/411/411 
f 411/411/411 410/410/410 412/412/412 
f 413/413/413 414/414/414 415/415/415 
f 415/415/415 414/414/414 416/416/416 
f 417/417/417 418/418/418 419/419/419 
f 419/419/419 418/418/418 420/420/420 
f 421/421/421 422/422/422 423/423/423 
f 423/423/423 422/422/422 424/424/424 
f 425/425/425 426/426/426 427/427/427 
f 427/427/427 426/426/426 428/428/428 
f 429/429/429 430/430/430 431/431/431 
f 431/431/431 430/430/430 432/432/432 

g Part19

v 139.45 13.819 -231.174 
v 123.568 13.819 -240.344 
v 139.45 0.5 -231.174 
v 123.568 0.5 -240.344 
v 134.65 13.819 -259.538 
v 123.568 13.819 -240.344 
v 150.532 13.819 -250.368 
v 139.45 13.819 -231.174 
v 123.568 13.819 -240.344 
v 134.65 13.819 -259.538 
v 123.568 0.5 -240.344 
v 134.65 0.5 -259.538 
v 134.65 13.819 -259.538 
v 150.532 13.819 -250.368 
v 134.65 0.5 -259.538 
v 150.532 0.5 -250.368 
v 150.532 0.5 -250.368 
v 139.45 0.5 -231.174 
v 134.65 0.5 -259.538 
v 123.568 0.5 -240.344 
v 150.532 13.819 -250.368 
v 139.45 13.819 -231.174 
v 150.532 0.5 -250.368 
v 139.45 0.5 -231.174 

vn -0.496063 0 0.866142 
vn -0.496063 0 0.866142 
vn -0.496063 0 0.866142 
vn -0.496063 0 0.866142 
vn 0 1 0 
vn 0 1 0 
vn 0 1 0 
vn 0 1 0 
vn -0.866142 0 -0.496063 
vn -0.866142 0 -0.496063 
vn -0.866142 0 -0.496063 
vn -0.866142 0 -0.496063 
vn 0.496063 0 -0.866142 
vn 0.496063 0 -0.866142 
vn 0.496063 0 -0.866142 
vn 0.496063 0 -0.866142 
vn 0 -1 0 
vn 0 -1 0 
vn 0 -1 0 
vn 0 -1 0 
vn 0.866142 0 0.496063 
vn 0.866142 0 0.496063 
vn 0.866142 0 0.496063 
vn 0.866142 0 0.496063 

vt 0.226523 3.3172 
vt -1.60745 3.3172 
vt 0.226523 1.9853 
vt -1.60745 1.9853 
vt 0.608944 3.3172 
vt -1.60745 3.3172 
vt 0.608944 1.48322 
vt -1.60745 1.48322 
vt 0.608944 3.3172 
vt -1.60745 3.3172 
vt 0.608944 1.9853 
vt -1.60745 1.9853 
vt 0.226523 3.3172 
vt -1.60745 3.3172 
vt 0.226523 1.9853 
vt -1.60745 1.9853 
vt 0.608944 3.3172 
vt -1.60745 3.3172 
vt 0.608944 1.48322 
vt -1.60745 1.48322 
vt 0.608944 3.3172 
vt -1.60745 3.3172 
vt 0.608944 1.9853 
vt -1.60745 1.9853 

usemtl Part16Mtl

f 433/433/433 434/434/434 435/435/435 
f 435/435/435 434/434/434 436/436/436 
f 437/437/437 438/438/438 439/439/439 
f 439/439/439 438/438/438 440/440/440 
f 441/441/441 442/442/442 443/443/443 
f 443/443/443 442/442/442 444/444/444 
f 445/445/445 446/446/446 447/447/447 
f 447/447/447 446/446/446 448/448/448 
f 449/449/449 450/450/450 451/451/451 
f 451/451/451 450/450/450 452/452/452 
f 453/453/453 454/454/454 455/455/455 
f 455/455/455 454/454/454 456/456/456 

g Part20

v -292.628 29.0195 -159.37 
v -310.343 29.0195 -164.117 
v -292.628 19.7005 -159.37 
v -310.343 19.7005 -164.117 
v -305.642 29.0195 -181.662 
v -310.343 29.0195 -164.117 
v -287.927 29.0195 -176.915 
v -292.628 29.0195 -159.37 
v -310.343 29.0195 -164.117 
v -305.642 29.0195 -181.662 
v -310.343 19.7005 -164.117 
v -305.642 19.7005 -181.662 
v -305.642 29.0195 -181.662 
v -287.927 29.0195 -176.915 
v -305.642 19.7005 -181.662 
v -287.927 19.7005 -176.915 
v -287.927 19.7005 -176.915 
v -292.628 19.7005 -159.37 
v -305.642 19.7005 -181.662 
v -310.343 19.7005 -164.117 
v -287.927 29.0195 -176.915 
v -292.628 29.0195 -159.37 
v -287.927 19.7005 -176.915 
v -292.628 19.7005 -159.37 

vn -0.259843 0 0.968504 
vn -0.259843 0 0.968504 
vn -0.259843 0 0.968504 
vn -0.259843 0 0.968504 
vn 0 1 0 
vn 0 1 0 
vn 0 1 0 
vn 0 1 0 
vn -0.968504 0 -0.259843 
vn -0.968504 0 -0.259843 
vn -0.968504 0 -0.259843 
vn -0.968504 0 -0.259843 
vn 0.259843 0 -0.968504 
vn 0.259843 0 -0.968504 
vn 0.259843 0 -0.968504 
vn 0.259843 0 -0.968504 
vn 0 -1 0 
vn 0 -1 0 
vn 0 -1 0 
vn 0 -1 0 
vn 0.968504 0 0.259843 
vn 0.968504 0 0.259843 
vn 0.968504 0 0.259843 
vn 0.968504 0 0.259843 

vt 2.78301 -0.496863 
vt 0.94903 -0.496863 
vt 2.78301 -1.42876 
vt 0.94903 -1.42876 
vt 2.76543 -0.496863 
vt 0.94903 -0.496863 
vt 2.76543 -2.33084 
vt 0.94903 -2.33084 
vt 2.76543 -0.496863 
vt 0.94903 -0.496863 
vt 2.76543 -1.42876 
vt 0.94903 -1.42876 
vt 2.78301 -0.496863 
vt 0.94903 -0.496863 
vt 2.78301 -1.42876 
vt 0.94903 -1.42876 
vt 2.76543 -0.496863 
vt 0.94903 -0.496863 
vt 2.76543 -2.33084 
vt 0.94903 -2.33084 
vt 2.76543 -0.496863 
vt 0.94903 -0.496863 
vt 2.76543 -1.42876 
vt 0.94903 -1.42876 

usemtl Part16Mtl

f 457/457/457 458/458/458 459/459/459 
f 459/459/459 458/458/458 460/460/460 
f 461/461/461 462/462/462 463/463/463 
f 463/463/463 462/462/462 464/464/464 
f 465/465/465 466/466/466 467/467/467 
f 467/467/467 466/466/466 468/468/468 
f 469/469/469 470/470/470 471/471/471 
f 471/471/471 470/470/470 472/472/472 
f 473/473/473 474/474/474 475/475/475 
f 475/475/475 474/474/474 476/476/476 
f 477/477/477 478/478/478 479/479/479 
f 479/479/479 478/478/478 480/480/480 

g Part21

v -13.9607 -94.181 -125.894 
v -27.2453 -94.181 -133.564 
v -13.9607 -101.5 -125.894 
v -27.2453 -101.5 -133.564 
v -15.6633 -94.181 -153.624 
v -27.2453 -94.181 -133.564 
v -2.37874 -94.181 -145.954 
v -13.9607 -94.181 -125.894 
v -27.2453 -94.181 -133.564 
v -15.6633 -94.181 -153.624 
v -27.2453 -101.5 -133.564 
v -15.6633 -101.5 -153.624 
v -15.6633 -94.181 -153.624 
v -2.37874 -94.181 -145.954 
v -15.6633 -101.5 -153.624 
v -2.37874 -101.5 -145.954 
v -2.37874 -101.5 -145.954 
v -13.9607 -101.5 -125.894 
v -15.6633 -101.5 -153.624 
v -27.2453 -101.5 -133.564 
v -2.37874 -94.181 -145.954 
v -13.9607 -94.181 -125.894 
v -2.37874 -101.5 -145.954 
v -13.9607 -101.5 -125.894 

vn -0.496063 0 0.866142 
vn -0.496063 0 0.866142 
vn -0.496063 0 0.866142 
vn -0.496063 0 0.866142 
vn 0 1 0 
vn 0 1 0 
vn 0 1 0 
vn 0 1 0 
vn -0.866142 0 -0.496063 
vn -0.866142 0 -0.496063 
vn -0.866142 0 -0.496063 
vn -0.866142 0 -0.496063 
vn 0.496063 0 -0.866142 
vn 0.496063 0 -0.866142 
vn 0.496063 0 -0.866142 
vn 0.496063 0 -0.866142 
vn 0 -1 0 
vn 0 -1 0 
vn 0 -1 0 
vn 0 -1 0 
vn 0.866142 0 0.496063 
vn 0.866142 0 0.496063 
vn 0.866142 0 0.496063 
vn 0.866142 0 0.496063 

vt -0.26067 1.06934 
vt -1.79465 1.06934 
vt -0.26067 0.337445 
vt -1.79465 0.337445 
vt 0.52175 1.06934 
vt -1.79465 1.06934 
vt 0.52175 -0.464633 
vt -1.79465 -0.464633 
vt 0.52175 1.06934 
vt -1.79465 1.06934 
vt 0.52175 0.337445 
vt -1.79465 0.337445 
vt -0.26067 1.06934 
vt -1.79465 1.06934 
vt -0.26067 0.337445 
vt -1.79465 0.337445 
vt 0.52175 1.06934 
vt -1.79465 1.06934 
vt 0.52175 -0.464633 
vt -1.79465 -0.464633 
vt 0.52175 1.06934 
vt -1.79465 1.06934 
vt 0.52175 0.337445 
vt -1.79465 0.337445 

usemtl Part12Mtl

f 481/481/481 482/482/482 483/483/483 
f 483/483/483 482/482/482 484/484/484 
f 485/485/485 486/486/486 487/487/487 
f 487/487/487 486/486/486 488/488/488 
f 489/489/489 490/490/490 491/491/491 
f 491/491/491 490/490/490 492/492/492 
f 493/493/493 494/494/494 495/495/495 
f 495/495/495 494/494/494 496/496/496 
f 497/497/497 498/498/498 499/499/499 
f 499/499/499 498/498/498 500/500/500 
f 501/501/501 502/502/502 503/503/503 
f 503/503/503 502/502/502 504/504/504 

g Part22

v 60.3314 23.819 285.194 
v 57.9916 23.819 285.194 
v 60.3314 -0.5 285.194 
v 57.9916 -0.5 285.194 
v 57.9916 23.819 105.03 
v 57.9916 23.819 285.194 
v 60.3313 23.819 105.03 
v 60.3314 23.819 285.194 
v 57.9916 23.819 285.194 
v 57.9916 23.819 105.03 
v 57.9916 -0.5 285.194 
v 57.9916 -0.5 105.03 
v 57.9916 23.819 105.03 
v 60.3313 23.819 105.03 
v 57.9916 -0.5 105.03 
v 60.3313 -0.5 105.03 
v 60.3313 -0.5 105.03 
v 60.3314 -0.5 285.194 
v 57.9916 -0.5 105.03 
v 57.9916 -0.5 285.194 
v 60.3313 23.819 105.03 
v 60.3314 23.819 285.194 
v 60.3313 -0.5 105.03 
v 60.3314 -0.5 285.194 

vn 0 0 1 
vn 0 0 1 
vn 0 0 1 
vn 0 0 1 
vn 0 1 0 
vn 0 1 0 
vn 0 1 0 
vn 0 1 0 
vn -1 0 0 
vn -1 0 0 
vn -1 0 0 
vn -1 0 0 
vn 0 0 -1 
vn 0 0 -1 
vn 0 0 -1 
vn 0 0 -1 
vn 0 -1 0 
vn 0 -1 0 
vn 0 -1 0 
vn 0 -1 0 
vn 1 0 0 
vn 1 0 0 
vn 1 0 0 
vn 1 0 0 

vt 7.00376 -0.431462 
vt 6.76978 -0.431462 
vt 7.00376 -2.86336 
vt 6.76978 -2.86336 
vt 24.7862 -0.431462 
vt 6.76978 -0.431462 
vt 24.7862 -0.665438 
vt 6.76978 -0.665438 
vt 24.7862 -0.431462 
vt 6.76978 -0.431462 
vt 24.7862 -2.86336 
vt 6.76978 -2.86336 
vt 7.00376 -0.431462 
vt 6.76978 -0.431462 
vt 7.00376 -2.86336 
vt 6.76978 -2.86336 
vt 24.7862 -0.431462 
vt 6.76978 -0.431462 
vt 24.7862 -0.665438 
vt 6.76978 -0.665438 
vt 24.7862 -0.431462 
vt 6.76978 -0.431462 
vt 24.7862 -2.86336 
vt 6.76978 -2.86336 

usemtl Part11Mtl

f 505/505/505 506/506/506 507/507/507 
f 507/507/507 506/506/506 508/508/508 
f 509/509/509 510/510/510 511/511/511 
f 511/511/511 510/510/510 512/512/512 
f 513/513/513 514/514/514 515/515/515 
f 515/515/515 514/514/514 516/516/516 
f 517/517/517 518/518/518 519/519/519 
f 519/519/519 518/518/518 520/520/520 
f 521/521/521 522/522/522 523/523/523 
f 523/523/523 522/522/522 524/524/524 
f 525/525/525 526/526/526 527/527/527 
f 527/527/527 526/526/526 528/528/528 

g Part23

v -44.2579 1.68288 285.068 
v -44.2579 7.95544 267.835 
v -44.2579 -3.31533 283.249 
v -44.2579 2.95723 266.015 
v 59.9061 7.95544 267.835 
v -44.2579 7.95544 267.835 
v 59.9061 1.68288 285.068 
v -44.2579 1.68288 285.068 
v -44.2579 7.95544 267.835 
v 59.9061 7.95544 267.835 
v -44.2579 2.95723 266.015 
v 59.9061 2.95723 266.015 
v 59.9061 7.95544 267.835 
v 59.9061 1.68288 285.068 
v 59.9061 2.95723 266.015 
v 59.9061 -3.31533 283.249 
v 59.9061 -3.31533 283.249 
v -44.2579 -3.31533 283.249 
v 59.9061 2.95723 266.015 
v -44.2579 2.95723 266.015 
v 59.9061 1.68288 285.068 
v -44.2579 1.68288 285.068 
v 59.9061 -3.31533 283.249 
v -44.2579 -3.31533 283.249 

vn -1 0 0 
vn -1 0 0 
vn -1 0 0 
vn -1 0 0 
vn 0 0.937008 0.338583 
vn 0 0.937008 0.338583 
vn 0 0.937008 0.338583 
vn 0 0.937008 0.338583 
vn 0 0.338583 -0.937008 
vn 0 0.338583 -0.937008 
vn 0 0.338583 -0.937008 
vn 0 0.338583 -0.937008 
vn 1 0 0 
vn 1 0 0 
vn 1 0 0 
vn 1 0 0 
vn 0 -0.937008 -0.338583 
vn 0 -0.937008 -0.338583 
vn 0 -0.937008 -0.338583 
vn 0 -0.937008 -0.338583 
vn 0 -0.338583 0.937008 
vn 0 -0.338583 0.937008 
vn 0 -0.338583 0.937008 
vn 0 -0.338583 0.937008 

vt 8.06675 2.6451 
vt 6.23278 2.6451 
vt 8.06675 2.11321 
vt 6.23278 2.11321 
vt 16.6492 2.6451 
vt 6.23278 2.6451 
vt 16.6492 0.811128 
vt 6.23278 0.811128 
vt 16.6492 2.6451 
vt 6.23278 2.6451 
vt 16.6492 2.11321 
vt 6.23278 2.11321 
vt 8.06675 2.6451 
vt 6.23278 2.6451 
vt 8.06675 2.11321 
vt 6.23278 2.11321 
vt 16.6492 2.6451 
vt 6.23278 2.6451 
vt 16.6492 0.811128 
vt 6.23278 0.811128 
vt 16.6492 2.6451 
vt 6.23278 2.6451 
vt 16.6492 2.11321 
vt 6.23278 2.11321 

usemtl Part23Mtl

f 529/529/529 530/530/530 531/531/531 
f 531/531/531 530/530/530 532/532/532 
f 533/533/533 534/534/534 535/535/535 
f 535/535/535 534/534/534 536/536/536 
f 537/537/537 538/538/538 539/539/539 
f 539/539/539 538/538/538 540/540/540 
f 541/541/541 542/542/542 543/543/543 
f 543/543/543 542/542/542 544/544/544 
f 545/545/545 546/546/546 547/547/547 
f 547/547/547 546/546/546 548/548/548 
f 549/549/549 550/550/550 551/551/551 
f 551/551/551 550/550/550 552/552/552 

g Part24

v 304.153 58.5487 150.448 
v 304.153 64.8885 150.448 
v 275.297 58.5487 167.107 
v 275.297 64.8885 167.107 
v 300.571 64.8885 144.244 
v 304.153 64.8885 150.448 
v 300.571 58.5487 144.244 
v 304.153 58.5487 150.448 
v 304.153 64.8885 150.448 
v 300.571 64.8885 144.244 
v 275.297 64.8885 167.107 
v 271.715 64.8885 160.903 
v 300.571 64.8885 144.244 
v 300.571 58.5487 144.244 
v 271.715 64.8885 160.903 
v 271.715 58.5487 160.903 
v 271.715 58.5487 160.903 
v 275.297 58.5487 167.107 
v 271.715 64.8885 160.903 
v 275.297 64.8885 167.107 
v 300.571 58.5487 144.244 
v 304.153 58.5487 150.448 
v 271.715 58.5487 160.903 
v 275.297 58.5487 167.107 

vn 0.503937 0 0.866142 
vn 0.503937 0 0.866142 
vn 0.503937 0 0.866142 
vn 0.503937 0 0.866142 
vn 0.866142 0 -0.496063 
vn 0.866142 0 -0.496063 
vn 0.866142 0 -0.496063 
vn 0.866142 0 -0.496063 
vn 0 1 0 
vn 0 1 0 
vn 0 1 0 
vn 0 1 0 
vn -0.496063 0 -0.866142 
vn -0.496063 0 -0.866142 
vn -0.496063 0 -0.866142 
vn -0.496063 0 -0.866142 
vn -0.866142 0 0.503937 
vn -0.866142 0 0.503937 
vn -0.866142 0 0.503937 
vn -0.866142 0 0.503937 
vn 0 -1 0 
vn 0 -1 0 
vn 0 -1 0 
vn 0 -1 0 

vt 2.89144 1.82224 
vt 2.25747 1.82224 
vt 2.89144 -1.50966 
vt 2.25747 -1.50966 
vt 2.97387 1.82224 
vt 2.25747 1.82224 
vt 2.97387 1.18826 
vt 2.25747 1.18826 
vt 2.97387 1.82224 
vt 2.25747 1.82224 
vt 2.97387 -1.50966 
vt 2.25747 -1.50966 
vt 2.89144 1.82224 
vt 2.25747 1.82224 
vt 2.89144 -1.50966 
vt 2.25747 -1.50966 
vt 2.97387 1.82224 
vt 2.25747 1.82224 
vt 2.97387 1.18826 
vt 2.25747 1.18826 
vt 2.97387 1.82224 
vt 2.25747 1.82224 
vt 2.97387 -1.50966 
vt 2.25747 -1.50966 

usemtl Part24Mtl

f 553/553/553 554/554/554 555/555/555 
f 555/555/555 554/554/554 556/556/556 
f 557/557/557 558/558/558 559/559/559 
f 559/559/559 558/558/558 560/560/560 
f 561/561/561 562/562/562 563/563/563 
f 563/563/563 562/562/562 564/564/564 
f 565/565/565 566/566/566 567/567/567 
f 567/567/567 566/566/566 568/568/568 
f 569/569/569 570/570/570 571/571/571 
f 571/571/571 570/570/570 572/572/572 
f 573/573/573 574/574/574 575/575/575 
f 575/575/575 574/574/574 576/576/576 

g Part25

v 388.009 0.5 -284.054 
v 388.009 0.5 284.054 
v 388.009 -0.5 -284.054 
v 388.009 -0.5 284.054 
v 58.9905 0.5 284.054 
v 388.009 0.5 284.054 
v 58.9905 0.5 -284.054 
v 388.009 0.5 -284.054 
v 388.009 0.5 284.054 
v 58.9905 0.5 284.054 
v 388.009 -0.5 284.054 
v 58.9905 -0.5 284.054 
v 58.9905 0.5 284.054 
v 58.9905 0.5 -284.054 
v 58.9905 -0.5 284.054 
v 58.9905 -0.5 -284.054 
v 58.9905 -0.5 -284.054 
v 388.009 -0.5 -284.054 
v 58.9905 -0.5 284.054 
v 388.009 -0.5 284.054 
v 58.9905 0.5 -284.054 
v 388.009 0.5 -284.054 
v 58.9905 -0.5 -284.054 
v 388.009 -0.5 -284.054 

vn 1 0 0 
vn 1 0 0 
vn 1 0 0 
vn 1 0 0 
vn 0 1 0 
vn 0 1 0 
vn 0 1 0 
vn 0 1 0 
vn 0 0 1 
vn 0 0 1 
vn 0 0 1 
vn 0 0 1 
vn -1 0 0 
vn -1 0 0 
vn -1 0 0 
vn -1 0 0 
vn 0 -1 0 
vn 0 -1 0 
vn 0 -1 0 
vn 0 -1 0 
vn 0 0 -1 
vn 0 0 -1 
vn 0 0 -1 
vn 0 0 -1 

vt 52.7663 -43.6441 
vt -4.04454 -43.6441 
vt 52.7663 -43.7441 
vt -4.04454 -43.7441 
vt 28.8574 -43.6441 
vt -4.04454 -43.6441 
vt 28.8574 -100.455 
vt -4.04454 -100.455 
vt 28.8574 -43.6441 
vt -4.04454 -43.6441 
vt 28.8574 -43.7441 
vt -4.04454 -43.7441 
vt 52.7663 -43.6441 
vt -4.04454 -43.6441 
vt 52.7663 -43.7441 
vt -4.04454 -43.7441 
vt 28.8574 -43.6441 
vt -4.04454 -43.6441 
vt 28.8574 -100.455 
vt -4.04454 -100.455 
vt 28.8574 -43.6441 
vt -4.04454 -43.6441 
vt 28.8574 -43.7441 
vt -4.04454 -43.7441 

usemtl Part17Mtl

f 577/577/577 578/578/578 579/579/579 
f 579/579/579 578/578/578 580/580/580 
f 581/581/581 582/582/582 583/583/583 
f 583/583/583 582/582/582 584/584/584 
f 585/585/585 586/586/586 587/587/587 
f 587/587/587 586/586/586 588/588/588 
f 589/589/589 590/590/590 591/591/591 
f 591/591/591 590/590/590 592/592/592 
f 593/593/593 594/594/594 595/595/595 
f 595/595/595 594/594/594 596/596/596 
f 597/597/597 598/598/598 599/599/599 
f 599/599/599 598/598/598 600/600/600 

g Part26

v -264.353 103.819 -293.545 
v -251.324 103.819 -244.921 
v -264.353 0.5 -293.545 
v -251.324 0.5 -244.921 
v -294.949 103.819 -233.231 
v -251.324 103.819 -244.921 
v -307.978 103.819 -281.856 
v -264.353 103.819 -293.545 
v -251.324 103.819 -244.921 
v -294.949 103.819 -233.231 
v -251.324 0.5 -244.921 
v -294.949 0.5 -233.231 
v -294.949 103.819 -233.231 
v -307.978 103.819 -281.856 
v -294.949 0.5 -233.231 
v -307.978 0.5 -281.856 
v -307.978 0.5 -281.856 
v -264.353 0.5 -293.545 
v -294.949 0.5 -233.231 
v -251.324 0.5 -244.921 
v -307.978 103.819 -281.856 
v -264.353 103.819 -293.545 
v -307.978 0.5 -281.856 
v -264.353 0.5 -293.545 

vn 0.968504 0 -0.259843 
vn 0.968504 0 -0.259843 
vn 0.968504 0 -0.259843 
vn 0.968504 0 -0.259843 
vn 0 1 0 
vn 0 1 0 
vn 0 1 0 
vn 0 1 0 
vn 0.259843 0 0.968504 
vn 0.259843 0 0.968504 
vn 0.259843 0 0.968504 
vn 0.259843 0 0.968504 
vn -0.968504 0 0.259843 
vn -0.968504 0 0.259843 
vn -0.968504 0 0.259843 
vn -0.968504 0 0.259843 
vn 0 -1 0 
vn 0 -1 0 
vn 0 -1 0 
vn 0 -1 0 
vn -0.259843 0 -0.968504 
vn -0.259843 0 -0.968504 
vn -0.259843 0 -0.968504 
vn -0.259843 0 -0.968504 

vt 9.81902 7.51779 
vt 4.78505 7.51779 
vt 9.81902 -2.81411 
vt 4.78505 -2.81411 
vt 9.30144 7.51779 
vt 4.78505 7.51779 
vt 9.30144 2.48381 
vt 4.78505 2.48381 
vt 9.30144 7.51779 
vt 4.78505 7.51779 
vt 9.30144 -2.81411 
vt 4.78505 -2.81411 
vt 9.81902 7.51779 
vt 4.78505 7.51779 
vt 9.81902 -2.81411 
vt 4.78505 -2.81411 
vt 9.30144 7.51779 
vt 4.78505 7.51779 
vt 9.30144 2.48381 
vt 4.78505 2.48381 
vt 9.30144 7.51779 
vt 4.78505 7.51779 
vt 9.30144 -2.81411 
vt 4.78505 -2.81411 

usemtl Part11Mtl

f 601/601/601 602/602/602 603/603/603 
f 603/603/603 602/602/602 604/604/604 
f 605/605/605 606/606/606 607/607/607 
f 607/607/607 606/606/606 608/608/608 
f 609/609/609 610/610/610 611/611/611 
f 611/611/611 610/610/610 612/612/612 
f 613/613/613 614/614/614 615/615/615 
f 615/615/615 614/614/614 616/616/616 
f 617/617/617 618/618/618 619/619/619 
f 619/619/619 618/618/618 620/620/620 
f 621/621/621 622/622/622 623/623/623 
f 623/623/623 622/622/622 624/624/624 

g Part27

v -272.562 117.819 -256.417 
v -316.158 117.819 -231.247 
v -272.562 0.5 -256.417 
v -316.158 0.5 -231.247 
v -338.74 117.819 -270.36 
v -316.158 117.819 -231.247 
v -295.144 117.819 -295.53 
v -272.562 117.819 -256.417 
v -316.158 117.819 -231.247 
v -338.74 117.819 -270.36 
v -316.158 0.5 -231.247 
v -338.74 0.5 -270.36 
v -338.74 117.819 -270.36 
v -295.144 117.819 -295.53 
v -338.74 0.5 -270.36 
v -295.144 0.5 -295.53 
v -295.144 0.5 -295.53 
v -272.562 0.5 -256.417 
v -338.74 0.5 -270.36 
v -316.158 0.5 -231.247 
v -295.144 117.819 -295.53 
v -272.562 117.819 -256.417 
v -295.144 0.5 -295.53 
v -272.562 0.5 -256.417 

vn 0.503937 0 0.866142 
vn 0.503937 0 0.866142 
vn 0.503937 0 0.866142 
vn 0.503937 0 0.866142 
vn 0 1 0 
vn 0 1 0 
vn 0 1 0 
vn 0 1 0 
vn -0.866142 0 0.503937 
vn -0.866142 0 0.503937 
vn -0.866142 0 0.503937 
vn -0.866142 0 0.503937 
vn -0.496063 0 -0.866142 
vn -0.496063 0 -0.866142 
vn -0.496063 0 -0.866142 
vn -0.496063 0 -0.866142 
vn 0 -1 0 
vn 0 -1 0 
vn 0 -1 0 
vn 0 -1 0 
vn 0.866142 0 -0.496063 
vn 0.866142 0 -0.496063 
vn 0.866142 0 -0.496063 
vn 0.866142 0 -0.496063 

vt 15.613 -5.92612 
vt 10.579 -5.92612 
vt 15.613 -17.658 
vt 10.579 -17.658 
vt 15.0954 -5.92612 
vt 10.579 -5.92612 
vt 15.0954 -10.9601 
vt 10.579 -10.9601 
vt 15.0954 -5.92612 
vt 10.579 -5.92612 
vt 15.0954 -17.658 
vt 10.579 -17.658 
vt 15.613 -5.92612 
vt 10.579 -5.92612 
vt 15.613 -17.658 
vt 10.579 -17.658 
vt 15.0954 -5.92612 
vt 10.579 -5.92612 
vt 15.0954 -10.9601 
vt 10.579 -10.9601 
vt 15.0954 -5.92612 
vt 10.579 -5.92612 
vt 15.0954 -17.658 
vt 10.579 -17.658 

usemtl Part11Mtl

f 625/625/625 626/626/626 627/627/627 
f 627/627/627 626/626/626 628/628/628 
f 629/629/629 630/630/630 631/631/631 
f 631/631/631 630/630/630 632/632/632 
f 633/633/633 634/634/634 635/635/635 
f 635/635/635 634/634/634 636/636/636 
f 637/637/637 638/638/638 639/639/639 
f 639/639/639 638/638/638 640/640/640 
f 641/641/641 642/642/642 643/643/643 
f 643/643/643 642/642/642 644/644/644 
f 645/645/645 646/646/646 647/647/647 
f 647/647/647 646/646/646 648/648/648 

g Part28

v -292.069 112.819 -254.558 
v -292.069 112.819 -204.218 
v -292.069 0.5 -254.558 
v -292.069 0.5 -204.218 
v -337.233 112.819 -204.218 
v -292.069 112.819 -204.218 
v -337.233 112.819 -254.558 
v -292.069 112.819 -254.558 
v -292.069 112.819 -204.218 
v -337.233 112.819 -204.218 
v -292.069 0.5 -204.218 
v -337.233 0.5 -204.218 
v -337.233 112.819 -204.218 
v -337.233 112.819 -254.558 
v -337.233 0.5 -204.218 
v -337.233 0.5 -254.558 
v -337.233 0.5 -254.558 
v -292.069 0.5 -254.558 
v -337.233 0.5 -204.218 
v -292.069 0.5 -204.218 
v -337.233 112.819 -254.558 
v -292.069 112.819 -254.558 
v -337.233 0.5 -254.558 
v -292.069 0.5 -254.558 

vn 1 0 0 
vn 1 0 0 
vn 1 0 0 
vn 1 0 0 
vn 0 1 0 
vn 0 1 0 
vn 0 1 0 
vn 0 1 0 
vn 0 0 1 
vn 0 0 1 
vn 0 0 1 
vn 0 0 1 
vn -1 0 0 
vn -1 0 0 
vn -1 0 0 
vn -1 0 0 
vn 0 -1 0 
vn 0 -1 0 
vn 0 -1 0 
vn 0 -1 0 
vn 0 0 -1 
vn 0 0 -1 
vn 0 0 -1 
vn 0 0 -1 

vt 12.4058 -9.33045 
vt 7.3718 -9.33045 
vt 12.4058 -20.5624 
vt 7.3718 -20.5624 
vt 11.8882 -9.33045 
vt 7.3718 -9.33045 
vt 11.8882 -14.3644 
vt 7.3718 -14.3644 
vt 11.8882 -9.33045 
vt 7.3718 -9.33045 
vt 11.8882 -20.5624 
vt 7.3718 -20.5624 
vt 12.4058 -9.33045 
vt 7.3718 -9.33045 
vt 12.4058 -20.5624 
vt 7.3718 -20.5624 
vt 11.8882 -9.33045 
vt 7.3718 -9.33045 
vt 11.8882 -14.3644 
vt 7.3718 -14.3644 
vt 11.8882 -9.33045 
vt 7.3718 -9.33045 
vt 11.8882 -20.5624 
vt 7.3718 -20.5624 

usemtl Part11Mtl

f 649/649/649 650/650/650 651/651/651 
f 651/651/651 650/650/650 652/652/652 
f 653/653/653 654/654/654 655/655/655 
f 655/655/655 654/654/654 656/656/656 
f 657/657/657 658/658/658 659/659/659 
f 659/659/659 658/658/658 660/660/660 
f 661/661/661 662/662/662 663/663/663 
f 663/663/663 662/662/662 664/664/664 
f 665/665/665 666/666/666 667/667/667 
f 667/667/667 666/666/666 668/668/668 
f 669/669/669 670/670/670 671/671/671 
f 671/671/671 670/670/670 672/672/672 

g Part29

v -299.481 104.819 -165.806 
v -349.821 104.819 -165.806 
v -299.481 0.5 -165.806 
v -349.821 0.5 -165.806 
v -349.821 104.819 -210.97 
v -349.821 104.819 -165.806 
v -299.481 104.819 -210.97 
v -299.481 104.819 -165.806 
v -349.821 104.819 -165.806 
v -349.821 104.819 -210.97 
v -349.821 0.5 -165.806 
v -349.821 0.5 -210.97 
v -349.821 104.819 -210.97 
v -299.481 104.819 -210.97 
v -349.821 0.5 -210.97 
v -299.481 0.5 -210.97 
v -299.481 0.5 -210.97 
v -299.481 0.5 -165.806 
v -349.821 0.5 -210.97 
v -349.821 0.5 -165.806 
v -299.481 104.819 -210.97 
v -299.481 104.819 -165.806 
v -299.481 0.5 -210.97 
v -299.481 0.5 -165.806 

vn 0 0 1 
vn 0 0 1 
vn 0 0 1 
vn 0 0 1 
vn 0 1 0 
vn 0 1 0 
vn 0 1 0 
vn 0 1 0 
vn -1 0 0 
vn -1 0 0 
vn -1 0 0 
vn -1 0 0 
vn 0 0 -1 
vn 0 0 -1 
vn 0 0 -1 
vn 0 0 -1 
vn 0 -1 0 
vn 0 -1 0 
vn 0 -1 0 
vn 0 -1 0 
vn 1 0 0 
vn 1 0 0 
vn 1 0 0 
vn 1 0 0 

vt 3.51388 -3.13851 
vt -1.52009 -3.13851 
vt 3.51388 -13.5704 
vt -1.52009 -13.5704 
vt 2.99631 -3.13851 
vt -1.52009 -3.13851 
vt 2.99631 -8.17248 
vt -1.52009 -8.17248 
vt 2.99631 -3.13851 
vt -1.52009 -3.13851 
vt 2.99631 -13.5704 
vt -1.52009 -13.5704 
vt 3.51388 -3.13851 
vt -1.52009 -3.13851 
vt 3.51388 -13.5704 
vt -1.52009 -13.5704 
vt 2.99631 -3.13851 
vt -1.52009 -3.13851 
vt 2.99631 -8.17248 
vt -1.52009 -8.17248 
vt 2.99631 -3.13851 
vt -1.52009 -3.13851 
vt 2.99631 -13.5704 
vt -1.52009 -13.5704 

usemtl Part11Mtl

f 673/673/673 674/674/674 675/675/675 
f 675/675/675 674/674/674 676/676/676 
f 677/677/677 678/678/678 679/679/679 
f 679/679/679 678/678/678 680/680/680 
f 681/681/681 682/682/682 683/683/683 
f 683/683/683 682/682/682 684/684/684 
f 685/685/685 686/686/686 687/687/687 
f 687/687/687 686/686/686 688/688/688 
f 689/689/689 690/690/690 691/691/691 
f 691/691/691 690/690/690 692/692/692 
f 693/693/693 694/694/694 695/695/695 
f 695/695/695 694/694/694 696/696/696 

g Part30

v -347.233 116.819 -87.2183 
v -347.233 116.819 -172.558 
v -347.233 0.5 -87.2183 
v -347.233 0.5 -172.558 
v -307.069 116.819 -172.558 
v -347.233 116.819 -172.558 
v -307.069 116.819 -87.2183 
v -347.233 116.819 -87.2183 
v -347.233 116.819 -172.558 
v -307.069 116.819 -172.558 
v -347.233 0.5 -172.558 
v -307.069 0.5 -172.558 
v -307.069 116.819 -172.558 
v -307.069 116.819 -87.2183 
v -307.069 0.5 -172.558 
v -307.069 0.5 -87.2183 
v -307.069 0.5 -87.2183 
v -347.233 0.5 -87.2183 
v -307.069 0.5 -172.558 
v -347.233 0.5 -172.558 
v -307.069 116.819 -87.2183 
v -347.233 116.819 -87.2183 
v -307.069 0.5 -87.2183 
v -347.233 0.5 -87.2183 

vn -1 0 0 
vn -1 0 0 
vn -1 0 0 
vn -1 0 0 
vn 0 1 0 
vn 0 1 0 
vn 0 1 0 
vn 0 1 0 
vn 0 0 -1 
vn 0 0 -1 
vn 0 0 -1 
vn 0 0 -1 
vn 1 0 0 
vn 1 0 0 
vn 1 0 0 
vn 1 0 0 
vn 0 -1 0 
vn 0 -1 0 
vn 0 -1 0 
vn 0 -1 0 
vn 0 0 1 
vn 0 0 1 
vn 0 0 1 
vn 0 0 1 

vt 5.51226 -6.89948 
vt -3.02172 -6.89948 
vt 5.51226 -18.5314 
vt -3.02172 -18.5314 
vt 0.994677 -6.89948 
vt -3.02172 -6.89948 
vt 0.994677 -15.4335 
vt -3.02172 -15.4335 
vt 0.994677 -6.89948 
vt -3.02172 -6.89948 
vt 0.994677 -18.5314 
vt -3.02172 -18.5314 
vt 5.51226 -6.89948 
vt -3.02172 -6.89948 
vt 5.51226 -18.5314 
vt -3.02172 -18.5314 
vt 0.994677 -6.89948 
vt -3.02172 -6.89948 
vt 0.994677 -15.4335 
vt -3.02172 -15.4335 
vt 0.994677 -6.89948 
vt -3.02172 -6.89948 
vt 0.994677 -18.5314 
vt -3.02172 -18.5314 

usemtl Part11Mtl

f 697/697/697 698/698/698 699/699/699 
f 699/699/699 698/698/698 700/700/700 
f 701/701/701 702/702/702 703/703/703 
f 703/703/703 702/702/702 704/704/704 
f 705/705/705 706/706/706 707/707/707 
f 707/707/707 706/706/706 708/708/708 
f 709/709/709 710/710/710 711/711/711 
f 711/711/711 710/710/710 712/712/712 
f 713/713/713 714/714/714 715/715/715 
f 715/715/715 714/714/714 716/716/716 
f 717/717/717 718/718/718 719/719/719 
f 719/719/719 718/718/718 720/720/720 

g Part31

v -310.183 107.819 -62.0612 
v -358.808 107.819 -75.0901 
v -310.183 0.5 -62.0612 
v -358.808 0.5 -75.0901 
v -347.119 107.819 -118.715 
v -358.808 107.819 -75.0901 
v -298.494 107.819 -105.686 
v -310.183 107.819 -62.0612 
v -358.808 107.819 -75.0901 
v -347.119 107.819 -118.715 
v -358.808 0.5 -75.0901 
v -347.119 0.5 -118.715 
v -347.119 107.819 -118.715 
v -298.494 107.819 -105.686 
v -347.119 0.5 -118.715 
v -298.494 0.5 -105.686 
v -298.494 0.5 -105.686 
v -310.183 0.5 -62.0612 
v -347.119 0.5 -118.715 
v -358.808 0.5 -75.0901 
v -298.494 107.819 -105.686 
v -310.183 107.819 -62.0612 
v -298.494 0.5 -105.686 
v -310.183 0.5 -62.0612 

vn -0.259843 0 0.968504 
vn -0.259843 0 0.968504 
vn -0.259843 0 0.968504 
vn -0.259843 0 0.968504 
vn 0 1 0 
vn 0 1 0 
vn 0 1 0 
vn 0 1 0 
vn -0.968504 0 -0.259843 
vn -0.968504 0 -0.259843 
vn -0.968504 0 -0.259843 
vn -0.968504 0 -0.259843 
vn 0.259843 0 -0.968504 
vn 0.259843 0 -0.968504 
vn 0.259843 0 -0.968504 
vn 0.259843 0 -0.968504 
vn 0 -1 0 
vn 0 -1 0 
vn 0 -1 0 
vn 0 -1 0 
vn 0.968504 0 0.259843 
vn 0.968504 0 0.259843 
vn 0.968504 0 0.259843 
vn 0.968504 0 0.259843 

vt 11.2216 -3.0528 
vt 6.18761 -3.0528 
vt 11.2216 -13.7847 
vt 6.18761 -13.7847 
vt 10.704 -3.0528 
vt 6.18761 -3.0528 
vt 10.704 -8.08678 
vt 6.18761 -8.08678 
vt 10.704 -3.0528 
vt 6.18761 -3.0528 
vt 10.704 -13.7847 
vt 6.18761 -13.7847 
vt 11.2216 -3.0528 
vt 6.18761 -3.0528 
vt 11.2216 -13.7847 
vt 6.18761 -13.7847 
vt 10.704 -3.0528 
vt 6.18761 -3.0528 
vt 10.704 -8.08678 
vt 6.18761 -8.08678 
vt 10.704 -3.0528 
vt 6.18761 -3.0528 
vt 10.704 -13.7847 
vt 6.18761 -13.7847 

usemtl Part11Mtl

f 721/721/721 722/722/722 723/723/723 
f 723/723/723 722/722/722 724/724/724 
f 725/725/725 726/726/726 727/727/727 
f 727/727/727 726/726/726 728/728/728 
f 729/729/729 730/730/730 731/731/731 
f 731/731/731 730/730/730 732/732/732 
f 733/733/733 734/734/734 735/735/735 
f 735/735/735 734/734/734 736/736/736 
f 737/737/737 738/738/738 739/739/739 
f 739/739/739 738/738/738 740/740/740 
f 741/741/741 742/742/742 743/743/743 
f 743/743/743 742/742/742 744/744/744 

g Part32

v -317.481 104.819 -33.8062 
v -367.821 104.819 -33.8062 
v -317.481 0.5 -33.8062 
v -367.821 0.5 -33.8062 
v -367.821 104.819 -78.9702 
v -367.821 104.819 -33.8062 
v -317.481 104.819 -78.9702 
v -317.481 104.819 -33.8062 
v -367.821 104.819 -33.8062 
v -367.821 104.819 -78.9702 
v -367.821 0.5 -33.8062 
v -367.821 0.5 -78.9702 
v -367.821 104.819 -78.9702 
v -317.481 104.819 -78.9702 
v -367.821 0.5 -78.9702 
v -317.481 0.5 -78.9702 
v -317.481 0.5 -78.9702 
v -317.481 0.5 -33.8062 
v -367.821 0.5 -78.9702 
v -367.821 0.5 -33.8062 
v -317.481 104.819 -78.9702 
v -317.481 104.819 -33.8062 
v -317.481 0.5 -78.9702 
v -317.481 0.5 -33.8062 

vn 0 0 1 
vn 0 0 1 
vn 0 0 1 
vn 0 0 1 
vn 0 1 0 
vn 0 1 0 
vn 0 1 0 
vn 0 1 0 
vn -1 0 0 
vn -1 0 0 
vn -1 0 0 
vn -1 0 0 
vn 0 0 -1 
vn 0 0 -1 
vn 0 0 -1 
vn 0 0 -1 
vn 0 -1 0 
vn 0 -1 0 
vn 0 -1 0 
vn 0 -1 0 
vn 1 0 0 
vn 1 0 0 
vn 1 0 0 
vn 1 0 0 

vt -0.80862 -8.93279 
vt -5.8426 -8.93279 
vt -0.80862 -19.3647 
vt -5.8426 -19.3647 
vt -1.3262 -8.93279 
vt -5.8426 -8.93279 
vt -1.3262 -13.9668 
vt -5.8426 -13.9668 
vt -1.3262 -8.93279 
vt -5.8426 -8.93279 
vt -1.3262 -19.3647 
vt -5.8426 -19.3647 
vt -0.80862 -8.93279 
vt -5.8426 -8.93279 
vt -0.80862 -19.3647 
vt -5.8426 -19.3647 
vt -1.3262 -8.93279 
vt -5.8426 -8.93279 
vt -1.3262 -13.9668 
vt -5.8426 -13.9668 
vt -1.3262 -8.93279 
vt -5.8426 -8.93279 
vt -1.3262 -19.3647 
vt -5.8426 -19.3647 

usemtl Part11Mtl

f 745/745/745 746/746/746 747/747/747 
f 747/747/747 746/746/746 748/748/748 
f 749/749/749 750/750/750 751/751/751 
f 751/751/751 750/750/750 752/752/752 
f 753/753/753 754/754/754 755/755/755 
f 755/755/755 754/754/754 756/756/756 
f 757/757/757 758/758/758 759/759/759 
f 759/759/759 758/758/758 760/760/760 
f 761/761/761 762/762/762 763/763/763 
f 763/763/763 762/762/762 764/764/764 
f 765/765/765 766/766/766 767/767/767 
f 767/767/767 766/766/766 768/768/768 

g Part33

v -308.481 96.819 5.19377 
v -355.821 96.819 5.19377 
v -308.481 0.5 5.19377 
v -355.821 0.5 5.19377 
v -355.821 96.819 -39.9702 
v -355.821 96.819 5.19377 
v -308.481 96.819 -39.9702 
v -308.481 96.819 5.19377 
v -355.821 96.819 5.19377 
v -355.821 96.819 -39.9702 
v -355.821 0.5 5.19377 
v -355.821 0.5 -39.9702 
v -355.821 96.819 -39.9702 
v -308.481 96.819 -39.9702 
v -355.821 0.5 -39.9702 
v -308.481 0.5 -39.9702 
v -308.481 0.5 -39.9702 
v -308.481 0.5 5.19377 
v -355.821 0.5 -39.9702 
v -355.821 0.5 5.19377 
v -308.481 96.819 -39.9702 
v -308.481 96.819 5.19377 
v -308.481 0.5 -39.9702 
v -308.481 0.5 5.19377 

vn 0 0 1 
vn 0 0 1 
vn 0 0 1 
vn 0 0 1 
vn 0 1 0 
vn 0 1 0 
vn 0 1 0 
vn 0 1 0 
vn -1 0 0 
vn -1 0 0 
vn -1 0 0 
vn -1 0 0 
vn 0 0 -1 
vn 0 0 -1 
vn 0 0 -1 
vn 0 0 -1 
vn 0 -1 0 
vn 0 -1 0 
vn 0 -1 0 
vn 0 -1 0 
vn 1 0 0 
vn 1 0 0 
vn 1 0 0 
vn 1 0 0 

vt -0.786993 0.299052 
vt -5.52097 0.299052 
vt -0.786993 -9.33285 
vt -5.52097 -9.33285 
vt -1.00457 0.299052 
vt -5.52097 0.299052 
vt -1.00457 -4.43492 
vt -5.52097 -4.43492 
vt -1.00457 0.299052 
vt -5.52097 0.299052 
vt -1.00457 -9.33285 
vt -5.52097 -9.33285 
vt -0.786993 0.299052 
vt -5.52097 0.299052 
vt -0.786993 -9.33285 
vt -5.52097 -9.33285 
vt -1.00457 0.299052 
vt -5.52097 0.299052 
vt -1.00457 -4.43492 
vt -5.52097 -4.43492 
vt -1.00457 0.299052 
vt -5.52097 0.299052 
vt -1.00457 -9.33285 
vt -5.52097 -9.33285 

usemtl Part11Mtl

f 769/769/769 770/770/770 771/771/771 
f 771/771/771 770/770/770 772/772/772 
f 773/773/773 774/774/774 775/775/775 
f 775/775/775 774/774/774 776/776/776 
f 777/777/777 778/778/778 779/779/779 
f 779/779/779 778/778/778 780/780/780 
f 781/781/781 782/782/782 783/783/783 
f 783/783/783 782/782/782 784/784/784 
f 785/785/785 786/786/786 787/787/787 
f 787/787/787 786/786/786 788/788/788 
f 789/789/789 790/790/790 791/791/791 
f 791/791/791 790/790/790 792/792/792 

g Part34

v -347.837 103.819 48.3198 
v -360.09 103.819 2.59308 
v -347.837 0.5 48.3198 
v -360.09 0.5 2.59308 
v -316.465 103.819 -9.09621 
v -360.09 103.819 2.59308 
v -304.212 103.819 36.6305 
v -347.837 103.819 48.3198 
v -360.09 103.819 2.59308 
v -316.465 103.819 -9.09621 
v -360.09 0.5 2.59308 
v -316.465 0.5 -9.09621 
v -316.465 103.819 -9.09621 
v -304.212 103.819 36.6305 
v -316.465 0.5 -9.09621 
v -304.212 0.5 36.6305 
v -304.212 0.5 36.6305 
v -347.837 0.5 48.3198 
v -316.465 0.5 -9.09621 
v -360.09 0.5 2.59308 
v -304.212 103.819 36.6305 
v -347.837 103.819 48.3198 
v -304.212 0.5 36.6305 
v -347.837 0.5 48.3198 

vn -0.968504 0 0.259843 
vn -0.968504 0 0.259843 
vn -0.968504 0 0.259843 
vn -0.968504 0 0.259843 
vn 0 1 0 
vn 0 1 0 
vn 0 1 0 
vn 0 1 0 
vn -0.259843 0 -0.968504 
vn -0.259843 0 -0.968504 
vn -0.259843 0 -0.968504 
vn -0.259843 0 -0.968504 
vn 0.968504 0 -0.259843 
vn 0.968504 0 -0.259843 
vn 0.968504 0 -0.259843 
vn 0.968504 0 -0.259843 
vn 0 -1 0 
vn 0 -1 0 
vn 0 -1 0 
vn 0 -1 0 
vn 0.259843 0 0.968504 
vn 0.259843 0 0.968504 
vn 0.259843 0 0.968504 
vn 0.259843 0 0.968504 

vt -0.87613 -5.37287 
vt -5.61011 -5.37287 
vt -0.87613 -15.7048 
vt -5.61011 -15.7048 
vt -1.09371 -5.37287 
vt -5.61011 -5.37287 
vt -1.09371 -10.1069 
vt -5.61011 -10.1069 
vt -1.09371 -5.37287 
vt -5.61011 -5.37287 
vt -1.09371 -15.7048 
vt -5.61011 -15.7048 
vt -0.87613 -5.37287 
vt -5.61011 -5.37287 
vt -0.87613 -15.7048 
vt -5.61011 -15.7048 
vt -1.09371 -5.37287 
vt -5.61011 -5.37287 
vt -1.09371 -10.1069 
vt -5.61011 -10.1069 
vt -1.09371 -5.37287 
vt -5.61011 -5.37287 
vt -1.09371 -15.7048 
vt -5.61011 -15.7048 

usemtl Part11Mtl

f 793/793/793 794/794/794 795/795/795 
f 795/795/795 794/794/794 796/796/796 
f 797/797/797 798/798/798 799/799/799 
f 799/799/799 798/798/798 800/800/800 
f 801/801/801 802/802/802 803/803/803 
f 803/803/803 802/802/802 804/804/804 
f 805/805/805 806/806/806 807/807/807 
f 807/807/807 806/806/806 808/808/808 
f 809/809/809 810/810/810 811/811/811 
f 811/811/811 810/810/810 812/812/812 
f 813/813/813 814/814/814 815/815/815 
f 815/815/815 814/814/814 816/816/816 

g Part35

v -292.069 112.819 26.4419 
v -292.069 112.819 76.7817 
v -292.069 0.5 26.4419 
v -292.069 0.5 76.7817 
v -337.233 112.819 76.7817 
v -292.069 112.819 76.7817 
v -337.233 112.819 26.4419 
v -292.069 112.819 26.4419 
v -292.069 112.819 76.7817 
v -337.233 112.819 76.7817 
v -292.069 0.5 76.7817 
v -337.233 0.5 76.7817 
v -337.233 112.819 76.7817 
v -337.233 112.819 26.4419 
v -337.233 0.5 76.7817 
v -337.233 0.5 26.4419 
v -337.233 0.5 26.4419 
v -292.069 0.5 26.4419 
v -337.233 0.5 76.7817 
v -292.069 0.5 76.7817 
v -337.233 112.819 26.4419 
v -292.069 112.819 26.4419 
v -337.233 0.5 26.4419 
v -292.069 0.5 26.4419 

vn 1 0 0 
vn 1 0 0 
vn 1 0 0 
vn 1 0 0 
vn 0 1 0 
vn 0 1 0 
vn 0 1 0 
vn 0 1 0 
vn 0 0 1 
vn 0 0 1 
vn 0 0 1 
vn 0 0 1 
vn -1 0 0 
vn -1 0 0 
vn -1 0 0 
vn -1 0 0 
vn 0 -1 0 
vn 0 -1 0 
vn 0 -1 0 
vn 0 -1 0 
vn 0 0 -1 
vn 0 0 -1 
vn 0 0 -1 
vn 0 0 -1 

vt 12.2671 -5.13027 
vt 7.23317 -5.13027 
vt 12.2671 -16.3622 
vt 7.23317 -16.3622 
vt 11.7496 -5.13027 
vt 7.23317 -5.13027 
vt 11.7496 -10.1642 
vt 7.23317 -10.1642 
vt 11.7496 -5.13027 
vt 7.23317 -5.13027 
vt 11.7496 -16.3622 
vt 7.23317 -16.3622 
vt 12.2671 -5.13027 
vt 7.23317 -5.13027 
vt 12.2671 -16.3622 
vt 7.23317 -16.3622 
vt 11.7496 -5.13027 
vt 7.23317 -5.13027 
vt 11.7496 -10.1642 
vt 7.23317 -10.1642 
vt 11.7496 -5.13027 
vt 7.23317 -5.13027 
vt 11.7496 -16.3622 
vt 7.23317 -16.3622 

usemtl Part11Mtl

f 817/817/817 818/818/818 819/819/819 
f 819/819/819 818/818/818 820/820/820 
f 821/821/821 822/822/822 823/823/823 
f 823/823/823 822/822/822 824/824/824 
f 825/825/825 826/826/826 827/827/827 
f 827/827/827 826/826/826 828/828/828 
f 829/829/829 830/830/830 831/831/831 
f 831/831/831 830/830/830 832/832/832 
f 833/833/833 834/834/834 835/835/835 
f 835/835/835 834/834/834 836/836/836 
f 837/837/837 838/838/838 839/839/839 
f 839/839/839 838/838/838 840/840/840 

g Part36

v -299.481 104.819 115.194 
v -349.821 104.819 115.194 
v -299.481 0.5 115.194 
v -349.821 0.5 115.194 
v -349.821 104.819 70.0298 
v -349.821 104.819 115.194 
v -299.481 104.819 70.0298 
v -299.481 104.819 115.194 
v -349.821 104.819 115.194 
v -349.821 104.819 70.0298 
v -349.821 0.5 115.194 
v -349.821 0.5 70.0298 
v -349.821 104.819 70.0298 
v -299.481 104.819 70.0298 
v -349.821 0.5 70.0298 
v -299.481 0.5 70.0298 
v -299.481 0.5 70.0298 
v -299.481 0.5 115.194 
v -349.821 0.5 70.0298 
v -349.821 0.5 115.194 
v -299.481 104.819 70.0298 
v -299.481 104.819 115.194 
v -299.481 0.5 70.0298 
v -299.481 0.5 115.194 

vn 0 0 1 
vn 0 0 1 
vn 0 0 1 
vn 0 0 1 
vn 0 1 0 
vn 0 1 0 
vn 0 1 0 
vn 0 1 0 
vn -1 0 0 
vn -1 0 0 
vn -1 0 0 
vn -1 0 0 
vn 0 0 -1 
vn 0 0 -1 
vn 0 0 -1 
vn 0 0 -1 
vn 0 -1 0 
vn 0 -1 0 
vn 0 -1 0 
vn 0 -1 0 
vn 1 0 0 
vn 1 0 0 
vn 1 0 0 
vn 1 0 0 

vt 7.61818 4.50903 
vt 2.58421 4.50903 
vt 7.61818 -5.92287 
vt 2.58421 -5.92287 
vt 7.1006 4.50903 
vt 2.58421 4.50903 
vt 7.1006 -0.52495 
vt 2.58421 -0.52495 
vt 7.1006 4.50903 
vt 2.58421 4.50903 
vt 7.1006 -5.92287 
vt 2.58421 -5.92287 
vt 7.61818 4.50903 
vt 2.58421 4.50903 
vt 7.61818 -5.92287 
vt 2.58421 -5.92287 
vt 7.1006 4.50903 
vt 2.58421 4.50903 
vt 7.1006 -0.52495 
vt 2.58421 -0.52495 
vt 7.1006 4.50903 
vt 2.58421 4.50903 
vt 7.1006 -5.92287 
vt 2.58421 -5.92287 

usemtl Part11Mtl

f 841/841/841 842/842/842 843/843/843 
f 843/843/843 842/842/842 844/844/844 
f 845/845/845 846/846/846 847/847/847 
f 847/847/847 846/846/846 848/848/848 
f 849/849/849 850/850/850 851/851/851 
f 851/851/851 850/850/850 852/852/852 
f 853/853/853 854/854/854 855/855/855 
f 855/855/855 854/854/854 856/856/856 
f 857/857/857 858/858/858 859/859/859 
f 859/859/859 858/858/858 860/860/860 
f 861/861/861 862/862/862 863/863/863 
f 863/863/863 862/862/862 864/864/864 

g Part37

v -347.233 116.819 193.782 
v -347.233 116.819 108.442 
v -347.233 0.5 193.782 
v -347.233 0.5 108.442 
v -307.069 116.819 108.442 
v -347.233 116.819 108.442 
v -307.069 116.819 193.782 
v -347.233 116.819 193.782 
v -347.233 116.819 108.442 
v -307.069 116.819 108.442 
v -347.233 0.5 108.442 
v -307.069 0.5 108.442 
v -307.069 116.819 108.442 
v -307.069 116.819 193.782 
v -307.069 0.5 108.442 
v -307.069 0.5 193.782 
v -307.069 0.5 193.782 
v -347.233 0.5 193.782 
v -307.069 0.5 108.442 
v -347.233 0.5 108.442 
v -307.069 116.819 193.782 
v -347.233 116.819 193.782 
v -307.069 0.5 193.782 
v -347.233 0.5 193.782 

vn -1 0 0 
vn -1 0 0 
vn -1 0 0 
vn -1 0 0 
vn 0 1 0 
vn 0 1 0 
vn 0 1 0 
vn 0 1 0 
vn 0 0 -1 
vn 0 0 -1 
vn 0 0 -1 
vn 0 0 -1 
vn 1 0 0 
vn 1 0 0 
vn 1 0 0 
vn 1 0 0 
vn 0 -1 0 
vn 0 -1 0 
vn 0 -1 0 
vn 0 -1 0 
vn 0 0 1 
vn 0 0 1 
vn 0 0 1 
vn 0 0 1 

vt 6.69438 -10.1511 
vt -1.83959 -10.1511 
vt 6.69438 -21.783 
vt -1.83959 -21.783 
vt 2.1768 -10.1511 
vt -1.83959 -10.1511 
vt 2.1768 -18.6851 
vt -1.83959 -18.6851 
vt 2.1768 -10.1511 
vt -1.83959 -10.1511 
vt 2.1768 -21.783 
vt -1.83959 -21.783 
vt 6.69438 -10.1511 
vt -1.83959 -10.1511 
vt 6.69438 -21.783 
vt -1.83959 -21.783 
vt 2.1768 -10.1511 
vt -1.83959 -10.1511 
vt 2.1768 -18.6851 
vt -1.83959 -18.6851 
vt 2.1768 -10.1511 
vt -1.83959 -10.1511 
vt 2.1768 -21.783 
vt -1.83959 -21.783 

usemtl Part11Mtl

f 865/865/865 866/866/866 867/867/867 
f 867/867/867 866/866/866 868/868/868 
f 869/869/869 870/870/870 871/871/871 
f 871/871/871 870/870/870 872/872/872 
f 873/873/873 874/874/874 875/875/875 
f 875/875/875 874/874/874 876/876/876 
f 877/877/877 878/878/878 879/879/879 
f 879/879/879 878/878/878 880/880/880 
f 881/881/881 882/882/882 883/883/883 
f 883/883/883 882/882/882 884/884/884 
f 885/885/885 886/886/886 887/887/887 
f 887/887/887 886/886/886 888/888/888 

g Part38

v -304.208 108.819 268.106 
v -346.878 108.819 194.2 
v -304.208 0.5 268.106 
v -346.878 0.5 194.2 
v -312.094 108.819 174.118 
v -346.878 108.819 194.2 
v -269.425 108.819 248.024 
v -304.208 108.819 268.106 
v -346.878 108.819 194.2 
v -312.094 108.819 174.118 
v -346.878 0.5 194.2 
v -312.094 0.5 174.118 
v -312.094 108.819 174.118 
v -269.425 108.819 248.024 
v -312.094 0.5 174.118 
v -269.425 0.5 248.024 
v -269.425 0.5 248.024 
v -304.208 0.5 268.106 
v -312.094 0.5 174.118 
v -346.878 0.5 194.2 
v -269.425 108.819 248.024 
v -304.208 108.819 268.106 
v -269.425 0.5 248.024 
v -304.208 0.5 268.106 

vn -0.866142 0 0.503937 
vn -0.866142 0 0.503937 
vn -0.866142 0 0.503937 
vn -0.866142 0 0.503937 
vn 0 1 0 
vn 0 1 0 
vn 0 1 0 
vn 0 1 0 
vn -0.496063 0 -0.866142 
vn -0.496063 0 -0.866142 
vn -0.496063 0 -0.866142 
vn -0.496063 0 -0.866142 
vn 0.866142 0 -0.496063 
vn 0.866142 0 -0.496063 
vn 0.866142 0 -0.496063 
vn 0.866142 0 -0.496063 
vn 0 -1 0 
vn 0 -1 0 
vn 0 -1 0 
vn 0 -1 0 
vn 0.503937 0 0.866142 
vn 0.503937 0 0.866142 
vn 0.503937 0 0.866142 
vn 0.503937 0 0.866142 

vt 16.828 -3.67225 
vt 8.29407 -3.67225 
vt 16.828 -14.5041 
vt 8.29407 -14.5041 
vt 12.3105 -3.67225 
vt 8.29407 -3.67225 
vt 12.3105 -12.2062 
vt 8.29407 -12.2062 
vt 12.3105 -3.67225 
vt 8.29407 -3.67225 
vt 12.3105 -14.5041 
vt 8.29407 -14.5041 
vt 16.828 -3.67225 
vt 8.29407 -3.67225 
vt 16.828 -14.5041 
vt 8.29407 -14.5041 
vt 12.3105 -3.67225 
vt 8.29407 -3.67225 
vt 12.3105 -12.2062 
vt 8.29407 -12.2062 
vt 12.3105 -3.67225 
vt 8.29407 -3.67225 
vt 12.3105 -14.5041 
vt 8.29407 -14.5041 

usemtl Part11Mtl

f 889/889/889 890/890/890 891/891/891 
f 891/891/891 890/890/890 892/892/892 
f 893/893/893 894/894/894 895/895/895 
f 895/895/895 894/894/894 896/896/896 
f 897/897/897 898/898/898 899/899/899 
f 899/899/899 898/898/898 900/900/900 
f 901/901/901 902/902/902 903/903/903 
f 903/903/903 902/902/902 904/904/904 
f 905/905/905 906/906/906 907/907/907 
f 907/907/907 906/906/906 908/908/908 
f 909/909/909 910/910/910 911/911/911 
f 911/911/911 910/910/910 912/912/912 

g Part39

v -306.481 132.819 272.194 
v -356.821 132.819 272.194 
v -306.481 0.5 272.194 
v -356.821 0.5 272.194 
v -356.821 132.819 227.03 
v -356.821 132.819 272.194 
v -306.481 132.819 227.03 
v -306.481 132.819 272.194 
v -356.821 132.819 272.194 
v -356.821 132.819 227.03 
v -356.821 0.5 272.194 
v -356.821 0.5 227.03 
v -356.821 132.819 227.03 
v -306.481 132.819 227.03 
v -356.821 0.5 227.03 
v -306.481 0.5 227.03 
v -306.481 0.5 227.03 
v -306.481 0.5 272.194 
v -356.821 0.5 227.03 
v -356.821 0.5 272.194 
v -306.481 132.819 227.03 
v -306.481 132.819 272.194 
v -306.481 0.5 227.03 
v -306.481 0.5 272.194 

vn 0 0 1 
vn 0 0 1 
vn 0 0 1 
vn 0 0 1 
vn 0 1 0 
vn 0 1 0 
vn 0 1 0 
vn 0 1 0 
vn -1 0 0 
vn -1 0 0 
vn -1 0 0 
vn -1 0 0 
vn 0 0 -1 
vn 0 0 -1 
vn 0 0 -1 
vn 0 0 -1 
vn 0 -1 0 
vn 0 -1 0 
vn 0 -1 0 
vn 0 -1 0 
vn 1 0 0 
vn 1 0 0 
vn 1 0 0 
vn 1 0 0 

vt 2.01587 -9.20293 
vt -3.0181 -9.20293 
vt 2.01587 -22.4348 
vt -3.0181 -22.4348 
vt 1.49829 -9.20293 
vt -3.0181 -9.20293 
vt 1.49829 -14.2369 
vt -3.0181 -14.2369 
vt 1.49829 -9.20293 
vt -3.0181 -9.20293 
vt 1.49829 -22.4348 
vt -3.0181 -22.4348 
vt 2.01587 -9.20293 
vt -3.0181 -9.20293 
vt 2.01587 -22.4348 
vt -3.0181 -22.4348 
vt 1.49829 -9.20293 
vt -3.0181 -9.20293 
vt 1.49829 -14.2369 
vt -3.0181 -14.2369 
vt 1.49829 -9.20293 
vt -3.0181 -9.20293 
vt 1.49829 -22.4348 
vt -3.0181 -22.4348 

usemtl Part11Mtl

f 913/913/913 914/914/914 915/915/915 
f 915/915/915 914/914/914 916/916/916 
f 917/917/917 918/918/918 919/919/919 
f 919/919/919 918/918/918 920/920/920 
f 921/921/921 922/922/922 923/923/923 
f 923/923/923 922/922/922 924/924/924 
f 925/925/925 926/926/926 927/927/927 
f 927/927/927 926/926/926 928/928/928 
f 929/929/929 930/930/930 931/931/931 
f 931/931/931 930/930/930 932/932/932 
f 933/933/933 934/934/934 935/935/935 
f 935/935/935 934/934/934 936/936/936 

g Part40

v -221.787 103.819 221.854 
v -176.061 103.819 209.601 
v -221.787 0.5 221.854 
v -176.061 0.5 209.601 
v -164.371 103.819 253.226 
v -176.061 103.819 209.601 
v -210.098 103.819 265.479 
v -221.787 103.819 221.854 
v -176.061 103.819 209.601 
v -164.371 103.819 253.226 
v -176.061 0.5 209.601 
v -164.371 0.5 253.226 
v -164.371 103.819 253.226 
v -210.098 103.819 265.479 
v -164.371 0.5 253.226 
v -210.098 0.5 265.479 
v -210.098 0.5 265.479 
v -221.787 0.5 221.854 
v -164.371 0.5 253.226 
v -176.061 0.5 209.601 
v -210.098 103.819 265.479 
v -221.787 103.819 221.854 
v -210.098 0.5 265.479 
v -221.787 0.5 221.854 

vn -0.259843 0 -0.968504 
vn -0.259843 0 -0.968504 
vn -0.259843 0 -0.968504 
vn -0.259843 0 -0.968504 
vn 0 1 0 
vn 0 1 0 
vn 0 1 0 
vn 0 1 0 
vn 0.968504 0 -0.259843 
vn 0.968504 0 -0.259843 
vn 0.968504 0 -0.259843 
vn 0.968504 0 -0.259843 
vn 0.259843 0 0.968504 
vn 0.259843 0 0.968504 
vn 0.259843 0 0.968504 
vn 0.259843 0 0.968504 
vn 0 -1 0 
vn 0 -1 0 
vn 0 -1 0 
vn 0 -1 0 
vn -0.968504 0 0.259843 
vn -0.968504 0 0.259843 
vn -0.968504 0 0.259843 
vn -0.968504 0 0.259843 

vt -4.01533 -5.95006 
vt -8.7493 -5.95006 
vt -4.01533 -16.282 
vt -8.7493 -16.282 
vt -4.2329 -5.95006 
vt -8.7493 -5.95006 
vt -4.2329 -10.684 
vt -8.7493 -10.684 
vt -4.2329 -5.95006 
vt -8.7493 -5.95006 
vt -4.2329 -16.282 
vt -8.7493 -16.282 
vt -4.01533 -5.95006 
vt -8.7493 -5.95006 
vt -4.01533 -16.282 
vt -8.7493 -16.282 
vt -4.2329 -5.95006 
vt -8.7493 -5.95006 
vt -4.2329 -10.684 
vt -8.7493 -10.684 
vt -4.2329 -5.95006 
vt -8.7493 -5.95006 
vt -4.2329 -16.282 
vt -8.7493 -16.282 

usemtl Part11Mtl

f 937/937/937 938/938/938 939/939/939 
f 939/939/939 938/938/938 940/940/940 
f 941/941/941 942/942/942 943/943/943 
f 943/943/943 942/942/942 944/944/944 
f 945/945/945 946/946/946 947/947/947 
f 947/947/947 946/946/946 948/948/948 
f 949/949/949 950/950/950 951/951/951 
f 951/951/951 950/950/950 952/952/952 
f 953/953/953 954/954/954 955/955/955 
f 955/955/955 954/954/954 956/956/956 
f 957/957/957 958/958/958 959/959/959 
f 959/959/959 958/958/958 960/960/960 

g Part41

v -178.661 96.819 261.21 
v -178.661 96.819 213.87 
v -178.661 0.5 261.21 
v -178.661 0.5 213.87 
v -133.497 96.819 213.87 
v -178.661 96.819 213.87 
v -133.497 96.819 261.21 
v -178.661 96.819 261.21 
v -178.661 96.819 213.87 
v -133.497 96.819 213.87 
v -178.661 0.5 213.87 
v -133.497 0.5 213.87 
v -133.497 96.819 213.87 
v -133.497 96.819 261.21 
v -133.497 0.5 213.87 
v -133.497 0.5 261.21 
v -133.497 0.5 261.21 
v -178.661 0.5 261.21 
v -133.497 0.5 213.87 
v -178.661 0.5 213.87 
v -133.497 96.819 261.21 
v -178.661 96.819 261.21 
v -133.497 0.5 261.21 
v -178.661 0.5 261.21 

vn -1 0 0 
vn -1 0 0 
vn -1 0 0 
vn -1 0 0 
vn 0 1 0 
vn 0 1 0 
vn 0 1 0 
vn 0 1 0 
vn 0 0 -1 
vn 0 0 -1 
vn 0 0 -1 
vn 0 0 -1 
vn 1 0 0 
vn 1 0 0 
vn 1 0 0 
vn 1 0 0 
vn 0 -1 0 
vn 0 -1 0 
vn 0 -1 0 
vn 0 -1 0 
vn 0 0 1 
vn 0 0 1 
vn 0 0 1 
vn 0 0 1 

vt 2.37452 4.03306 
vt -2.35945 4.03306 
vt 2.37452 -5.59884 
vt -2.35945 -5.59884 
vt 2.15694 4.03306 
vt -2.35945 4.03306 
vt 2.15694 -0.700917 
vt -2.35945 -0.700917 
vt 2.15694 4.03306 
vt -2.35945 4.03306 
vt 2.15694 -5.59884 
vt -2.35945 -5.59884 
vt 2.37452 4.03306 
vt -2.35945 4.03306 
vt 2.37452 -5.59884 
vt -2.35945 -5.59884 
vt 2.15694 4.03306 
vt -2.35945 4.03306 
vt 2.15694 -0.700917 
vt -2.35945 -0.700917 
vt 2.15694 4.03306 
vt -2.35945 4.03306 
vt 2.15694 -5.59884 
vt -2.35945 -5.59884 

usemtl Part11Mtl

f 961/961/961 962/962/962 963/963/963 
f 963/963/963 962/962/962 964/964/964 
f 965/965/965 966/966/966 967/967/967 
f 967/967/967 966/966/966 968/968/968 
f 969/969/969 970/970/970 971/971/971 
f 971/971/971 970/970/970 972/972/972 
f 973/973/973 974/974/974 975/975/975 
f 975/975/975 974/974/974 976/976/976 
f 977/977/977 978/978/978 979/979/979 
f 979/979/979 978/978/978 980/980/980 
f 981/981/981 982/982/982 983/983/983 
f 983/983/983 982/982/982 984/984/984 

g Part42

v -199.91 112.819 277.622 
v -250.249 112.819 277.622 
v -199.91 0.5 277.622 
v -250.249 0.5 277.622 
v -250.249 112.819 232.458 
v -250.249 112.819 277.622 
v -199.91 112.819 232.458 
v -199.91 112.819 277.622 
v -250.249 112.819 277.622 
v -250.249 112.819 232.458 
v -250.249 0.5 277.622 
v -250.249 0.5 232.458 
v -250.249 112.819 232.458 
v -199.91 112.819 232.458 
v -250.249 0.5 232.458 
v -199.91 0.5 232.458 
v -199.91 0.5 232.458 
v -199.91 0.5 277.622 
v -250.249 0.5 232.458 
v -250.249 0.5 277.622 
v -199.91 112.819 232.458 
v -199.91 112.819 277.622 
v -199.91 0.5 232.458 
v -199.91 0.5 277.622 

vn 0 0 1 
vn 0 0 1 
vn 0 0 1 
vn 0 0 1 
vn 0 1 0 
vn 0 1 0 
vn 0 1 0 
vn 0 1 0 
vn -1 0 0 
vn -1 0 0 
vn -1 0 0 
vn -1 0 0 
vn 0 0 -1 
vn 0 0 -1 
vn 0 0 -1 
vn 0 0 -1 
vn 0 -1 0 
vn 0 -1 0 
vn 0 -1 0 
vn 0 -1 0 
vn 1 0 0 
vn 1 0 0 
vn 1 0 0 
vn 1 0 0 

vt 8.1295 -6.21417 
vt 3.09552 -6.21417 
vt 8.1295 -17.4461 
vt 3.09552 -17.4461 
vt 7.61192 -6.21417 
vt 3.09552 -6.21417 
vt 7.61192 -11.2481 
vt 3.09552 -11.2481 
vt 7.61192 -6.21417 
vt 3.09552 -6.21417 
vt 7.61192 -17.4461 
vt 3.09552 -17.4461 
vt 8.1295 -6.21417 
vt 3.09552 -6.21417 
vt 8.1295 -17.4461 
vt 3.09552 -17.4461 
vt 7.61192 -6.21417 
vt 3.09552 -6.21417 
vt 7.61192 -11.2481 
vt 3.09552 -11.2481 
vt 7.61192 -6.21417 
vt 3.09552 -6.21417 
vt 7.61192 -17.4461 
vt 3.09552 -17.4461 

usemtl Part11Mtl

f 985/985/985 986/986/986 987/987/987 
f 987/987/987 986/986/986 988/988/988 
f 989/989/989 990/990/990 991/991/991 
f 991/991/991 990/990/990 992/992/992 
f 993/993/993 994/994/994 995/995/995 
f 995/995/995 994/994/994 996/996/996 
f 997/997/997 998/998/998 999/999/999 
f 999/999/999 998/998/998 1000/1000/1000 
f 1001/1001/1001 1002/1002/1002 1003/1003/1003 
f 1003/1003/1003 1002/1002/1002 1004/1004/1004 
f 1005/1005/1005 1006/1006/1006 1007/1007/1007 
f 1007/1007/1007 1006/1006/1006 1008/1008/1008 

g Part43

v -288.661 104.819 270.21 
v -288.661 104.819 219.87 
v -288.661 0.5 270.21 
v -288.661 0.5 219.87 
v -243.497 104.819 219.87 
v -288.661 104.819 219.87 
v -243.497 104.819 270.21 
v -288.661 104.819 270.21 
v -288.661 104.819 219.87 
v -243.497 104.819 219.87 
v -288.661 0.5 219.87 
v -243.497 0.5 219.87 
v -243.497 104.819 219.87 
v -243.497 104.819 270.21 
v -243.497 0.5 219.87 
v -243.497 0.5 270.21 
v -243.497 0.5 270.21 
v -288.661 0.5 270.21 
v -243.497 0.5 219.87 
v -288.661 0.5 219.87 
v -243.497 104.819 270.21 
v -288.661 104.819 270.21 
v -243.497 0.5 270.21 
v -288.661 0.5 270.21 

vn -1 0 0 
vn -1 0 0 
vn -1 0 0 
vn -1 0 0 
vn 0 1 0 
vn 0 1 0 
vn 0 1 0 
vn 0 1 0 
vn 0 0 -1 
vn 0 0 -1 
vn 0 0 -1 
vn 0 0 -1 
vn 1 0 0 
vn 1 0 0 
vn 1 0 0 
vn 1 0 0 
vn 0 -1 0 
vn 0 -1 0 
vn 0 -1 0 
vn 0 -1 0 
vn 0 0 1 
vn 0 0 1 
vn 0 0 1 
vn 0 0 1 

vt 6.05351 -6.08803 
vt 1.01954 -6.08803 
vt 6.05351 -16.5199 
vt 1.01954 -16.5199 
vt 5.53593 -6.08803 
vt 1.01954 -6.08803 
vt 5.53593 -11.122 
vt 1.01954 -11.122 
vt 5.53593 -6.08803 
vt 1.01954 -6.08803 
vt 5.53593 -16.5199 
vt 1.01954 -16.5199 
vt 6.05351 -6.08803 
vt 1.01954 -6.08803 
vt 6.05351 -16.5199 
vt 1.01954 -16.5199 
vt 5.53593 -6.08803 
vt 1.01954 -6.08803 
vt 5.53593 -11.122 
vt 1.01954 -11.122 
vt 5.53593 -6.08803 
vt 1.01954 -6.08803 
vt 5.53593 -16.5199 
vt 1.01954 -16.5199 

usemtl Part11Mtl

f 1009/1009/1009 1010/1010/1010 1011/1011/1011 
f 1011/1011/1011 1010/1010/1010 1012/1012/1012 
f 1013/1013/1013 1014/1014/1014 1015/1015/1015 
f 1015/1015/1015 1014/1014/1014 1016/1016/1016 
f 1017/1017/1017 1018/1018/1018 1019/1019/1019 
f 1019/1019/1019 1018/1018/1018 1020/1020/1020 
f 1021/1021/1021 1022/1022/1022 1023/1023/1023 
f 1023/1023/1023 1022/1022/1022 1024/1024/1024 
f 1025/1025/1025 1026/1026/1026 1027/1027/1027 
f 1027/1027/1027 1026/1026/1026 1028/1028/1028 
f 1029/1029/1029 1030/1030/1030 1031/1031/1031 
f 1031/1031/1031 1030/1030/1030 1032/1032/1032 

g Part44

v -135.859 103.819 -299.487 
v -90.1323 103.819 -311.739 
v -135.859 0.5 -299.487 
v -90.1323 0.5 -311.739 
v -78.443 103.819 -268.114 
v -90.1323 103.819 -311.739 
v -124.17 103.819 -255.862 
v -135.859 103.819 -299.487 
v -90.1323 103.819 -311.739 
v -78.443 103.819 -268.114 
v -90.1323 0.5 -311.739 
v -78.443 0.5 -268.114 
v -78.443 103.819 -268.114 
v -124.17 103.819 -255.862 
v -78.443 0.5 -268.114 
v -124.17 0.5 -255.862 
v -124.17 0.5 -255.862 
v -135.859 0.5 -299.487 
v -78.443 0.5 -268.114 
v -90.1323 0.5 -311.739 
v -124.17 103.819 -255.862 
v -135.859 103.819 -299.487 
v -124.17 0.5 -255.862 
v -135.859 0.5 -299.487 

vn -0.259843 0 -0.968504 
vn -0.259843 0 -0.968504 
vn -0.259843 0 -0.968504 
vn -0.259843 0 -0.968504 
vn 0 1 0 
vn 0 1 0 
vn 0 1 0 
vn 0 1 0 
vn 0.968504 0 -0.259843 
vn 0.968504 0 -0.259843 
vn 0.968504 0 -0.259843 
vn 0.968504 0 -0.259843 
vn 0.259843 0 0.968504 
vn 0.259843 0 0.968504 
vn 0.259843 0 0.968504 
vn 0.259843 0 0.968504 
vn 0 -1 0 
vn 0 -1 0 
vn 0 -1 0 
vn 0 -1 0 
vn -0.968504 0 0.259843 
vn -0.968504 0 0.259843 
vn -0.968504 0 0.259843 
vn -0.968504 0 0.259843 

vt 2.61435 -7.76982 
vt -2.11962 -7.76982 
vt 2.61435 -18.1017 
vt -2.11962 -18.1017 
vt 2.39677 -7.76982 
vt -2.11962 -7.76982 
vt 2.39677 -12.5038 
vt -2.11962 -12.5038 
vt 2.39677 -7.76982 
vt -2.11962 -7.76982 
vt 2.39677 -18.1017 
vt -2.11962 -18.1017 
vt 2.61435 -7.76982 
vt -2.11962 -7.76982 
vt 2.61435 -18.1017 
vt -2.11962 -18.1017 
vt 2.39677 -7.76982 
vt -2.11962 -7.76982 
vt 2.39677 -12.5038 
vt -2.11962 -12.5038 
vt 2.39677 -7.76982 
vt -2.11962 -7.76982 
vt 2.39677 -18.1017 
vt -2.11962 -18.1017 

usemtl Part11Mtl

f 1033/1033/1033 1034/1034/1034 1035/1035/1035 
f 1035/1035/1035 1034/1034/1034 1036/1036/1036 
f 1037/1037/1037 1038/1038/1038 1039/1039/1039 
f 1039/1039/1039 1038/1038/1038 1040/1040/1040 
f 1041/1041/1041 1042/1042/1042 1043/1043/1043 
f 1043/1043/1043 1042/1042/1042 1044/1044/1044 
f 1045/1045/1045 1046/1046/1046 1047/1047/1047 
f 1047/1047/1047 1046/1046/1046 1048/1048/1048 
f 1049/1049/1049 1050/1050/1050 1051/1051/1051 
f 1051/1051/1051 1050/1050/1050 1052/1052/1052 
f 1053/1053/1053 1054/1054/1054 1055/1055/1055 
f 1055/1055/1055 1054/1054/1054 1056/1056/1056 

g Part45

v -281.321 116.819 -298.882 
v -195.981 116.819 -298.882 
v -281.321 0.5 -298.882 
v -195.981 0.5 -298.882 
v -195.981 116.819 -258.718 
v -195.981 116.819 -298.882 
v -281.321 116.819 -258.718 
v -281.321 116.819 -298.882 
v -195.981 116.819 -298.882 
v -195.981 116.819 -258.718 
v -195.981 0.5 -298.882 
v -195.981 0.5 -258.718 
v -195.981 116.819 -258.718 
v -281.321 116.819 -258.718 
v -195.981 0.5 -258.718 
v -281.321 0.5 -258.718 
v -281.321 0.5 -258.718 
v -281.321 0.5 -298.882 
v -195.981 0.5 -258.718 
v -195.981 0.5 -298.882 
v -281.321 116.819 -258.718 
v -281.321 116.819 -298.882 
v -281.321 0.5 -258.718 
v -281.321 0.5 -298.882 

vn 0 0 -1 
vn 0 0 -1 
vn 0 0 -1 
vn 0 0 -1 
vn 0 1 0 
vn 0 1 0 
vn 0 1 0 
vn 0 1 0 
vn 1 0 0 
vn 1 0 0 
vn 1 0 0 
vn 1 0 0 
vn 0 0 1 
vn 0 0 1 
vn 0 0 1 
vn 0 0 1 
vn 0 -1 0 
vn 0 -1 0 
vn 0 -1 0 
vn 0 -1 0 
vn -1 0 0 
vn -1 0 0 
vn -1 0 0 
vn -1 0 0 

vt 13.5423 -2.04404 
vt 5.00837 -2.04404 
vt 13.5423 -13.6759 
vt 5.00837 -13.6759 
vt 9.02476 -2.04404 
vt 5.00837 -2.04404 
vt 9.02476 -10.578 
vt 5.00837 -10.578 
vt 9.02476 -2.04404 
vt 5.00837 -2.04404 
vt 9.02476 -13.6759 
vt 5.00837 -13.6759 
vt 13.5423 -2.04404 
vt 5.00837 -2.04404 
vt 13.5423 -13.6759 
vt 5.00837 -13.6759 
vt 9.02476 -2.04404 
vt 5.00837 -2.04404 
vt 9.02476 -10.578 
vt 5.00837 -10.578 
vt 9.02476 -2.04404 
vt 5.00837 -2.04404 
vt 9.02476 -13.6759 
vt 5.00837 -13.6759 

usemtl Part11Mtl

f 1057/1057/1057 1058/1058/1058 1059/1059/1059 
f 1059/1059/1059 1058/1058/1058 1060/1060/1060 
f 1061/1061/1061 1062/1062/1062 1063/1063/1063 
f 1063/1063/1063 1062/1062/1062 1064/1064/1064 
f 1065/1065/1065 1066/1066/1066 1067/1067/1067 
f 1067/1067/1067 1066/1066/1066 1068/1068/1068 
f 1069/1069/1069 1070/1070/1070 1071/1071/1071 
f 1071/1071/1071 1070/1070/1070 1072/1072/1072 
f 1073/1073/1073 1074/1074/1074 1075/1075/1075 
f 1075/1075/1075 1074/1074/1074 1076/1076/1076 
f 1077/1077/1077 1078/1078/1078 1079/1079/1079 
f 1079/1079/1079 1078/1078/1078 1080/1080/1080 

g Part46

v -113.981 112.819 -243.718 
v -164.321 112.819 -243.718 
v -113.981 0.5 -243.718 
v -164.321 0.5 -243.718 
v -164.321 112.819 -288.882 
v -164.321 112.819 -243.718 
v -113.981 112.819 -288.882 
v -113.981 112.819 -243.718 
v -164.321 112.819 -243.718 
v -164.321 112.819 -288.882 
v -164.321 0.5 -243.718 
v -164.321 0.5 -288.882 
v -164.321 112.819 -288.882 
v -113.981 112.819 -288.882 
v -164.321 0.5 -288.882 
v -113.981 0.5 -288.882 
v -113.981 0.5 -288.882 
v -113.981 0.5 -243.718 
v -164.321 0.5 -288.882 
v -164.321 0.5 -243.718 
v -113.981 112.819 -288.882 
v -113.981 112.819 -243.718 
v -113.981 0.5 -288.882 
v -113.981 0.5 -243.718 

vn 0 0 1 
vn 0 0 1 
vn 0 0 1 
vn 0 0 1 
vn 0 1 0 
vn 0 1 0 
vn 0 1 0 
vn 0 1 0 
vn -1 0 0 
vn -1 0 0 
vn -1 0 0 
vn -1 0 0 
vn 0 0 -1 
vn 0 0 -1 
vn 0 0 -1 
vn 0 0 -1 
vn 0 -1 0 
vn 0 -1 0 
vn 0 -1 0 
vn 0 -1 0 
vn 1 0 0 
vn 1 0 0 
vn 1 0 0 
vn 1 0 0 

vt 1.69572 10.2855 
vt -3.33826 10.2855 
vt 1.69572 -0.946442 
vt -3.33826 -0.946442 
vt 1.17814 10.2855 
vt -3.33826 10.2855 
vt 1.17814 5.25148 
vt -3.33826 5.25148 
vt 1.17814 10.2855 
vt -3.33826 10.2855 
vt 1.17814 -0.946442 
vt -3.33826 -0.946442 
vt 1.69572 10.2855 
vt -3.33826 10.2855 
vt 1.69572 -0.946442 
vt -3.33826 -0.946442 
vt 1.17814 10.2855 
vt -3.33826 10.2855 
vt 1.17814 5.25148 
vt -3.33826 5.25148 
vt 1.17814 10.2855 
vt -3.33826 10.2855 
vt 1.17814 -0.946442 
vt -3.33826 -0.946442 

usemtl Part11Mtl

f 1081/1081/1081 1082/1082/1082 1083/1083/1083 
f 1083/1083/1083 1082/1082/1082 1084/1084/1084 
f 1085/1085/1085 1086/1086/1086 1087/1087/1087 
f 1087/1087/1087 1086/1086/1086 1088/1088/1088 
f 1089/1089/1089 1090/1090/1090 1091/1091/1091 
f 1091/1091/1091 1090/1090/1090 1092/1092/1092 
f 1093/1093/1093 1094/1094/1094 1095/1095/1095 
f 1095/1095/1095 1094/1094/1094 1096/1096/1096 
f 1097/1097/1097 1098/1098/1098 1099/1099/1099 
f 1099/1099/1099 1098/1098/1098 1100/1100/1100 
f 1101/1101/1101 1102/1102/1102 1103/1103/1103 
f 1103/1103/1103 1102/1102/1102 1104/1104/1104 

g Part47

v -0.320914 116.819 -298.882 
v 85.0188 116.819 -298.882 
v -0.320914 -65.5 -298.882 
v 85.0188 -65.5 -298.882 
v 85.0188 116.819 -258.718 
v 85.0188 116.819 -298.882 
v -0.320911 116.819 -258.718 
v -0.320914 116.819 -298.882 
v 85.0188 116.819 -298.882 
v 85.0188 116.819 -258.718 
v 85.0188 -65.5 -298.882 
v 85.0188 -65.5 -258.718 
v 85.0188 116.819 -258.718 
v -0.320911 116.819 -258.718 
v 85.0188 -65.5 -258.718 
v -0.320911 -65.5 -258.718 
v -0.320911 -65.5 -258.718 
v -0.320914 -65.5 -298.882 
v 85.0188 -65.5 -258.718 
v 85.0188 -65.5 -298.882 
v -0.320911 116.819 -258.718 
v -0.320914 116.819 -298.882 
v -0.320911 -65.5 -258.718 
v -0.320914 -65.5 -298.882 

vn 0 0 -1 
vn 0 0 -1 
vn 0 0 -1 
vn 0 0 -1 
vn 0 1 0 
vn 0 1 0 
vn 0 1 0 
vn 0 1 0 
vn 1 0 0 
vn 1 0 0 
vn 1 0 0 
vn 1 0 0 
vn 0 0 1 
vn 0 0 1 
vn 0 0 1 
vn 0 0 1 
vn 0 -1 0 
vn 0 -1 0 
vn 0 -1 0 
vn 0 -1 0 
vn -1 0 0 
vn -1 0 0 
vn -1 0 0 
vn -1 0 0 

vt 22.3197 -13.8411 
vt 13.7857 -13.8411 
vt 22.3197 -32.073 
vt 13.7857 -32.073 
vt 17.8021 -13.8411 
vt 13.7857 -13.8411 
vt 17.8021 -22.3751 
vt 13.7857 -22.3751 
vt 17.8021 -13.8411 
vt 13.7857 -13.8411 
vt 17.8021 -32.073 
vt 13.7857 -32.073 
vt 22.3197 -13.8411 
vt 13.7857 -13.8411 
vt 22.3197 -32.073 
vt 13.7857 -32.073 
vt 17.8021 -13.8411 
vt 13.7857 -13.8411 
vt 17.8021 -22.3751 
vt 13.7857 -22.3751 
vt 17.8021 -13.8411 
vt 13.7857 -13.8411 
vt 17.8021 -32.073 
vt 13.7857 -32.073 

usemtl Part11Mtl

f 1105/1105/1105 1106/1106/1106 1107/1107/1107 
f 1107/1107/1107 1106/1106/1106 1108/1108/1108 
f 1109/1109/1109 1110/1110/1110 1111/1111/1111 
f 1111/1111/1111 1110/1110/1110 1112/1112/1112 
f 1113/1113/1113 1114/1114/1114 1115/1115/1115 
f 1115/1115/1115 1114/1114/1114 1116/1116/1116 
f 1117/1117/1117 1118/1118/1118 1119/1119/1119 
f 1119/1119/1119 1118/1118/1118 1120/1120/1120 
f 1121/1121/1121 1122/1122/1122 1123/1123/1123 
f 1123/1123/1123 1122/1122/1122 1124/1124/1124 
f 1125/1125/1125 1126/1126/1126 1127/1127/1127 
f 1127/1127/1127 1126/1126/1126 1128/1128/1128 

g Part48

v -25.478 107.819 -261.833 
v -12.4491 107.819 -310.457 
v -25.478 -65.5 -261.833 
v -12.4491 -65.5 -310.457 
v 31.1759 107.819 -298.768 
v -12.4491 107.819 -310.457 
v 18.147 107.819 -250.143 
v -25.478 107.819 -261.833 
v -12.4491 107.819 -310.457 
v 31.1759 107.819 -298.768 
v -12.4491 -65.5 -310.457 
v 31.1759 -65.5 -298.768 
v 31.1759 107.819 -298.768 
v 18.147 107.819 -250.143 
v 31.1759 -65.5 -298.768 
v 18.147 -65.5 -250.143 
v 18.147 -65.5 -250.143 
v -25.478 -65.5 -261.833 
v 31.1759 -65.5 -298.768 
v -12.4491 -65.5 -310.457 
v 18.147 107.819 -250.143 
v -25.478 107.819 -261.833 
v 18.147 -65.5 -250.143 
v -25.478 -65.5 -261.833 

vn -0.968504 0 -0.259843 
vn -0.968504 0 -0.259843 
vn -0.968504 0 -0.259843 
vn -0.968504 0 -0.259843 
vn 0 1 0 
vn 0 1 0 
vn 0 1 0 
vn 0 1 0 
vn 0.259843 0 -0.968504 
vn 0.259843 0 -0.968504 
vn 0.259843 0 -0.968504 
vn 0.259843 0 -0.968504 
vn 0.968504 0 0.259843 
vn 0.968504 0 0.259843 
vn 0.968504 0 0.259843 
vn 0.968504 0 0.259843 
vn 0 -1 0 
vn 0 -1 0 
vn 0 -1 0 
vn 0 -1 0 
vn -0.259843 0 0.968504 
vn -0.259843 0 0.968504 
vn -0.259843 0 0.968504 
vn -0.259843 0 0.968504 

vt 13.2351 -8.54095 
vt 8.20111 -8.54095 
vt 13.2351 -25.8728 
vt 8.20111 -25.8728 
vt 12.7175 -8.54095 
vt 8.20111 -8.54095 
vt 12.7175 -13.5749 
vt 8.20111 -13.5749 
vt 12.7175 -8.54095 
vt 8.20111 -8.54095 
vt 12.7175 -25.8728 
vt 8.20111 -25.8728 
vt 13.2351 -8.54095 
vt 8.20111 -8.54095 
vt 13.2351 -25.8728 
vt 8.20111 -25.8728 
vt 12.7175 -8.54095 
vt 8.20111 -8.54095 
vt 12.7175 -13.5749 
vt 8.20111 -13.5749 
vt 12.7175 -8.54095 
vt 8.20111 -8.54095 
vt 12.7175 -25.8728 
vt 8.20111 -25.8728 

usemtl Part11Mtl

f 1129/1129/1129 1130/1130/1130 1131/1131/1131 
f 1131/1131/1131 1130/1130/1130 1132/1132/1132 
f 1133/1133/1133 1134/1134/1134 1135/1135/1135 
f 1135/1135/1135 1134/1134/1134 1136/1136/1136 
f 1137/1137/1137 1138/1138/1138 1139/1139/1139 
f 1139/1139/1139 1138/1138/1138 1140/1140/1140 
f 1141/1141/1141 1142/1142/1142 1143/1143/1143 
f 1143/1143/1143 1142/1142/1142 1144/1144/1144 
f 1145/1145/1145 1146/1146/1146 1147/1147/1147 
f 1147/1147/1147 1146/1146/1146 1148/1148/1148 
f 1149/1149/1149 1150/1150/1150 1151/1151/1151 
f 1151/1151/1151 1150/1150/1150 1152/1152/1152 

g Part49

v 78.267 104.819 -251.13 
v 78.267 104.819 -301.47 
v 78.267 0.5 -251.13 
v 78.267 0.5 -301.47 
v 123.431 104.819 -301.47 
v 78.267 104.819 -301.47 
v 123.431 104.819 -251.13 
v 78.267 104.819 -251.13 
v 78.267 104.819 -301.47 
v 123.431 104.819 -301.47 
v 78.267 0.5 -301.47 
v 123.431 0.5 -301.47 
v 123.431 104.819 -301.47 
v 123.431 104.819 -251.13 
v 123.431 0.5 -301.47 
v 123.431 0.5 -251.13 
v 123.431 0.5 -251.13 
v 78.267 0.5 -251.13 
v 123.431 0.5 -301.47 
v 78.267 0.5 -301.47 
v 123.431 104.819 -251.13 
v 78.267 104.819 -251.13 
v 123.431 0.5 -251.13 
v 78.267 0.5 -251.13 

vn -1 0 0 
vn -1 0 0 
vn -1 0 0 
vn -1 0 0 
vn 0 1 0 
vn 0 1 0 
vn 0 1 0 
vn 0 1 0 
vn 0 0 -1 
vn 0 0 -1 
vn 0 0 -1 
vn 0 0 -1 
vn 1 0 0 
vn 1 0 0 
vn 1 0 0 
vn 1 0 0 
vn 0 -1 0 
vn 0 -1 0 
vn 0 -1 0 
vn 0 -1 0 
vn 0 0 1 
vn 0 0 1 
vn 0 0 1 
vn 0 0 1 

vt -0.690725 -8.21435 
vt -5.7247 -8.21435 
vt -0.690725 -18.6462 
vt -5.7247 -18.6462 
vt -1.2083 -8.21435 
vt -5.7247 -8.21435 
vt -1.2083 -13.2483 
vt -5.7247 -13.2483 
vt -1.2083 -8.21435 
vt -5.7247 -8.21435 
vt -1.2083 -18.6462 
vt -5.7247 -18.6462 
vt -0.690725 -8.21435 
vt -5.7247 -8.21435 
vt -0.690725 -18.6462 
vt -5.7247 -18.6462 
vt -1.2083 -8.21435 
vt -5.7247 -8.21435 
vt -1.2083 -13.2483 
vt -5.7247 -13.2483 
vt -1.2083 -8.21435 
vt -5.7247 -8.21435 
vt -1.2083 -18.6462 
vt -5.7247 -18.6462 

usemtl Part11Mtl

f 1153/1153/1153 1154/1154/1154 1155/1155/1155 
f 1155/1155/1155 1154/1154/1154 1156/1156/1156 
f 1157/1157/1157 1158/1158/1158 1159/1159/1159 
f 1159/1159/1159 1158/1158/1158 1160/1160/1160 
f 1161/1161/1161 1162/1162/1162 1163/1163/1163 
f 1163/1163/1163 1162/1162/1162 1164/1164/1164 
f 1165/1165/1165 1166/1166/1166 1167/1167/1167 
f 1167/1167/1167 1166/1166/1166 1168/1168/1168 
f 1169/1169/1169 1170/1170/1170 1171/1171/1171 
f 1171/1171/1171 1170/1170/1170 1172/1172/1172 
f 1173/1173/1173 1174/1174/1174 1175/1175/1175 
f 1175/1175/1175 1174/1174/1174 1176/1176/1176 

g Part50

v -202.733 104.819 -251.13 
v -202.733 104.819 -301.47 
v -202.733 0.5 -251.13 
v -202.733 0.5 -301.47 
v -157.569 104.819 -301.47 
v -202.733 104.819 -301.47 
v -157.569 104.819 -251.13 
v -202.733 104.819 -251.13 
v -202.733 104.819 -301.47 
v -157.569 104.819 -301.47 
v -202.733 0.5 -301.47 
v -157.569 0.5 -301.47 
v -157.569 104.819 -301.47 
v -157.569 104.819 -251.13 
v -157.569 0.5 -301.47 
v -157.569 0.5 -251.13 
v -157.569 0.5 -251.13 
v -202.733 0.5 -251.13 
v -157.569 0.5 -301.47 
v -202.733 0.5 -301.47 
v -157.569 104.819 -251.13 
v -202.733 104.819 -251.13 
v -157.569 0.5 -251.13 
v -202.733 0.5 -251.13 

vn -1 0 0 
vn -1 0 0 
vn -1 0 0 
vn -1 0 0 
vn 0 1 0 
vn 0 1 0 
vn 0 1 0 
vn 0 1 0 
vn 0 0 -1 
vn 0 0 -1 
vn 0 0 -1 
vn 0 0 -1 
vn 1 0 0 
vn 1 0 0 
vn 1 0 0 
vn 1 0 0 
vn 0 -1 0 
vn 0 -1 0 
vn 0 -1 0 
vn 0 -1 0 
vn 0 0 1 
vn 0 0 1 
vn 0 0 1 
vn 0 0 1 

vt 13.0607 -3.13851 
vt 8.02672 -3.13851 
vt 13.0607 -13.5704 
vt 8.02672 -13.5704 
vt 12.5431 -3.13851 
vt 8.02672 -3.13851 
vt 12.5431 -8.17248 
vt 8.02672 -8.17248 
vt 12.5431 -3.13851 
vt 8.02672 -3.13851 
vt 12.5431 -13.5704 
vt 8.02672 -13.5704 
vt 13.0607 -3.13851 
vt 8.02672 -3.13851 
vt 13.0607 -13.5704 
vt 8.02672 -13.5704 
vt 12.5431 -3.13851 
vt 8.02672 -3.13851 
vt 12.5431 -8.17248 
vt 8.02672 -8.17248 
vt 12.5431 -3.13851 
vt 8.02672 -3.13851 
vt 12.5431 -13.5704 
vt 8.02672 -13.5704 

usemtl Part11Mtl

f 1177/1177/1177 1178/1178/1178 1179/1179/1179 
f 1179/1179/1179 1178/1178/1178 1180/1180/1180 
f 1181/1181/1181 1182/1182/1182 1183/1183/1183 
f 1183/1183/1183 1182/1182/1182 1184/1184/1184 
f 1185/1185/1185 1186/1186/1186 1187/1187/1187 
f 1187/1187/1187 1186/1186/1186 1188/1188/1188 
f 1189/1189/1189 1190/1190/1190 1191/1191/1191 
f 1191/1191/1191 1190/1190/1190 1192/1192/1192 
f 1193/1193/1193 1194/1194/1194 1195/1195/1195 
f 1195/1195/1195 1194/1194/1194 1196/1196/1196 
f 1197/1197/1197 1198/1198/1198 1199/1199/1199 
f 1199/1199/1199 1198/1198/1198 1200/1200/1200 

g Part51

v -53.733 104.819 -269.13 
v -53.733 104.819 -319.47 
v -53.733 -65.5 -269.13 
v -53.733 -65.5 -319.47 
v -8.56905 104.819 -319.47 
v -53.733 104.819 -319.47 
v -8.56905 104.819 -269.13 
v -53.733 104.819 -269.13 
v -53.733 104.819 -319.47 
v -8.56905 104.819 -319.47 
v -53.733 -65.5 -319.47 
v -8.56905 -65.5 -319.47 
v -8.56905 104.819 -319.47 
v -8.56905 104.819 -269.13 
v -8.56905 -65.5 -319.47 
v -8.56905 -65.5 -269.13 
v -8.56905 -65.5 -269.13 
v -53.733 -65.5 -269.13 
v -8.56905 -65.5 -319.47 
v -53.733 -65.5 -319.47 
v -8.56905 104.819 -269.13 
v -53.733 104.819 -269.13 
v -8.56905 -65.5 -269.13 
v -53.733 -65.5 -269.13 

vn -1 0 0 
vn -1 0 0 
vn -1 0 0 
vn -1 0 0 
vn 0 1 0 
vn 0 1 0 
vn 0 1 0 
vn 0 1 0 
vn 0 0 -1 
vn 0 0 -1 
vn 0 0 -1 
vn 0 0 -1 
vn 1 0 0 
vn 1 0 0 
vn 1 0 0 
vn 1 0 0 
vn 0 -1 0 
vn 0 -1 0 
vn 0 -1 0 
vn 0 -1 0 
vn 0 0 1 
vn 0 0 1 
vn 0 0 1 
vn 0 0 1 

vt 9.82594 5.26991 
vt 4.79196 5.26991 
vt 9.82594 -11.762 
vt 4.79196 -11.762 
vt 9.30836 5.26991 
vt 4.79196 5.26991 
vt 9.30836 0.235934 
vt 4.79196 0.235934 
vt 9.30836 5.26991 
vt 4.79196 5.26991 
vt 9.30836 -11.762 
vt 4.79196 -11.762 
vt 9.82594 5.26991 
vt 4.79196 5.26991 
vt 9.82594 -11.762 
vt 4.79196 -11.762 
vt 9.30836 5.26991 
vt 4.79196 5.26991 
vt 9.30836 0.235934 
vt 4.79196 0.235934 
vt 9.30836 5.26991 
vt 4.79196 5.26991 
vt 9.30836 -11.762 
vt 4.79196 -11.762 

usemtl Part11Mtl

f 1201/1201/1201 1202/1202/1202 1203/1203/1203 
f 1203/1203/1203 1202/1202/1202 1204/1204/1204 
f 1205/1205/1205 1206/1206/1206 1207/1207/1207 
f 1207/1207/1207 1206/1206/1206 1208/1208/1208 
f 1209/1209/1209 1210/1210/1210 1211/1211/1211 
f 1211/1211/1211 1210/1210/1210 1212/1212/1212 
f 1213/1213/1213 1214/1214/1214 1215/1215/1215 
f 1215/1215/1215 1214/1214/1214 1216/1216/1216 
f 1217/1217/1217 1218/1218/1218 1219/1219/1219 
f 1219/1219/1219 1218/1218/1218 1220/1220/1220 
f 1221/1221/1221 1222/1222/1222 1223/1223/1223 
f 1223/1223/1223 1222/1222/1222 1224/1224/1224 

g Part52

v -92.733 96.819 -260.13 
v -92.733 96.819 -307.47 
v -92.733 -65.5 -260.13 
v -92.733 -65.5 -307.47 
v -47.569 96.819 -307.47 
v -92.733 96.819 -307.47 
v -47.569 96.819 -260.13 
v -92.733 96.819 -260.13 
v -92.733 96.819 -307.47 
v -47.569 96.819 -307.47 
v -92.733 -65.5 -307.47 
v -47.569 -65.5 -307.47 
v -47.569 96.819 -307.47 
v -47.569 96.819 -260.13 
v -47.569 -65.5 -307.47 
v -47.569 -65.5 -260.13 
v -47.569 -65.5 -260.13 
v -92.733 -65.5 -260.13 
v -47.569 -65.5 -307.47 
v -92.733 -65.5 -307.47 
v -47.569 96.819 -260.13 
v -92.733 96.819 -260.13 
v -47.569 -65.5 -260.13 
v -92.733 -65.5 -260.13 

vn -1 0 0 
vn -1 0 0 
vn -1 0 0 
vn -1 0 0 
vn 0 1 0 
vn 0 1 0 
vn 0 1 0 
vn 0 1 0 
vn 0 0 -1 
vn 0 0 -1 
vn 0 0 -1 
vn 0 0 -1 
vn 1 0 0 
vn 1 0 0 
vn 1 0 0 
vn 1 0 0 
vn 0 -1 0 
vn 0 -1 0 
vn 0 -1 0 
vn 0 -1 0 
vn 0 0 1 
vn 0 0 1 
vn 0 0 1 
vn 0 0 1 

vt 3.58643 -2.20768 
vt -1.14754 -2.20768 
vt 3.58643 -18.4396 
vt -1.14754 -18.4396 
vt 3.36885 -2.20768 
vt -1.14754 -2.20768 
vt 3.36885 -6.94166 
vt -1.14754 -6.94166 
vt 3.36885 -2.20768 
vt -1.14754 -2.20768 
vt 3.36885 -18.4396 
vt -1.14754 -18.4396 
vt 3.58643 -2.20768 
vt -1.14754 -2.20768 
vt 3.58643 -18.4396 
vt -1.14754 -18.4396 
vt 3.36885 -2.20768 
vt -1.14754 -2.20768 
vt 3.36885 -6.94166 
vt -1.14754 -6.94166 
vt 3.36885 -2.20768 
vt -1.14754 -2.20768 
vt 3.36885 -18.4396 
vt -1.14754 -18.4396 

usemtl Part11Mtl

f 1225/1225/1225 1226/1226/1226 1227/1227/1227 
f 1227/1227/1227 1226/1226/1226 1228/1228/1228 
f 1229/1229/1229 1230/1230/1230 1231/1231/1231 
f 1231/1231/1231 1230/1230/1230 1232/1232/1232 
f 1233/1233/1233 1234/1234/1234 1235/1235/1235 
f 1235/1235/1235 1234/1234/1234 1236/1236/1236 
f 1237/1237/1237 1238/1238/1238 1239/1239/1239 
f 1239/1239/1239 1238/1238/1238 1240/1240/1240 
f 1241/1241/1241 1242/1242/1242 1243/1243/1243 
f 1243/1243/1243 1242/1242/1242 1244/1244/1244 
f 1245/1245/1245 1246/1246/1246 1247/1247/1247 
f 1247/1247/1247 1246/1246/1246 1248/1248/1248 

g Part53

v -151.523 116.819 226.084 
v -91.179 116.819 165.74 
v -151.523 0.5 226.084 
v -91.179 0.5 165.74 
v -62.7788 116.819 194.14 
v -91.179 116.819 165.74 
v -123.123 116.819 254.484 
v -151.523 116.819 226.084 
v -91.179 116.819 165.74 
v -62.7788 116.819 194.14 
v -91.179 0.5 165.74 
v -62.7788 0.5 194.14 
v -62.7788 116.819 194.14 
v -123.123 116.819 254.484 
v -62.7788 0.5 194.14 
v -123.123 0.5 254.484 
v -123.123 0.5 254.484 
v -151.523 0.5 226.084 
v -62.7788 0.5 194.14 
v -91.179 0.5 165.74 
v -123.123 116.819 254.484 
v -151.523 116.819 226.084 
v -123.123 0.5 254.484 
v -151.523 0.5 226.084 

vn -0.708661 0 -0.708661 
vn -0.708661 0 -0.708661 
vn -0.708661 0 -0.708661 
vn -0.708661 0 -0.708661 
vn 0 1 0 
vn 0 1 0 
vn 0 1 0 
vn 0 1 0 
vn 0.708661 0 -0.708661 
vn 0.708661 0 -0.708661 
vn 0.708661 0 -0.708661 
vn 0.708661 0 -0.708661 
vn 0.708661 0 0.708661 
vn 0.708661 0 0.708661 
vn 0.708661 0 0.708661 
vn 0.708661 0 0.708661 
vn 0 -1 0 
vn 0 -1 0 
vn 0 -1 0 
vn 0 -1 0 
vn -0.708661 0 0.708661 
vn -0.708661 0 0.708661 
vn -0.708661 0 0.708661 
vn -0.708661 0 0.708661 

vt 4.2874 -10.3595 
vt -4.24658 -10.3595 
vt 4.2874 -21.9914 
vt -4.24658 -21.9914 
vt -0.230179 -10.3595 
vt -4.24658 -10.3595 
vt -0.230179 -18.8934 
vt -4.24658 -18.8934 
vt -0.230179 -10.3595 
vt -4.24658 -10.3595 
vt -0.230179 -21.9914 
vt -4.24658 -21.9914 
vt 4.2874 -10.3595 
vt -4.24658 -10.3595 
vt 4.2874 -21.9914 
vt -4.24658 -21.9914 
vt -0.230179 -10.3595 
vt -4.24658 -10.3595 
vt -0.230179 -18.8934 
vt -4.24658 -18.8934 
vt -0.230179 -10.3595 
vt -4.24658 -10.3595 
vt -0.230179 -21.9914 
vt -4.24658 -21.9914 

usemtl Part11Mtl

f 1249/1249/1249 1250/1250/1250 1251/1251/1251 
f 1251/1251/1251 1250/1250/1250 1252/1252/1252 
f 1253/1253/1253 1254/1254/1254 1255/1255/1255 
f 1255/1255/1255 1254/1254/1254 1256/1256/1256 
f 1257/1257/1257 1258/1258/1258 1259/1259/1259 
f 1259/1259/1259 1258/1258/1258 1260/1260/1260 
f 1261/1261/1261 1262/1262/1262 1263/1263/1263 
f 1263/1263/1263 1262/1262/1262 1264/1264/1264 
f 1265/1265/1265 1266/1266/1266 1267/1267/1267 
f 1267/1267/1267 1266/1266/1266 1268/1268/1268 
f 1269/1269/1269 1270/1270/1270 1271/1271/1271 
f 1271/1271/1271 1270/1270/1270 1272/1272/1272 

g Part54

v -86.8373 103.819 205.32 
v -99.0898 103.819 159.593 
v -86.8373 0.5 205.32 
v -99.0898 0.5 159.593 
v -55.4647 103.819 147.904 
v -99.0898 103.819 159.593 
v -43.2123 103.819 193.63 
v -86.8373 103.819 205.32 
v -99.0898 103.819 159.593 
v -55.4647 103.819 147.904 
v -99.0898 0.5 159.593 
v -55.4647 0.5 147.904 
v -55.4647 103.819 147.904 
v -43.2123 103.819 193.63 
v -55.4647 0.5 147.904 
v -43.2123 0.5 193.63 
v -43.2123 0.5 193.63 
v -86.8373 0.5 205.32 
v -55.4647 0.5 147.904 
v -99.0898 0.5 159.593 
v -43.2123 103.819 193.63 
v -86.8373 103.819 205.32 
v -43.2123 0.5 193.63 
v -86.8373 0.5 205.32 

vn -0.968504 0 0.259843 
vn -0.968504 0 0.259843 
vn -0.968504 0 0.259843 
vn -0.968504 0 0.259843 
vn 0 1 0 
vn 0 1 0 
vn 0 1 0 
vn 0 1 0 
vn -0.259843 0 -0.968504 
vn -0.259843 0 -0.968504 
vn -0.259843 0 -0.968504 
vn -0.259843 0 -0.968504 
vn 0.968504 0 -0.259843 
vn 0.968504 0 -0.259843 
vn 0.968504 0 -0.259843 
vn 0.968504 0 -0.259843 
vn 0 -1 0 
vn 0 -1 0 
vn 0 -1 0 
vn 0 -1 0 
vn 0.259843 0 0.968504 
vn 0.259843 0 0.968504 
vn 0.259843 0 0.968504 
vn 0.259843 0 0.968504 

vt 5.46091 -0.355329 
vt 0.726933 -0.355329 
vt 5.46091 -10.6872 
vt 0.726933 -10.6872 
vt 5.24333 -0.355329 
vt 0.726933 -0.355329 
vt 5.24333 -5.08931 
vt 0.726933 -5.08931 
vt 5.24333 -0.355329 
vt 0.726933 -0.355329 
vt 5.24333 -10.6872 
vt 0.726933 -10.6872 
vt 5.46091 -0.355329 
vt 0.726933 -0.355329 
vt 5.46091 -10.6872 
vt 0.726933 -10.6872 
vt 5.24333 -0.355329 
vt 0.726933 -0.355329 
vt 5.24333 -5.08931 
vt 0.726933 -5.08931 
vt 5.24333 -0.355329 
vt 0.726933 -0.355329 
vt 5.24333 -10.6872 
vt 0.726933 -10.6872 

usemtl Part11Mtl

f 1273/1273/1273 1274/1274/1274 1275/1275/1275 
f 1275/1275/1275 1274/1274/1274 1276/1276/1276 
f 1277/1277/1277 1278/1278/1278 1279/1279/1279 
f 1279/1279/1279 1278/1278/1278 1280/1280/1280 
f 1281/1281/1281 1282/1282/1282 1283/1283/1283 
f 1283/1283/1283 1282/1282/1282 1284/1284/1284 
f 1285/1285/1285 1286/1286/1286 1287/1287/1287 
f 1287/1287/1287 1286/1286/1286 1288/1288/1288 
f 1289/1289/1289 1290/1290/1290 1291/1291/1291 
f 1291/1291/1291 1290/1290/1290 1292/1292/1292 
f 1293/1293/1293 1294/1294/1294 1295/1295/1295 
f 1295/1295/1295 1294/1294/1294 1296/1296/1296 

g Part55

v -47.4812 96.819 162.194 
v -94.8209 96.819 162.194 
v -47.4812 0.5 162.194 
v -94.8209 0.5 162.194 
v -94.8209 96.819 117.03 
v -94.8209 96.819 162.194 
v -47.4812 96.819 117.03 
v -47.4812 96.819 162.194 
v -94.8209 96.819 162.194 
v -94.8209 96.819 117.03 
v -94.8209 0.5 162.194 
v -94.8209 0.5 117.03 
v -94.8209 96.819 117.03 
v -47.4812 96.819 117.03 
v -94.8209 0.5 117.03 
v -47.4812 0.5 117.03 
v -47.4812 0.5 117.03 
v -47.4812 0.5 162.194 
v -94.8209 0.5 117.03 
v -94.8209 0.5 162.194 
v -47.4812 96.819 117.03 
v -47.4812 96.819 162.194 
v -47.4812 0.5 117.03 
v -47.4812 0.5 162.194 

vn 0 0 1 
vn 0 0 1 
vn 0 0 1 
vn 0 0 1 
vn 0 1 0 
vn 0 1 0 
vn 0 1 0 
vn 0 1 0 
vn -1 0 0 
vn -1 0 0 
vn -1 0 0 
vn -1 0 0 
vn 0 0 -1 
vn 0 0 -1 
vn 0 0 -1 
vn 0 0 -1 
vn 0 -1 0 
vn 0 -1 0 
vn 0 -1 0 
vn 0 -1 0 
vn 1 0 0 
vn 1 0 0 
vn 1 0 0 
vn 1 0 0 

vt 5.23407 -6.85374 
vt 0.500097 -6.85374 
vt 5.23407 -16.4856 
vt 0.500097 -16.4856 
vt 5.01649 -6.85374 
vt 0.500097 -6.85374 
vt 5.01649 -11.5877 
vt 0.500097 -11.5877 
vt 5.01649 -6.85374 
vt 0.500097 -6.85374 
vt 5.01649 -16.4856 
vt 0.500097 -16.4856 
vt 5.23407 -6.85374 
vt 0.500097 -6.85374 
vt 5.23407 -16.4856 
vt 0.500097 -16.4856 
vt 5.01649 -6.85374 
vt 0.500097 -6.85374 
vt 5.01649 -11.5877 
vt 0.500097 -11.5877 
vt 5.01649 -6.85374 
vt 0.500097 -6.85374 
vt 5.01649 -16.4856 
vt 0.500097 -16.4856 

usemtl Part11Mtl

f 1297/1297/1297 1298/1298/1298 1299/1299/1299 
f 1299/1299/1299 1298/1298/1298 1300/1300/1300 
f 1301/1301/1301 1302/1302/1302 1303/1303/1303 
f 1303/1303/1303 1302/1302/1302 1304/1304/1304 
f 1305/1305/1305 1306/1306/1306 1307/1307/1307 
f 1307/1307/1307 1306/1306/1306 1308/1308/1308 
f 1309/1309/1309 1310/1310/1310 1311/1311/1311 
f 1311/1311/1311 1310/1310/1310 1312/1312/1312 
f 1313/1313/1313 1314/1314/1314 1315/1315/1315 
f 1315/1315/1315 1314/1314/1314 1316/1316/1316 
f 1317/1317/1317 1318/1318/1318 1319/1319/1319 
f 1319/1319/1319 1318/1318/1318 1320/1320/1320 

g Part56

v -56.4812 104.819 123.194 
v -106.821 104.819 123.194 
v -56.4812 0.5 123.194 
v -106.821 0.5 123.194 
v -106.821 104.819 78.0298 
v -106.821 104.819 123.194 
v -56.4812 104.819 78.0298 
v -56.4812 104.819 123.194 
v -106.821 104.819 123.194 
v -106.821 104.819 78.0298 
v -106.821 0.5 123.194 
v -106.821 0.5 78.0298 
v -106.821 104.819 78.0298 
v -56.4812 104.819 78.0298 
v -106.821 0.5 78.0298 
v -56.4812 0.5 78.0298 
v -56.4812 0.5 78.0298 
v -56.4812 0.5 123.194 
v -106.821 0.5 78.0298 
v -106.821 0.5 123.194 
v -56.4812 104.819 78.0298 
v -56.4812 104.819 123.194 
v -56.4812 0.5 78.0298 
v -56.4812 0.5 123.194 

vn 0 0 1 
vn 0 0 1 
vn 0 0 1 
vn 0 0 1 
vn 0 1 0 
vn 0 1 0 
vn 0 1 0 
vn 0 1 0 
vn -1 0 0 
vn -1 0 0 
vn -1 0 0 
vn -1 0 0 
vn 0 0 -1 
vn 0 0 -1 
vn 0 0 -1 
vn 0 0 -1 
vn 0 -1 0 
vn 0 -1 0 
vn 0 -1 0 
vn 0 -1 0 
vn 1 0 0 
vn 1 0 0 
vn 1 0 0 
vn 1 0 0 

vt 11.5615 0.258218 
vt 6.52749 0.258218 
vt 11.5615 -10.1737 
vt 6.52749 -10.1737 
vt 11.0439 0.258218 
vt 6.52749 0.258218 
vt 11.0439 -4.77576 
vt 6.52749 -4.77576 
vt 11.0439 0.258218 
vt 6.52749 0.258218 
vt 11.0439 -10.1737 
vt 6.52749 -10.1737 
vt 11.5615 0.258218 
vt 6.52749 0.258218 
vt 11.5615 -10.1737 
vt 6.52749 -10.1737 
vt 11.0439 0.258218 
vt 6.52749 0.258218 
vt 11.0439 -4.77576 
vt 6.52749 -4.77576 
vt 11.0439 0.258218 
vt 6.52749 0.258218 
vt 11.0439 -10.1737 
vt 6.52749 -10.1737 

usemtl Part11Mtl

f 1321/1321/1321 1322/1322/1322 1323/1323/1323 
f 1323/1323/1323 1322/1322/1322 1324/1324/1324 
f 1325/1325/1325 1326/1326/1326 1327/1327/1327 
f 1327/1327/1327 1326/1326/1326 1328/1328/1328 
f 1329/1329/1329 1330/1330/1330 1331/1331/1331 
f 1331/1331/1331 1330/1330/1330 1332/1332/1332 
f 1333/1333/1333 1334/1334/1334 1335/1335/1335 
f 1335/1335/1335 1334/1334/1334 1336/1336/1336 
f 1337/1337/1337 1338/1338/1338 1339/1339/1339 
f 1339/1339/1339 1338/1338/1338 1340/1340/1340 
f 1341/1341/1341 1342/1342/1342 1343/1343/1343 
f 1343/1343/1343 1342/1342/1342 1344/1344/1344 

g Part57

v -95.3839 96.819 66.9885 
v -49.6572 96.819 54.736 
v -95.3839 -6.5 66.9885 
v -49.6572 -6.5 54.736 
v -37.9679 96.819 98.3611 
v -49.6572 96.819 54.736 
v -83.6946 96.819 110.614 
v -95.3839 96.819 66.9885 
v -49.6572 96.819 54.736 
v -37.9679 96.819 98.3611 
v -49.6572 -6.5 54.736 
v -37.9679 -6.5 98.3611 
v -37.9679 96.819 98.3611 
v -83.6946 96.819 110.614 
v -37.9679 -6.5 98.3611 
v -83.6946 -6.5 110.614 
v -83.6946 -6.5 110.614 
v -95.3839 -6.5 66.9885 
v -37.9679 -6.5 98.3611 
v -49.6572 -6.5 54.736 
v -83.6946 96.819 110.614 
v -95.3839 96.819 66.9885 
v -83.6946 -6.5 110.614 
v -95.3839 -6.5 66.9885 

vn -0.259843 0 -0.968504 
vn -0.259843 0 -0.968504 
vn -0.259843 0 -0.968504 
vn -0.259843 0 -0.968504 
vn 0 1 0 
vn 0 1 0 
vn 0 1 0 
vn 0 1 0 
vn 0.968504 0 -0.259843 
vn 0.968504 0 -0.259843 
vn 0.968504 0 -0.259843 
vn 0.968504 0 -0.259843 
vn 0.259843 0 0.968504 
vn 0.259843 0 0.968504 
vn 0.259843 0 0.968504 
vn 0.259843 0 0.968504 
vn 0 -1 0 
vn 0 -1 0 
vn 0 -1 0 
vn 0 -1 0 
vn -0.968504 0 0.259843 
vn -0.968504 0 0.259843 
vn -0.968504 0 0.259843 
vn -0.968504 0 0.259843 

vt 9.32743 -1.53248 
vt 4.59345 -1.53248 
vt 9.32743 -11.8644 
vt 4.59345 -11.8644 
vt 9.10985 -1.53248 
vt 4.59345 -1.53248 
vt 9.10985 -6.26645 
vt 4.59345 -6.26645 
vt 9.10985 -1.53248 
vt 4.59345 -1.53248 
vt 9.10985 -11.8644 
vt 4.59345 -11.8644 
vt 9.32743 -1.53248 
vt 4.59345 -1.53248 
vt 9.32743 -11.8644 
vt 4.59345 -11.8644 
vt 9.10985 -1.53248 
vt 4.59345 -1.53248 
vt 9.10985 -6.26645 
vt 4.59345 -6.26645 
vt 9.10985 -1.53248 
vt 4.59345 -1.53248 
vt 9.10985 -11.8644 
vt 4.59345 -11.8644 

usemtl Part11Mtl

f 1345/1345/1345 1346/1346/1346 1347/1347/1347 
f 1347/1347/1347 1346/1346/1346 1348/1348/1348 
f 1349/1349/1349 1350/1350/1350 1351/1351/1351 
f 1351/1351/1351 1350/1350/1350 1352/1352/1352 
f 1353/1353/1353 1354/1354/1354 1355/1355/1355 
f 1355/1355/1355 1354/1354/1354 1356/1356/1356 
f 1357/1357/1357 1358/1358/1358 1359/1359/1359 
f 1359/1359/1359 1358/1358/1358 1360/1360/1360 
f 1361/1361/1361 1362/1362/1362 1363/1363/1363 
f 1363/1363/1363 1362/1362/1362 1364/1364/1364 
f 1365/1365/1365 1366/1366/1366 1367/1367/1367 
f 1367/1367/1367 1366/1366/1366 1368/1368/1368 

g Part58

v 207.494 105.819 122.757 
v 157.154 105.819 122.757 
v 207.494 -6.5 122.757 
v 157.154 -6.5 122.757 
v 157.154 105.819 77.5928 
v 157.154 105.819 122.757 
v 207.494 105.819 77.5928 
v 207.494 105.819 122.757 
v 157.154 105.819 122.757 
v 157.154 105.819 77.5928 
v 157.154 -6.5 122.757 
v 157.154 -6.5 77.5928 
v 157.154 105.819 77.5928 
v 207.494 105.819 77.5928 
v 157.154 -6.5 77.5928 
v 207.494 -6.5 77.5928 
v 207.494 -6.5 77.5928 
v 207.494 -6.5 122.757 
v 157.154 -6.5 77.5928 
v 157.154 -6.5 122.757 
v 207.494 105.819 77.5928 
v 207.494 105.819 122.757 
v 207.494 -6.5 77.5928 
v 207.494 -6.5 122.757 

vn 0 0 1 
vn 0 0 1 
vn 0 0 1 
vn 0 0 1 
vn 0 1 0 
vn 0 1 0 
vn 0 1 0 
vn 0 1 0 
vn -1 0 0 
vn -1 0 0 
vn -1 0 0 
vn -1 0 0 
vn 0 0 -1 
vn 0 0 -1 
vn 0 0 -1 
vn 0 0 -1 
vn 0 -1 0 
vn 0 -1 0 
vn 0 -1 0 
vn 0 -1 0 
vn 1 0 0 
vn 1 0 0 
vn 1 0 0 
vn 1 0 0 

vt 15.1676 4.9663 
vt 10.1337 4.9663 
vt 15.1676 -6.2656 
vt 10.1337 -6.2656 
vt 14.6501 4.9663 
vt 10.1337 4.9663 
vt 14.6501 -0.06768 
vt 10.1337 -0.06768 
vt 14.6501 4.9663 
vt 10.1337 4.9663 
vt 14.6501 -6.2656 
vt 10.1337 -6.2656 
vt 15.1676 4.9663 
vt 10.1337 4.9663 
vt 15.1676 -6.2656 
vt 10.1337 -6.2656 
vt 14.6501 4.9663 
vt 10.1337 4.9663 
vt 14.6501 -0.06768 
vt 10.1337 -0.06768 
vt 14.6501 4.9663 
vt 10.1337 4.9663 
vt 14.6501 -6.2656 
vt 10.1337 -6.2656 

usemtl Part11Mtl

f 1369/1369/1369 1370/1370/1370 1371/1371/1371 
f 1371/1371/1371 1370/1370/1370 1372/1372/1372 
f 1373/1373/1373 1374/1374/1374 1375/1375/1375 
f 1375/1375/1375 1374/1374/1374 1376/1376/1376 
f 1377/1377/1377 1378/1378/1378 1379/1379/1379 
f 1379/1379/1379 1378/1378/1378 1380/1380/1380 
f 1381/1381/1381 1382/1382/1382 1383/1383/1383 
f 1383/1383/1383 1382/1382/1382 1384/1384/1384 
f 1385/1385/1385 1386/1386/1386 1387/1387/1387 
f 1387/1387/1387 1386/1386/1386 1388/1388/1388 
f 1389/1389/1389 1390/1390/1390 1391/1391/1391 
f 1391/1391/1391 1390/1390/1390 1392/1392/1392 

g Part59

v -52.2579 89.8165 106.345 
v -52.2579 89.8165 59.0049 
v -52.2579 -6.49751 106.345 
v -52.2579 -6.49751 59.0049 
v -7.09394 89.8165 59.0049 
v -52.2579 89.8165 59.0049 
v -7.09393 89.8165 106.345 
v -52.2579 89.8165 106.345 
v -52.2579 89.8165 59.0049 
v -7.09394 89.8165 59.0049 
v -52.2579 -6.49751 59.0049 
v -7.09394 -6.49751 59.0049 
v -7.09394 89.8165 59.0049 
v -7.09393 89.8165 106.345 
v -7.09394 -6.49751 59.0049 
v -7.09393 -6.49751 106.345 
v -7.09393 -6.49751 106.345 
v -52.2579 -6.49751 106.345 
v -7.09394 -6.49751 59.0049 
v -52.2579 -6.49751 59.0049 
v -7.09393 89.8165 106.345 
v -52.2579 89.8165 106.345 
v -7.09393 -6.49751 106.345 
v -52.2579 -6.49751 106.345 

vn -1 0 0 
vn -1 0 0 
vn -1 0 0 
vn -1 0 0 
vn 0 1 0 
vn 0 1 0 
vn 0 1 0 
vn 0 1 0 
vn 0 0 -1 
vn 0 0 -1 
vn 0 0 -1 
vn 0 0 -1 
vn 1 0 0 
vn 1 0 0 
vn 1 0 0 
vn 1 0 0 
vn 0 -1 0 
vn 0 -1 0 
vn 0 -1 0 
vn 0 -1 0 
vn 0 0 1 
vn 0 0 1 
vn 0 0 1 
vn 0 0 1 

vt 9.16311 -5.1449 
vt 4.42914 -5.1449 
vt 9.16311 -14.7763 
vt 4.42914 -14.7763 
vt 8.94553 -5.1449 
vt 4.42914 -5.1449 
vt 8.94553 -9.87888 
vt 4.42914 -9.87888 
vt 8.94553 -5.1449 
vt 4.42914 -5.1449 
vt 8.94553 -14.7763 
vt 4.42914 -14.7763 
vt 9.16311 -5.1449 
vt 4.42914 -5.1449 
vt 9.16311 -14.7763 
vt 4.42914 -14.7763 
vt 8.94553 -5.1449 
vt 4.42914 -5.1449 
vt 8.94553 -9.87888 
vt 4.42914 -9.87888 
vt 8.94553 -5.1449 
vt 4.42914 -5.1449 
vt 8.94553 -14.7763 
vt 4.42914 -14.7763 

usemtl Part11Mtl

f 1393/1393/1393 1394/1394/1394 1395/1395/1395 
f 1395/1395/1395 1394/1394/1394 1396/1396/1396 
f 1397/1397/1397 1398/1398/1398 1399/1399/1399 
f 1399/1399/1399 1398/1398/1398 1400/1400/1400 
f 1401/1401/1401 1402/1402/1402 1403/1403/1403 
f 1403/1403/1403 1402/1402/1402 1404/1404/1404 
f 1405/1405/1405 1406/1406/1406 1407/1407/1407 
f 1407/1407/1407 1406/1406/1406 1408/1408/1408 
f 1409/1409/1409 1410/1410/1410 1411/1411/1411 
f 1411/1411/1411 1410/1410/1410 1412/1412/1412 
f 1413/1413/1413 1414/1414/1414 1415/1415/1415 
f 1415/1415/1415 1414/1414/1414 1416/1416/1416 

g Part60

v 118.742 97.819 115.345 
v 118.742 97.819 65.0049 
v 118.742 -6.5 115.345 
v 118.742 -6.5 65.0049 
v 163.906 97.819 65.0049 
v 118.742 97.819 65.0049 
v 163.906 97.819 115.345 
v 118.742 97.819 115.345 
v 118.742 97.819 65.0049 
v 163.906 97.819 65.0049 
v 118.742 -6.5 65.0049 
v 163.906 -6.5 65.0049 
v 163.906 97.819 65.0049 
v 163.906 97.819 115.345 
v 163.906 -6.5 65.0049 
v 163.906 -6.5 115.345 
v 163.906 -6.5 115.345 
v 118.742 -6.5 115.345 
v 163.906 -6.5 65.0049 
v 118.742 -6.5 65.0049 
v 163.906 97.819 115.345 
v 118.742 97.819 115.345 
v 163.906 -6.5 115.345 
v 118.742 -6.5 115.345 

vn -1 0 0 
vn -1 0 0 
vn -1 0 0 
vn -1 0 0 
vn 0 1 0 
vn 0 1 0 
vn 0 1 0 
vn 0 1 0 
vn 0 0 -1 
vn 0 0 -1 
vn 0 0 -1 
vn 0 0 -1 
vn 1 0 0 
vn 1 0 0 
vn 1 0 0 
vn 1 0 0 
vn 0 -1 0 
vn 0 -1 0 
vn 0 -1 0 
vn 0 -1 0 
vn 0 0 1 
vn 0 0 1 
vn 0 0 1 
vn 0 0 1 

vt -3.56887 -4.89429 
vt -8.60285 -4.89429 
vt -3.56887 -15.3262 
vt -8.60285 -15.3262 
vt -4.08645 -4.89429 
vt -8.60285 -4.89429 
vt -4.08645 -9.92827 
vt -8.60285 -9.92827 
vt -4.08645 -4.89429 
vt -8.60285 -4.89429 
vt -4.08645 -15.3262 
vt -8.60285 -15.3262 
vt -3.56887 -4.89429 
vt -8.60285 -4.89429 
vt -3.56887 -15.3262 
vt -8.60285 -15.3262 
vt -4.08645 -4.89429 
vt -8.60285 -4.89429 
vt -4.08645 -9.92827 
vt -8.60285 -9.92827 
vt -4.08645 -4.89429 
vt -8.60285 -4.89429 
vt -4.08645 -15.3262 
vt -8.60285 -15.3262 

usemtl Part11Mtl

f 1417/1417/1417 1418/1418/1418 1419/1419/1419 
f 1419/1419/1419 1418/1418/1418 1420/1420/1420 
f 1421/1421/1421 1422/1422/1422 1423/1423/1423 
f 1423/1423/1423 1422/1422/1422 1424/1424/1424 
f 1425/1425/1425 1426/1426/1426 1427/1427/1427 
f 1427/1427/1427 1426/1426/1426 1428/1428/1428 
f 1429/1429/1429 1430/1430/1430 1431/1431/1431 
f 1431/1431/1431 1430/1430/1430 1432/1432/1432 
f 1433/1433/1433 1434/1434/1434 1435/1435/1435 
f 1435/1435/1435 1434/1434/1434 1436/1436/1436 
f 1437/1437/1437 1438/1438/1438 1439/1439/1439 
f 1439/1439/1439 1438/1438/1438 1440/1440/1440 

g Part61

v 40.1542 109.818 67.5928 
v 125.494 109.818 67.5928 
v 40.1542 -6.49901 67.5928 
v 125.494 -6.49901 67.5928 
v 125.494 109.818 107.757 
v 125.494 109.818 67.5928 
v 40.1542 109.818 107.757 
v 40.1542 109.818 67.5928 
v 125.494 109.818 67.5928 
v 125.494 109.818 107.757 
v 125.494 -6.49901 67.5928 
v 125.494 -6.49901 107.757 
v 125.494 109.818 107.757 
v 40.1542 109.818 107.757 
v 125.494 -6.49901 107.757 
v 40.1542 -6.49901 107.757 
v 40.1542 -6.49901 107.757 
v 40.1542 -6.49901 67.5928 
v 125.494 -6.49901 107.757 
v 125.494 -6.49901 67.5928 
v 40.1542 109.818 107.757 
v 40.1542 109.818 67.5928 
v 40.1542 -6.49901 107.757 
v 40.1542 -6.49901 67.5928 

vn 0 0 -1 
vn 0 0 -1 
vn 0 0 -1 
vn 0 0 -1 
vn 0 1 0 
vn 0 1 0 
vn 0 1 0 
vn 0 1 0 
vn 1 0 0 
vn 1 0 0 
vn 1 0 0 
vn 1 0 0 
vn 0 0 1 
vn 0 0 1 
vn 0 0 1 
vn 0 0 1 
vn 0 -1 0 
vn 0 -1 0 
vn 0 -1 0 
vn 0 -1 0 
vn -1 0 0 
vn -1 0 0 
vn -1 0 0 
vn -1 0 0 

vt 14.3539 7.9279 
vt 5.81988 7.9279 
vt 14.3539 -3.7038 
vt 5.81988 -3.7038 
vt 9.83627 7.9279 
vt 5.81988 7.9279 
vt 9.83627 -0.606078 
vt 5.81988 -0.606078 
vt 9.83627 7.9279 
vt 5.81988 7.9279 
vt 9.83627 -3.7038 
vt 5.81988 -3.7038 
vt 14.3539 7.9279 
vt 5.81988 7.9279 
vt 14.3539 -3.7038 
vt 5.81988 -3.7038 
vt 9.83627 7.9279 
vt 5.81988 7.9279 
vt 9.83627 -0.606078 
vt 5.81988 -0.606078 
vt 9.83627 7.9279 
vt 5.81988 7.9279 
vt 9.83627 -3.7038 
vt 5.81988 -3.7038 

usemtl Part11Mtl

f 1441/1441/1441 1442/1442/1442 1443/1443/1443 
f 1443/1443/1443 1442/1442/1442 1444/1444/1444 
f 1445/1445/1445 1446/1446/1446 1447/1447/1447 
f 1447/1447/1447 1446/1446/1446 1448/1448/1448 
f 1449/1449/1449 1450/1450/1450 1451/1451/1451 
f 1451/1451/1451 1450/1450/1450 1452/1452/1452 
f 1453/1453/1453 1454/1454/1454 1455/1455/1455 
f 1455/1455/1455 1454/1454/1454 1456/1456/1456 
f 1457/1457/1457 1458/1458/1458 1459/1459/1459 
f 1459/1459/1459 1458/1458/1458 1460/1460/1460 
f 1461/1461/1461 1462/1462/1462 1463/1463/1463 
f 1463/1463/1463 1462/1462/1462 1464/1464/1464 

g Part62

v 14.9971 100.818 104.642 
v 28.026 100.818 56.0179 
v 14.9971 -6.49951 104.642 
v 28.026 -6.49951 56.0179 
v 71.651 100.818 67.7072 
v 28.026 100.818 56.0179 
v 58.6222 100.818 116.332 
v 14.9971 100.818 104.642 
v 28.026 100.818 56.0179 
v 71.651 100.818 67.7072 
v 28.026 -6.49951 56.0179 
v 71.651 -6.49951 67.7072 
v 71.651 100.818 67.7072 
v 58.6222 100.818 116.332 
v 71.651 -6.49951 67.7072 
v 58.6222 -6.49951 116.332 
v 58.6222 -6.49951 116.332 
v 14.9971 -6.49951 104.642 
v 71.651 -6.49951 67.7072 
v 28.026 -6.49951 56.0179 
v 58.6222 100.818 116.332 
v 14.9971 100.818 104.642 
v 58.6222 -6.49951 116.332 
v 14.9971 -6.49951 104.642 

vn -0.968504 0 -0.259843 
vn -0.968504 0 -0.259843 
vn -0.968504 0 -0.259843 
vn -0.968504 0 -0.259843 
vn 0 1 0 
vn 0 1 0 
vn 0 1 0 
vn 0 1 0 
vn 0.259843 0 -0.968504 
vn 0.259843 0 -0.968504 
vn 0.259843 0 -0.968504 
vn 0.259843 0 -0.968504 
vn 0.968504 0 0.259843 
vn 0.968504 0 0.259843 
vn 0.968504 0 0.259843 
vn 0.968504 0 0.259843 
vn 0 -1 0 
vn 0 -1 0 
vn 0 -1 0 
vn 0 -1 0 
vn -0.259843 0 0.968504 
vn -0.259843 0 0.968504 
vn -0.259843 0 0.968504 
vn -0.259843 0 0.968504 

vt 11.6346 3.19538 
vt 6.60065 3.19538 
vt 11.6346 -7.53642 
vt 6.60065 -7.53642 
vt 11.117 3.19538 
vt 6.60065 3.19538 
vt 11.117 -1.83859 
vt 6.60065 -1.83859 
vt 11.117 3.19538 
vt 6.60065 3.19538 
vt 11.117 -7.53642 
vt 6.60065 -7.53642 
vt 11.6346 3.19538 
vt 6.60065 3.19538 
vt 11.6346 -7.53642 
vt 6.60065 -7.53642 
vt 11.117 3.19538 
vt 6.60065 3.19538 
vt 11.117 -1.83859 
vt 6.60065 -1.83859 
vt 11.117 3.19538 
vt 6.60065 3.19538 
vt 11.117 -7.53642 
vt 6.60065 -7.53642 

usemtl Part11Mtl

f 1465/1465/1465 1466/1466/1466 1467/1467/1467 
f 1467/1467/1467 1466/1466/1466 1468/1468/1468 
f 1469/1469/1469 1470/1470/1470 1471/1471/1471 
f 1471/1471/1471 1470/1470/1470 1472/1472/1472 
f 1473/1473/1473 1474/1474/1474 1475/1475/1475 
f 1475/1475/1475 1474/1474/1474 1476/1476/1476 
f 1477/1477/1477 1478/1478/1478 1479/1479/1479 
f 1479/1479/1479 1478/1478/1478 1480/1480/1480 
f 1481/1481/1481 1482/1482/1482 1483/1483/1483 
f 1483/1483/1483 1482/1482/1482 1484/1484/1484 
f 1485/1485/1485 1486/1486/1486 1487/1487/1487 
f 1487/1487/1487 1486/1486/1486 1488/1488/1488 

g Part63

v -13.2579 97.819 97.3447 
v -13.2579 97.819 47.0049 
v -13.2579 -6.5 97.3447 
v -13.2579 -6.5 47.0049 
v 31.9061 97.819 47.0049 
v -13.2579 97.819 47.0049 
v 31.9061 97.819 97.3447 
v -13.2579 97.819 97.3447 
v -13.2579 97.819 47.0049 
v 31.9061 97.819 47.0049 
v -13.2579 -6.5 47.0049 
v 31.9061 -6.5 47.0049 
v 31.9061 97.819 47.0049 
v 31.9061 97.819 97.3447 
v 31.9061 -6.5 47.0049 
v 31.9061 -6.5 97.3447 
v 31.9061 -6.5 97.3447 
v -13.2579 -6.5 97.3447 
v 31.9061 -6.5 47.0049 
v -13.2579 -6.5 47.0049 
v 31.9061 97.819 97.3447 
v -13.2579 97.819 97.3447 
v 31.9061 -6.5 97.3447 
v -13.2579 -6.5 97.3447 

vn -1 0 0 
vn -1 0 0 
vn -1 0 0 
vn -1 0 0 
vn 0 1 0 
vn 0 1 0 
vn 0 1 0 
vn 0 1 0 
vn 0 0 -1 
vn 0 0 -1 
vn 0 0 -1 
vn 0 0 -1 
vn 1 0 0 
vn 1 0 0 
vn 1 0 0 
vn 1 0 0 
vn 0 -1 0 
vn 0 -1 0 
vn 0 -1 0 
vn 0 -1 0 
vn 0 0 1 
vn 0 0 1 
vn 0 0 1 
vn 0 0 1 

vt 8.01034 6.7247 
vt 2.97636 6.7247 
vt 8.01034 -3.7072 
vt 2.97636 -3.7072 
vt 7.49276 6.7247 
vt 2.97636 6.7247 
vt 7.49276 1.69072 
vt 2.97636 1.69072 
vt 7.49276 6.7247 
vt 2.97636 6.7247 
vt 7.49276 -3.7072 
vt 2.97636 -3.7072 
vt 8.01034 6.7247 
vt 2.97636 6.7247 
vt 8.01034 -3.7072 
vt 2.97636 -3.7072 
vt 7.49276 6.7247 
vt 2.97636 6.7247 
vt 7.49276 1.69072 
vt 2.97636 1.69072 
vt 7.49276 6.7247 
vt 2.97636 6.7247 
vt 7.49276 -3.7072 
vt 2.97636 -3.7072 

usemtl Part23Mtl

f 1489/1489/1489 1490/1490/1490 1491/1491/1491 
f 1491/1491/1491 1490/1490/1490 1492/1492/1492 
f 1493/1493/1493 1494/1494/1494 1495/1495/1495 
f 1495/1495/1495 1494/1494/1494 1496/1496/1496 
f 1497/1497/1497 1498/1498/1498 1499/1499/1499 
f 1499/1499/1499 1498/1498/1498 1500/1500/1500 
f 1501/1501/1501 1502/1502/1502 1503/1503/1503 
f 1503/1503/1503 1502/1502/1502 1504/1504/1504 
f 1505/1505/1505 1506/1506/1506 1507/1507/1507 
f 1507/1507/1507 1506/1506/1506 1508/1508/1508 
f 1509/1509/1509 1510/1510/1510 1511/1511/1511 
f 1511/1511/1511 1510/1510/1510 1512/1512/1512 

g Part64

v 282.645 94.819 -91.6679 
v 294.897 94.819 -45.9412 
v 282.645 -8.5 -91.6679 
v 294.897 -8.5 -45.9412 
v 251.272 94.819 -34.2519 
v 294.897 94.819 -45.9412 
v 239.02 94.819 -79.9786 
v 282.645 94.819 -91.6679 
v 294.897 94.819 -45.9412 
v 251.272 94.819 -34.2519 
v 294.897 -8.5 -45.9412 
v 251.272 -8.5 -34.2519 
v 251.272 94.819 -34.2519 
v 239.02 94.819 -79.9786 
v 251.272 -8.5 -34.2519 
v 239.02 -8.5 -79.9786 
v 239.02 -8.5 -79.9786 
v 282.645 -8.5 -91.6679 
v 251.272 -8.5 -34.2519 
v 294.897 -8.5 -45.9412 
v 239.02 94.819 -79.9786 
v 282.645 94.819 -91.6679 
v 239.02 -8.5 -79.9786 
v 282.645 -8.5 -91.6679 

vn 0.968504 0 -0.259843 
vn 0.968504 0 -0.259843 
vn 0.968504 0 -0.259843 
vn 0.968504 0 -0.259843 
vn 0 1 0 
vn 0 1 0 
vn 0 1 0 
vn 0 1 0 
vn 0.259843 0 0.968504 
vn 0.259843 0 0.968504 
vn 0.259843 0 0.968504 
vn 0.259843 0 0.968504 
vn -0.968504 0 0.259843 
vn -0.968504 0 0.259843 
vn -0.968504 0 0.259843 
vn -0.968504 0 0.259843 
vn 0 -1 0 
vn 0 -1 0 
vn 0 -1 0 
vn 0 -1 0 
vn -0.259843 0 -0.968504 
vn -0.259843 0 -0.968504 
vn -0.259843 0 -0.968504 
vn -0.259843 0 -0.968504 

vt 0.9967 -8.73396 
vt -3.73728 -8.73396 
vt 0.9967 -19.0659 
vt -3.73728 -19.0659 
vt 0.779121 -8.73396 
vt -3.73728 -8.73396 
vt 0.779121 -13.4679 
vt -3.73728 -13.4679 
vt 0.779121 -8.73396 
vt -3.73728 -8.73396 
vt 0.779121 -19.0659 
vt -3.73728 -19.0659 
vt 0.9967 -8.73396 
vt -3.73728 -8.73396 
vt 0.9967 -19.0659 
vt -3.73728 -19.0659 
vt 0.779121 -8.73396 
vt -3.73728 -8.73396 
vt 0.779121 -13.4679 
vt -3.73728 -13.4679 
vt 0.779121 -8.73396 
vt -3.73728 -8.73396 
vt 0.779121 -19.0659 
vt -3.73728 -19.0659 

usemtl Part11Mtl

f 1513/1513/1513 1514/1514/1514 1515/1515/1515 
f 1515/1515/1515 1514/1514/1514 1516/1516/1516 
f 1517/1517/1517 1518/1518/1518 1519/1519/1519 
f 1519/1519/1519 1518/1518/1518 1520/1520/1520 
f 1521/1521/1521 1522/1522/1522 1523/1523/1523 
f 1523/1523/1523 1522/1522/1522 1524/1524/1524 
f 1525/1525/1525 1526/1526/1526 1527/1527/1527 
f 1527/1527/1527 1526/1526/1526 1528/1528/1528 
f 1529/1529/1529 1530/1530/1530 1531/1531/1531 
f 1531/1531/1531 1530/1530/1530 1532/1532/1532 
f 1533/1533/1533 1534/1534/1534 1535/1535/1535 
f 1535/1535/1535 1534/1534/1534 1536/1536/1536 

g Part65

v 156.595 94.819 -265.202 
v 110.868 94.819 -252.95 
v 156.595 -8.5 -265.202 
v 110.868 -8.5 -252.95 
v 99.1791 94.819 -296.575 
v 110.868 94.819 -252.95 
v 144.906 94.819 -308.827 
v 156.595 94.819 -265.202 
v 110.868 94.819 -252.95 
v 99.1791 94.819 -296.575 
v 110.868 -8.5 -252.95 
v 99.1791 -8.5 -296.575 
v 99.1791 94.819 -296.575 
v 144.906 94.819 -308.827 
v 99.1791 -8.5 -296.575 
v 144.906 -8.5 -308.827 
v 144.906 -8.5 -308.827 
v 156.595 -8.5 -265.202 
v 99.1791 -8.5 -296.575 
v 110.868 -8.5 -252.95 
v 144.906 94.819 -308.827 
v 156.595 94.819 -265.202 
v 144.906 -8.5 -308.827 
v 156.595 -8.5 -265.202 

vn 0.259843 0 0.968504 
vn 0.259843 0 0.968504 
vn 0.259843 0 0.968504 
vn 0.259843 0 0.968504 
vn 0 1 0 
vn 0 1 0 
vn 0 1 0 
vn 0 1 0 
vn -0.968504 0 0.259843 
vn -0.968504 0 0.259843 
vn -0.968504 0 0.259843 
vn -0.968504 0 0.259843 
vn -0.259843 0 -0.968504 
vn -0.259843 0 -0.968504 
vn -0.259843 0 -0.968504 
vn -0.259843 0 -0.968504 
vn 0 -1 0 
vn 0 -1 0 
vn 0 -1 0 
vn 0 -1 0 
vn 0.968504 0 -0.259843 
vn 0.968504 0 -0.259843 
vn 0.968504 0 -0.259843 
vn 0.968504 0 -0.259843 

vt -3.69666 -0.355329 
vt -8.43064 -0.355329 
vt -3.69666 -10.6872 
vt -8.43064 -10.6872 
vt -3.91424 -0.355329 
vt -8.43064 -0.355329 
vt -3.91424 -5.08931 
vt -8.43064 -5.08931 
vt -3.91424 -0.355329 
vt -8.43064 -0.355329 
vt -3.91424 -10.6872 
vt -8.43064 -10.6872 
vt -3.69666 -0.355329 
vt -8.43064 -0.355329 
vt -3.69666 -10.6872 
vt -8.43064 -10.6872 
vt -3.91424 -0.355329 
vt -8.43064 -0.355329 
vt -3.91424 -5.08931 
vt -8.43064 -5.08931 
vt -3.91424 -0.355329 
vt -8.43064 -0.355329 
vt -3.91424 -10.6872 
vt -8.43064 -10.6872 

usemtl Part11Mtl

f 1537/1537/1537 1538/1538/1538 1539/1539/1539 
f 1539/1539/1539 1538/1538/1538 1540/1540/1540 
f 1541/1541/1541 1542/1542/1542 1543/1543/1543 
f 1543/1543/1543 1542/1542/1542 1544/1544/1544 
f 1545/1545/1545 1546/1546/1546 1547/1547/1547 
f 1547/1547/1547 1546/1546/1546 1548/1548/1548 
f 1549/1549/1549 1550/1550/1550 1551/1551/1551 
f 1551/1551/1551 1550/1550/1550 1552/1552/1552 
f 1553/1553/1553 1554/1554/1554 1555/1555/1555 
f 1555/1555/1555 1554/1554/1554 1556/1556/1556 
f 1557/1557/1557 1558/1558/1558 1559/1559/1559 
f 1559/1559/1559 1558/1558/1558 1560/1560/1560 

g Part66

v 282.041 107.819 -237.13 
v 282.041 107.819 -151.79 
v 282.041 -8.5 -237.13 
v 282.041 -8.5 -151.79 
v 241.877 107.819 -151.79 
v 282.041 107.819 -151.79 
v 241.877 107.819 -237.13 
v 282.041 107.819 -237.13 
v 282.041 107.819 -151.79 
v 241.877 107.819 -151.79 
v 282.041 -8.5 -151.79 
v 241.877 -8.5 -151.79 
v 241.877 107.819 -151.79 
v 241.877 107.819 -237.13 
v 241.877 -8.5 -151.79 
v 241.877 -8.5 -237.13 
v 241.877 -8.5 -237.13 
v 282.041 -8.5 -237.13 
v 241.877 -8.5 -151.79 
v 282.041 -8.5 -151.79 
v 241.877 107.819 -237.13 
v 282.041 107.819 -237.13 
v 241.877 -8.5 -237.13 
v 282.041 -8.5 -237.13 

vn 1 0 0 
vn 1 0 0 
vn 1 0 0 
vn 1 0 0 
vn 0 1 0 
vn 0 1 0 
vn 0 1 0 
vn 0 1 0 
vn 0 0 1 
vn 0 0 1 
vn 0 0 1 
vn 0 0 1 
vn -1 0 0 
vn -1 0 0 
vn -1 0 0 
vn -1 0 0 
vn 0 -1 0 
vn 0 -1 0 
vn 0 -1 0 
vn 0 -1 0 
vn 0 0 -1 
vn 0 0 -1 
vn 0 0 -1 
vn 0 0 -1 

vt 4.64958 5.31552 
vt -3.8844 5.31552 
vt 4.64958 -6.31638 
vt -3.8844 -6.31638 
vt 0.131999 5.31552 
vt -3.8844 5.31552 
vt 0.131999 -3.21846 
vt -3.8844 -3.21846 
vt 0.131999 5.31552 
vt -3.8844 5.31552 
vt 0.131999 -6.31638 
vt -3.8844 -6.31638 
vt 4.64958 5.31552 
vt -3.8844 5.31552 
vt 4.64958 -6.31638 
vt -3.8844 -6.31638 
vt 0.131999 5.31552 
vt -3.8844 5.31552 
vt 0.131999 -3.21846 
vt -3.8844 -3.21846 
vt 0.131999 5.31552 
vt -3.8844 5.31552 
vt 0.131999 -6.31638 
vt -3.8844 -6.31638 

usemtl Part11Mtl

f 1561/1561/1561 1562/1562/1562 1563/1563/1563 
f 1563/1563/1563 1562/1562/1562 1564/1564/1564 
f 1565/1565/1565 1566/1566/1566 1567/1567/1567 
f 1567/1567/1567 1566/1566/1566 1568/1568/1568 
f 1569/1569/1569 1570/1570/1570 1571/1571/1571 
f 1571/1571/1571 1570/1570/1570 1572/1572/1572 
f 1573/1573/1573 1574/1574/1574 1575/1575/1575 
f 1575/1575/1575 1574/1574/1574 1576/1576/1576 
f 1577/1577/1577 1578/1578/1578 1579/1579/1579 
f 1579/1579/1579 1578/1578/1578 1580/1580/1580 
f 1581/1581/1581 1582/1582/1582 1583/1583/1583 
f 1583/1583/1583 1582/1582/1582 1584/1584/1584 

g Part67

v 226.877 103.819 -69.79 
v 226.877 103.819 -120.13 
v 226.877 -8.5 -69.79 
v 226.877 -8.5 -120.13 
v 272.041 103.819 -120.13 
v 226.877 103.819 -120.13 
v 272.041 103.819 -69.79 
v 226.877 103.819 -69.79 
v 226.877 103.819 -120.13 
v 272.041 103.819 -120.13 
v 226.877 -8.5 -120.13 
v 272.041 -8.5 -120.13 
v 272.041 103.819 -120.13 
v 272.041 103.819 -69.79 
v 272.041 -8.5 -120.13 
v 272.041 -8.5 -69.79 
v 272.041 -8.5 -69.79 
v 226.877 -8.5 -69.79 
v 272.041 -8.5 -120.13 
v 226.877 -8.5 -120.13 
v 272.041 103.819 -69.79 
v 226.877 103.819 -69.79 
v 272.041 -8.5 -69.79 
v 226.877 -8.5 -69.79 

vn -1 0 0 
vn -1 0 0 
vn -1 0 0 
vn -1 0 0 
vn 0 1 0 
vn 0 1 0 
vn 0 1 0 
vn 0 1 0 
vn 0 0 -1 
vn 0 0 -1 
vn 0 0 -1 
vn 0 0 -1 
vn 1 0 0 
vn 1 0 0 
vn 1 0 0 
vn 1 0 0 
vn 0 -1 0 
vn 0 -1 0 
vn 0 -1 0 
vn 0 -1 0 
vn 0 0 1 
vn 0 0 1 
vn 0 0 1 
vn 0 0 1 

vt 13.382 -5.13027 
vt 8.34807 -5.13027 
vt 13.382 -16.3622 
vt 8.34807 -16.3622 
vt 12.8645 -5.13027 
vt 8.34807 -5.13027 
vt 12.8645 -10.1642 
vt 8.34807 -10.1642 
vt 12.8645 -5.13027 
vt 8.34807 -5.13027 
vt 12.8645 -16.3622 
vt 8.34807 -16.3622 
vt 13.382 -5.13027 
vt 8.34807 -5.13027 
vt 13.382 -16.3622 
vt 8.34807 -16.3622 
vt 12.8645 -5.13027 
vt 8.34807 -5.13027 
vt 12.8645 -10.1642 
vt 8.34807 -10.1642 
vt 12.8645 -5.13027 
vt 8.34807 -5.13027 
vt 12.8645 -16.3622 
vt 8.34807 -16.3622 

usemtl Part11Mtl

f 1585/1585/1585 1586/1586/1586 1587/1587/1587 
f 1587/1587/1587 1586/1586/1586 1588/1588/1588 
f 1589/1589/1589 1590/1590/1590 1591/1591/1591 
f 1591/1591/1591 1590/1590/1590 1592/1592/1592 
f 1593/1593/1593 1594/1594/1594 1595/1595/1595 
f 1595/1595/1595 1594/1594/1594 1596/1596/1596 
f 1597/1597/1597 1598/1598/1598 1599/1599/1599 
f 1599/1599/1599 1598/1598/1598 1600/1600/1600 
f 1601/1601/1601 1602/1602/1602 1603/1603/1603 
f 1603/1603/1603 1602/1602/1602 1604/1604/1604 
f 1605/1605/1605 1606/1606/1606 1607/1607/1607 
f 1607/1607/1607 1606/1606/1606 1608/1608/1608 

g Part68

v 234.289 95.819 -158.542 
v 284.629 95.819 -158.542 
v 234.289 -8.5 -158.542 
v 284.629 -8.5 -158.542 
v 284.629 95.819 -113.378 
v 284.629 95.819 -158.542 
v 234.289 95.819 -113.378 
v 234.289 95.819 -158.542 
v 284.629 95.819 -158.542 
v 284.629 95.819 -113.378 
v 284.629 -8.5 -158.542 
v 284.629 -8.5 -113.378 
v 284.629 95.819 -113.378 
v 234.289 95.819 -113.378 
v 284.629 -8.5 -113.378 
v 234.289 -8.5 -113.378 
v 234.289 -8.5 -113.378 
v 234.289 -8.5 -158.542 
v 284.629 -8.5 -113.378 
v 284.629 -8.5 -158.542 
v 234.289 95.819 -113.378 
v 234.289 95.819 -158.542 
v 234.289 -8.5 -113.378 
v 234.289 -8.5 -158.542 

vn 0 0 -1 
vn 0 0 -1 
vn 0 0 -1 
vn 0 0 -1 
vn 0 1 0 
vn 0 1 0 
vn 0 1 0 
vn 0 1 0 
vn 1 0 0 
vn 1 0 0 
vn 1 0 0 
vn 1 0 0 
vn 0 0 1 
vn 0 0 1 
vn 0 0 1 
vn 0 0 1 
vn 0 -1 0 
vn 0 -1 0 
vn 0 -1 0 
vn 0 -1 0 
vn -1 0 0 
vn -1 0 0 
vn -1 0 0 
vn -1 0 0 

vt 0.551513 3.49691 
vt -4.48246 3.49691 
vt 0.551513 -6.93499 
vt -4.48246 -6.93499 
vt 0.033934 3.49691 
vt -4.48246 3.49691 
vt 0.033934 -1.53707 
vt -4.48246 -1.53707 
vt 0.033934 3.49691 
vt -4.48246 3.49691 
vt 0.033934 -6.93499 
vt -4.48246 -6.93499 
vt 0.551513 3.49691 
vt -4.48246 3.49691 
vt 0.551513 -6.93499 
vt -4.48246 -6.93499 
vt 0.033934 3.49691 
vt -4.48246 3.49691 
vt 0.033934 -1.53707 
vt -4.48246 -1.53707 
vt 0.033934 3.49691 
vt -4.48246 3.49691 
vt 0.033934 -6.93499 
vt -4.48246 -6.93499 

usemtl Part11Mtl

f 1609/1609/1609 1610/1610/1610 1611/1611/1611 
f 1611/1611/1611 1610/1610/1610 1612/1612/1612 
f 1613/1613/1613 1614/1614/1614 1615/1615/1615 
f 1615/1615/1615 1614/1614/1614 1616/1616/1616 
f 1617/1617/1617 1618/1618/1618 1619/1619/1619 
f 1619/1619/1619 1618/1618/1618 1620/1620/1620 
f 1621/1621/1621 1622/1622/1622 1623/1623/1623 
f 1623/1623/1623 1622/1622/1622 1624/1624/1624 
f 1625/1625/1625 1626/1626/1626 1627/1627/1627 
f 1627/1627/1627 1626/1626/1626 1628/1628/1628 
f 1629/1629/1629 1630/1630/1630 1631/1631/1631 
f 1631/1631/1631 1630/1630/1630 1632/1632/1632 

g Part69

v 134.717 103.819 -320.97 
v 185.057 103.819 -320.97 
v 134.717 -8.5 -320.97 
v 185.057 -8.5 -320.97 
v 185.057 103.819 -275.806 
v 185.057 103.819 -320.97 
v 134.717 103.819 -275.806 
v 134.717 103.819 -320.97 
v 185.057 103.819 -320.97 
v 185.057 103.819 -275.806 
v 185.057 -8.5 -320.97 
v 185.057 -8.5 -275.806 
v 185.057 103.819 -275.806 
v 134.717 103.819 -275.806 
v 185.057 -8.5 -275.806 
v 134.717 -8.5 -275.806 
v 134.717 -8.5 -275.806 
v 134.717 -8.5 -320.97 
v 185.057 -8.5 -275.806 
v 185.057 -8.5 -320.97 
v 134.717 103.819 -275.806 
v 134.717 103.819 -320.97 
v 134.717 -8.5 -275.806 
v 134.717 -8.5 -320.97 

vn 0 0 -1 
vn 0 0 -1 
vn 0 0 -1 
vn 0 0 -1 
vn 0 1 0 
vn 0 1 0 
vn 0 1 0 
vn 0 1 0 
vn 1 0 0 
vn 1 0 0 
vn 1 0 0 
vn 1 0 0 
vn 0 0 1 
vn 0 0 1 
vn 0 0 1 
vn 0 0 1 
vn 0 -1 0 
vn 0 -1 0 
vn 0 -1 0 
vn 0 -1 0 
vn -1 0 0 
vn -1 0 0 
vn -1 0 0 
vn -1 0 0 

vt 0.480851 -0.060353 
vt -4.55313 -0.060353 
vt 0.480851 -11.2923 
vt -4.55313 -11.2923 
vt -0.0367287 -0.060353 
vt -4.55313 -0.060353 
vt -0.0367287 -5.09433 
vt -4.55313 -5.09433 
vt -0.0367287 -0.060353 
vt -4.55313 -0.060353 
vt -0.0367287 -11.2923 
vt -4.55313 -11.2923 
vt 0.480851 -0.060353 
vt -4.55313 -0.060353 
vt 0.480851 -11.2923 
vt -4.55313 -11.2923 
vt -0.0367287 -0.060353 
vt -4.55313 -0.060353 
vt -0.0367287 -5.09433 
vt -4.55313 -5.09433 
vt -0.0367287 -0.060353 
vt -4.55313 -0.060353 
vt -0.0367287 -11.2923 
vt -4.55313 -11.2923 

usemtl Part11Mtl

f 1633/1633/1633 1634/1634/1634 1635/1635/1635 
f 1635/1635/1635 1634/1634/1634 1636/1636/1636 
f 1637/1637/1637 1638/1638/1638 1639/1639/1639 
f 1639/1639/1639 1638/1638/1638 1640/1640/1640 
f 1641/1641/1641 1642/1642/1642 1643/1643/1643 
f 1643/1643/1643 1642/1642/1642 1644/1644/1644 
f 1645/1645/1645 1646/1646/1646 1647/1647/1647 
f 1647/1647/1647 1646/1646/1646 1648/1648/1648 
f 1649/1649/1649 1650/1650/1650 1651/1651/1651 
f 1651/1651/1651 1650/1650/1650 1652/1652/1652 
f 1653/1653/1653 1654/1654/1654 1655/1655/1655 
f 1655/1655/1655 1654/1654/1654 1656/1656/1656 

g Part70

v 241.289 123.819 -315.542 
v 291.629 123.819 -315.542 
v 241.289 -8.5 -315.542 
v 291.629 -8.5 -315.542 
v 291.629 123.819 -270.378 
v 291.629 123.819 -315.542 
v 241.289 123.819 -270.378 
v 241.289 123.819 -315.542 
v 291.629 123.819 -315.542 
v 291.629 123.819 -270.378 
v 291.629 -8.5 -315.542 
v 291.629 -8.5 -270.378 
v 291.629 123.819 -270.378 
v 241.289 123.819 -270.378 
v 291.629 -8.5 -270.378 
v 241.289 -8.5 -270.378 
v 241.289 -8.5 -270.378 
v 241.289 -8.5 -315.542 
v 291.629 -8.5 -270.378 
v 291.629 -8.5 -315.542 
v 241.289 123.819 -270.378 
v 241.289 123.819 -315.542 
v 241.289 -8.5 -270.378 
v 241.289 -8.5 -315.542 

vn 0 0 -1 
vn 0 0 -1 
vn 0 0 -1 
vn 0 0 -1 
vn 0 1 0 
vn 0 1 0 
vn 0 1 0 
vn 0 1 0 
vn 1 0 0 
vn 1 0 0 
vn 1 0 0 
vn 1 0 0 
vn 0 0 1 
vn 0 0 1 
vn 0 0 1 
vn 0 0 1 
vn 0 -1 0 
vn 0 -1 0 
vn 0 -1 0 
vn 0 -1 0 
vn -1 0 0 
vn -1 0 0 
vn -1 0 0 
vn -1 0 0 

vt 15.5395 11.1791 
vt 10.5055 11.1791 
vt 15.5395 -2.05285 
vt 10.5055 -2.05285 
vt 15.0219 11.1791 
vt 10.5055 11.1791 
vt 15.0219 6.14507 
vt 10.5055 6.14507 
vt 15.0219 11.1791 
vt 10.5055 11.1791 
vt 15.0219 -2.05285 
vt 10.5055 -2.05285 
vt 15.5395 11.1791 
vt 10.5055 11.1791 
vt 15.5395 -2.05285 
vt 10.5055 -2.05285 
vt 15.0219 11.1791 
vt 10.5055 11.1791 
vt 15.0219 6.14507 
vt 10.5055 6.14507 
vt 15.0219 11.1791 
vt 10.5055 11.1791 
vt 15.0219 -2.05285 
vt 10.5055 -2.05285 

usemtl Part11Mtl

f 1657/1657/1657 1658/1658/1658 1659/1659/1659 
f 1659/1659/1659 1658/1658/1658 1660/1660/1660 
f 1661/1661/1661 1662/1662/1662 1663/1663/1663 
f 1663/1663/1663 1662/1662/1662 1664/1664/1664 
f 1665/1665/1665 1666/1666/1666 1667/1667/1667 
f 1667/1667/1667 1666/1666/1666 1668/1668/1668 
f 1669/1669/1669 1670/1670/1670 1671/1671/1671 
f 1671/1671/1671 1670/1670/1670 1672/1672/1672 
f 1673/1673/1673 1674/1674/1674 1675/1675/1675 
f 1675/1675/1675 1674/1674/1674 1676/1676/1676 
f 1677/1677/1677 1678/1678/1678 1679/1679/1679 
f 1679/1679/1679 1678/1678/1678 1680/1680/1680 

g Part71

v 239.015 99.819 -311.454 
v 281.685 99.819 -237.548 
v 239.015 -8.5 -311.454 
v 281.685 -8.5 -237.548 
v 246.902 99.819 -217.466 
v 281.685 99.819 -237.548 
v 204.232 99.819 -291.372 
v 239.015 99.819 -311.454 
v 281.685 99.819 -237.548 
v 246.902 99.819 -217.466 
v 281.685 -8.5 -237.548 
v 246.902 -8.5 -217.466 
v 246.902 99.819 -217.466 
v 204.232 99.819 -291.372 
v 246.902 -8.5 -217.466 
v 204.232 -8.5 -291.372 
v 204.232 -8.5 -291.372 
v 239.015 -8.5 -311.454 
v 246.902 -8.5 -217.466 
v 281.685 -8.5 -237.548 
v 204.232 99.819 -291.372 
v 239.015 99.819 -311.454 
v 204.232 -8.5 -291.372 
v 239.015 -8.5 -311.454 

vn 0.866142 0 -0.503937 
vn 0.866142 0 -0.503937 
vn 0.866142 0 -0.503937 
vn 0.866142 0 -0.503937 
vn 0 1 0 
vn 0 1 0 
vn 0 1 0 
vn 0 1 0 
vn 0.503937 0 0.866142 
vn 0.503937 0 0.866142 
vn 0.503937 0 0.866142 
vn 0.503937 0 0.866142 
vn -0.866142 0 0.503937 
vn -0.866142 0 0.503937 
vn -0.866142 0 0.503937 
vn -0.866142 0 0.503937 
vn 0 -1 0 
vn 0 -1 0 
vn 0 -1 0 
vn 0 -1 0 
vn -0.503937 0 -0.866142 
vn -0.503937 0 -0.866142 
vn -0.503937 0 -0.866142 
vn -0.503937 0 -0.866142 

vt -2.02195 -3.49377 
vt -10.5559 -3.49377 
vt -2.02195 -14.3257 
vt -10.5559 -14.3257 
vt -6.53953 -3.49377 
vt -10.5559 -3.49377 
vt -6.53953 -12.0277 
vt -10.5559 -12.0277 
vt -6.53953 -3.49377 
vt -10.5559 -3.49377 
vt -6.53953 -14.3257 
vt -10.5559 -14.3257 
vt -2.02195 -3.49377 
vt -10.5559 -3.49377 
vt -2.02195 -14.3257 
vt -10.5559 -14.3257 
vt -6.53953 -3.49377 
vt -10.5559 -3.49377 
vt -6.53953 -12.0277 
vt -10.5559 -12.0277 
vt -6.53953 -3.49377 
vt -10.5559 -3.49377 
vt -6.53953 -14.3257 
vt -10.5559 -14.3257 

usemtl Part11Mtl

f 1681/1681/1681 1682/1682/1682 1683/1683/1683 
f 1683/1683/1683 1682/1682/1682 1684/1684/1684 
f 1685/1685/1685 1686/1686/1686 1687/1687/1687 
f 1687/1687/1687 1686/1686/1686 1688/1688/1688 
f 1689/1689/1689 1690/1690/1690 1691/1691/1691 
f 1691/1691/1691 1690/1690/1690 1692/1692/1692 
f 1693/1693/1693 1694/1694/1694 1695/1695/1695 
f 1695/1695/1695 1694/1694/1694 1696/1696/1696 
f 1697/1697/1697 1698/1698/1698 1699/1699/1699 
f 1699/1699/1699 1698/1698/1698 1700/1700/1700 
f 1701/1701/1701 1702/1702/1702 1703/1703/1703 
f 1703/1703/1703 1702/1702/1702 1704/1704/1704 

g Part72

v 243.289 87.819 -48.5418 
v 290.629 87.819 -48.5419 
v 243.289 -8.5 -48.5418 
v 290.629 -8.5 -48.5419 
v 290.629 87.819 -3.37789 
v 290.629 87.819 -48.5419 
v 243.289 87.819 -3.37788 
v 243.289 87.819 -48.5418 
v 290.629 87.819 -48.5419 
v 290.629 87.819 -3.37789 
v 290.629 -8.5 -48.5419 
v 290.629 -8.5 -3.37789 
v 290.629 87.819 -3.37789 
v 243.289 87.819 -3.37788 
v 290.629 -8.5 -3.37789 
v 243.289 -8.5 -3.37788 
v 243.289 -8.5 -3.37788 
v 243.289 -8.5 -48.5418 
v 290.629 -8.5 -3.37789 
v 290.629 -8.5 -48.5419 
v 243.289 87.819 -3.37788 
v 243.289 87.819 -48.5418 
v 243.289 -8.5 -3.37788 
v 243.289 -8.5 -48.5418 

vn 0 0 -1 
vn 0 0 -1 
vn 0 0 -1 
vn 0 0 -1 
vn 0 1 0 
vn 0 1 0 
vn 0 1 0 
vn 0 1 0 
vn 1 0 0 
vn 1 0 0 
vn 1 0 0 
vn 1 0 0 
vn 0 0 1 
vn 0 0 1 
vn 0 0 1 
vn 0 0 1 
vn 0 -1 0 
vn 0 -1 0 
vn 0 -1 0 
vn 0 -1 0 
vn -1 0 0 
vn -1 0 0 
vn -1 0 0 
vn -1 0 0 

vt 1.70092 -6.85374 
vt -3.03306 -6.85374 
vt 1.70092 -16.4856 
vt -3.03306 -16.4856 
vt 1.48334 -6.85374 
vt -3.03306 -6.85374 
vt 1.48334 -11.5877 
vt -3.03306 -11.5877 
vt 1.48334 -6.85374 
vt -3.03306 -6.85374 
vt 1.48334 -16.4856 
vt -3.03306 -16.4856 
vt 1.70092 -6.85374 
vt -3.03306 -6.85374 
vt 1.70092 -16.4856 
vt -3.03306 -16.4856 
vt 1.48334 -6.85374 
vt -3.03306 -6.85374 
vt 1.48334 -11.5877 
vt -3.03306 -11.5877 
vt 1.48334 -6.85374 
vt -3.03306 -6.85374 
vt 1.48334 -16.4856 
vt -3.03306 -16.4856 

usemtl Part11Mtl

f 1705/1705/1705 1706/1706/1706 1707/1707/1707 
f 1707/1707/1707 1706/1706/1706 1708/1708/1708 
f 1709/1709/1709 1710/1710/1710 1711/1711/1711 
f 1711/1711/1711 1710/1710/1710 1712/1712/1712 
f 1713/1713/1713 1714/1714/1714 1715/1715/1715 
f 1715/1715/1715 1714/1714/1714 1716/1716/1716 
f 1717/1717/1717 1718/1718/1718 1719/1719/1719 
f 1719/1719/1719 1718/1718/1718 1720/1720/1720 
f 1721/1721/1721 1722/1722/1722 1723/1723/1723 
f 1723/1723/1723 1722/1722/1722 1724/1724/1724 
f 1725/1725/1725 1726/1726/1726 1727/1727/1727 
f 1727/1727/1727 1726/1726/1726 1728/1728/1728 

g Part73

v 252.289 95.819 -9.54185 
v 302.629 95.819 -9.54186 
v 252.289 -8.5 -9.54185 
v 302.629 -8.5 -9.54186 
v 302.629 95.819 35.6221 
v 302.629 95.819 -9.54186 
v 252.289 95.819 35.6221 
v 252.289 95.819 -9.54185 
v 302.629 95.819 -9.54186 
v 302.629 95.819 35.6221 
v 302.629 -8.5 -9.54186 
v 302.629 -8.5 35.6221 
v 302.629 95.819 35.6221 
v 252.289 95.819 35.6221 
v 302.629 -8.5 35.6221 
v 252.289 -8.5 35.6221 
v 252.289 -8.5 35.6221 
v 252.289 -8.5 -9.54185 
v 302.629 -8.5 35.6221 
v 302.629 -8.5 -9.54186 
v 252.289 95.819 35.6221 
v 252.289 95.819 -9.54185 
v 252.289 -8.5 35.6221 
v 252.289 -8.5 -9.54185 

vn 0 0 -1 
vn 0 0 -1 
vn 0 0 -1 
vn 0 0 -1 
vn 0 1 0 
vn 0 1 0 
vn 0 1 0 
vn 0 1 0 
vn 1 0 0 
vn 1 0 0 
vn 1 0 0 
vn 1 0 0 
vn 0 0 1 
vn 0 0 1 
vn 0 0 1 
vn 0 0 1 
vn 0 -1 0 
vn 0 -1 0 
vn 0 -1 0 
vn 0 -1 0 
vn -1 0 0 
vn -1 0 0 
vn -1 0 0 
vn -1 0 0 

vt 9.14675 -2.99286 
vt 4.11277 -2.99286 
vt 9.14675 -13.4248 
vt 4.11277 -13.4248 
vt 8.62917 -2.99286 
vt 4.11277 -2.99286 
vt 8.62917 -8.02683 
vt 4.11277 -8.02683 
vt 8.62917 -2.99286 
vt 4.11277 -2.99286 
vt 8.62917 -13.4248 
vt 4.11277 -13.4248 
vt 9.14675 -2.99286 
vt 4.11277 -2.99286 
vt 9.14675 -13.4248 
vt 4.11277 -13.4248 
vt 8.62917 -2.99286 
vt 4.11277 -2.99286 
vt 8.62917 -8.02683 
vt 4.11277 -8.02683 
vt 8.62917 -2.99286 
vt 4.11277 -2.99286 
vt 8.62917 -13.4248 
vt 4.11277 -13.4248 

usemtl Part11Mtl

f 1729/1729/1729 1730/1730/1730 1731/1731/1731 
f 1731/1731/1731 1730/1730/1730 1732/1732/1732 
f 1733/1733/1733 1734/1734/1734 1735/1735/1735 
f 1735/1735/1735 1734/1734/1734 1736/1736/1736 
f 1737/1737/1737 1738/1738/1738 1739/1739/1739 
f 1739/1739/1739 1738/1738/1738 1740/1740/1740 
f 1741/1741/1741 1742/1742/1742 1743/1743/1743 
f 1743/1743/1743 1742/1742/1742 1744/1744/1744 
f 1745/1745/1745 1746/1746/1746 1747/1747/1747 
f 1747/1747/1747 1746/1746/1746 1748/1748/1748 
f 1749/1749/1749 1750/1750/1750 1751/1751/1751 
f 1751/1751/1751 1750/1750/1750 1752/1752/1752 

g Part74

v 223.469 95.819 -313.558 
v 223.469 95.819 -263.218 
v 223.469 -8.5 -313.558 
v 223.469 -8.5 -263.218 
v 178.305 95.819 -263.218 
v 223.469 95.819 -263.218 
v 178.305 95.819 -313.558 
v 223.469 95.819 -313.558 
v 223.469 95.819 -263.218 
v 178.305 95.819 -263.218 
v 223.469 -8.5 -263.218 
v 178.305 -8.5 -263.218 
v 178.305 95.819 -263.218 
v 178.305 95.819 -313.558 
v 178.305 -8.5 -263.218 
v 178.305 -8.5 -313.558 
v 178.305 -8.5 -313.558 
v 223.469 -8.5 -313.558 
v 178.305 -8.5 -263.218 
v 223.469 -8.5 -263.218 
v 178.305 95.819 -313.558 
v 223.469 95.819 -313.558 
v 178.305 -8.5 -313.558 
v 223.469 -8.5 -313.558 

vn 1 0 0 
vn 1 0 0 
vn 1 0 0 
vn 1 0 0 
vn 0 1 0 
vn 0 1 0 
vn 0 1 0 
vn 0 1 0 
vn 0 0 1 
vn 0 0 1 
vn 0 0 1 
vn 0 0 1 
vn -1 0 0 
vn -1 0 0 
vn -1 0 0 
vn -1 0 0 
vn 0 -1 0 
vn 0 -1 0 
vn 0 -1 0 
vn 0 -1 0 
vn 0 0 -1 
vn 0 0 -1 
vn 0 0 -1 
vn 0 0 -1 

vt 13.0607 6.38576 
vt 8.02672 6.38576 
vt 13.0607 -4.04614 
vt 8.02672 -4.04614 
vt 12.5431 6.38576 
vt 8.02672 6.38576 
vt 12.5431 1.35179 
vt 8.02672 1.35179 
vt 12.5431 6.38576 
vt 8.02672 6.38576 
vt 12.5431 -4.04614 
vt 8.02672 -4.04614 
vt 13.0607 6.38576 
vt 8.02672 6.38576 
vt 13.0607 -4.04614 
vt 8.02672 -4.04614 
vt 12.5431 6.38576 
vt 8.02672 6.38576 
vt 12.5431 1.35179 
vt 8.02672 1.35179 
vt 12.5431 6.38576 
vt 8.02672 6.38576 
vt 12.5431 -4.04614 
vt 8.02672 -4.04614 

usemtl Part11Mtl

f 1753/1753/1753 1754/1754/1754 1755/1755/1755 
f 1755/1755/1755 1754/1754/1754 1756/1756/1756 
f 1757/1757/1757 1758/1758/1758 1759/1759/1759 
f 1759/1759/1759 1758/1758/1758 1760/1760/1760 
f 1761/1761/1761 1762/1762/1762 1763/1763/1763 
f 1763/1763/1763 1762/1762/1762 1764/1764/1764 
f 1765/1765/1765 1766/1766/1766 1767/1767/1767 
f 1767/1767/1767 1766/1766/1766 1768/1768/1768 
f 1769/1769/1769 1770/1770/1770 1771/1771/1771 
f 1771/1771/1771 1770/1770/1770 1772/1772/1772 
f 1773/1773/1773 1774/1774/1774 1775/1775/1775 
f 1775/1775/1775 1774/1774/1774 1776/1776/1776 

g Part75

v 347.862 84.819 187.194 
v 391.457 84.819 162.024 
v 347.862 -19.5 187.194 
v 391.457 -19.5 162.024 
v 435.039 84.819 237.51 
v 391.457 84.819 162.024 
v 391.444 84.819 262.68 
v 347.862 84.819 187.194 
v 391.457 84.819 162.024 
v 435.039 84.819 237.51 
v 391.457 -19.5 162.024 
v 435.039 -19.5 237.51 
v 435.039 84.819 237.51 
v 391.444 84.819 262.68 
v 435.039 -19.5 237.51 
v 391.444 -19.5 262.68 
v 391.444 -19.5 262.68 
v 347.862 -19.5 187.194 
v 435.039 -19.5 237.51 
v 391.457 -19.5 162.024 
v 391.444 84.819 262.68 
v 347.862 84.819 187.194 
v 391.444 -19.5 262.68 
v 347.862 -19.5 187.194 

vn -0.496063 0 -0.866142 
vn -0.496063 0 -0.866142 
vn -0.496063 0 -0.866142 
vn -0.496063 0 -0.866142 
vn 0 1 0 
vn 0 1 0 
vn 0 1 0 
vn 0 1 0 
vn 0.866142 0 -0.496063 
vn 0.866142 0 -0.496063 
vn 0.866142 0 -0.496063 
vn 0.866142 0 -0.496063 
vn 0.503937 0 0.866142 
vn 0.503937 0 0.866142 
vn 0.503937 0 0.866142 
vn 0.503937 0 0.866142 
vn 0 -1 0 
vn 0 -1 0 
vn 0 -1 0 
vn 0 -1 0 
vn -0.866142 0 0.503937 
vn -0.866142 0 0.503937 
vn -0.866142 0 0.503937 
vn -0.866142 0 0.503937 

vt -1.89398 3.61754 
vt -6.92796 3.61754 
vt -1.89398 -6.81436 
vt -6.92796 -6.81436 
vt 1.78844 3.61754 
vt -6.92796 3.61754 
vt 1.78844 -1.41644 
vt -6.92796 -1.41644 
vt 1.78844 3.61754 
vt -6.92796 3.61754 
vt 1.78844 -6.81436 
vt -6.92796 -6.81436 
vt -1.89398 3.61754 
vt -6.92796 3.61754 
vt -1.89398 -6.81436 
vt -6.92796 -6.81436 
vt 1.78844 3.61754 
vt -6.92796 3.61754 
vt 1.78844 -1.41644 
vt -6.92796 -1.41644 
vt 1.78844 3.61754 
vt -6.92796 3.61754 
vt 1.78844 -6.81436 
vt -6.92796 -6.81436 

usemtl Part11Mtl

f 1777/1777/1777 1778/1778/1778 1779/1779/1779 
f 1779/1779/1779 1778/1778/1778 1780/1780/1780 
f 1781/1781/1781 1782/1782/1782 1783/1783/1783 
f 1783/1783/1783 1782/1782/1782 1784/1784/1784 
f 1785/1785/1785 1786/1786/1786 1787/1787/1787 
f 1787/1787/1787 1786/1786/1786 1788/1788/1788 
f 1789/1789/1789 1790/1790/1790 1791/1791/1791 
f 1791/1791/1791 1790/1790/1790 1792/1792/1792 
f 1793/1793/1793 1794/1794/1794 1795/1795/1795 
f 1795/1795/1795 1794/1794/1794 1796/1796/1796 
f 1797/1797/1797 1798/1798/1798 1799/1799/1799 
f 1799/1799/1799 1798/1798/1798 1800/1800/1800 

g Part76

v 297.45 84.819 63.8787 
v 341.046 84.819 38.7088 
v 297.45 -19.5 63.8787 
v 341.046 -19.5 38.7088 
v 363.628 84.819 77.822 
v 341.046 84.819 38.7088 
v 320.032 84.819 102.992 
v 297.45 84.819 63.8787 
v 341.046 84.819 38.7088 
v 363.628 84.819 77.822 
v 341.046 -19.5 38.7088 
v 363.628 -19.5 77.822 
v 363.628 84.819 77.822 
v 320.032 84.819 102.992 
v 363.628 -19.5 77.822 
v 320.032 -19.5 102.992 
v 320.032 -19.5 102.992 
v 297.45 -19.5 63.8787 
v 363.628 -19.5 77.822 
v 341.046 -19.5 38.7088 
v 320.032 84.819 102.992 
v 297.45 84.819 63.8787 
v 320.032 -19.5 102.992 
v 297.45 -19.5 63.8787 

vn -0.496063 0 -0.866142 
vn -0.496063 0 -0.866142 
vn -0.496063 0 -0.866142 
vn -0.496063 0 -0.866142 
vn 0 1 0 
vn 0 1 0 
vn 0 1 0 
vn 0 1 0 
vn 0.866142 0 -0.496063 
vn 0.866142 0 -0.496063 
vn 0.866142 0 -0.496063 
vn 0.866142 0 -0.496063 
vn 0.503937 0 0.866142 
vn 0.503937 0 0.866142 
vn 0.503937 0 0.866142 
vn 0.503937 0 0.866142 
vn 0 -1 0 
vn 0 -1 0 
vn 0 -1 0 
vn 0 -1 0 
vn -0.866142 0 0.503937 
vn -0.866142 0 0.503937 
vn -0.866142 0 0.503937 
vn -0.866142 0 0.503937 

vt 12.126 8.82606 
vt 7.09203 8.82606 
vt 12.126 -1.60584 
vt 7.09203 -1.60584 
vt 11.6084 8.82606 
vt 7.09203 8.82606 
vt 11.6084 3.79208 
vt 7.09203 3.79208 
vt 11.6084 8.82606 
vt 7.09203 8.82606 
vt 11.6084 -1.60584 
vt 7.09203 -1.60584 
vt 12.126 8.82606 
vt 7.09203 8.82606 
vt 12.126 -1.60584 
vt 7.09203 -1.60584 
vt 11.6084 8.82606 
vt 7.09203 8.82606 
vt 11.6084 3.79208 
vt 7.09203 3.79208 
vt 11.6084 8.82606 
vt 7.09203 8.82606 
vt 11.6084 -1.60584 
vt 7.09203 -1.60584 

usemtl Part11Mtl

f 1801/1801/1801 1802/1802/1802 1803/1803/1803 
f 1803/1803/1803 1802/1802/1802 1804/1804/1804 
f 1805/1805/1805 1806/1806/1806 1807/1807/1807 
f 1807/1807/1807 1806/1806/1806 1808/1808/1808 
f 1809/1809/1809 1810/1810/1810 1811/1811/1811 
f 1811/1811/1811 1810/1810/1810 1812/1812/1812 
f 1813/1813/1813 1814/1814/1814 1815/1815/1815 
f 1815/1815/1815 1814/1814/1814 1816/1816/1816 
f 1817/1817/1817 1818/1818/1818 1819/1819/1819 
f 1819/1819/1819 1818/1818/1818 1820/1820/1820 
f 1821/1821/1821 1822/1822/1822 1823/1823/1823 
f 1823/1823/1823 1822/1822/1822 1824/1824/1824 

g Part77

v 305.258 87.819 91.9971 
v 353.882 87.819 78.9682 
v 305.258 -19.5 91.9971 
v 353.882 -19.5 78.9682 
v 365.572 87.819 122.593 
v 353.882 87.819 78.9682 
v 316.947 87.819 135.622 
v 305.258 87.819 91.9971 
v 353.882 87.819 78.9682 
v 365.572 87.819 122.593 
v 353.882 -19.5 78.9682 
v 365.572 -19.5 122.593 
v 365.572 87.819 122.593 
v 316.947 87.819 135.622 
v 365.572 -19.5 122.593 
v 316.947 -19.5 135.622 
v 316.947 -19.5 135.622 
v 305.258 -19.5 91.9971 
v 365.572 -19.5 122.593 
v 353.882 -19.5 78.9682 
v 316.947 87.819 135.622 
v 305.258 87.819 91.9971 
v 316.947 -19.5 135.622 
v 305.258 -19.5 91.9971 

vn -0.259843 0 -0.968504 
vn -0.259843 0 -0.968504 
vn -0.259843 0 -0.968504 
vn -0.259843 0 -0.968504 
vn 0 1 0 
vn 0 1 0 
vn 0 1 0 
vn 0 1 0 
vn 0.968504 0 -0.259843 
vn 0.968504 0 -0.259843 
vn 0.968504 0 -0.259843 
vn 0.968504 0 -0.259843 
vn 0.259843 0 0.968504 
vn 0.259843 0 0.968504 
vn 0.259843 0 0.968504 
vn 0.259843 0 0.968504 
vn 0 -1 0 
vn 0 -1 0 
vn 0 -1 0 
vn 0 -1 0 
vn -0.968504 0 0.259843 
vn -0.968504 0 0.259843 
vn -0.968504 0 0.259843 
vn -0.968504 0 0.259843 

vt 11.0694 -4.93244 
vt 6.03542 -4.93244 
vt 11.0694 -15.6643 
vt 6.03542 -15.6643 
vt 10.5518 -4.93244 
vt 6.03542 -4.93244 
vt 10.5518 -9.96642 
vt 6.03542 -9.96642 
vt 10.5518 -4.93244 
vt 6.03542 -4.93244 
vt 10.5518 -15.6643 
vt 6.03542 -15.6643 
vt 11.0694 -4.93244 
vt 6.03542 -4.93244 
vt 11.0694 -15.6643 
vt 6.03542 -15.6643 
vt 10.5518 -4.93244 
vt 6.03542 -4.93244 
vt 10.5518 -9.96642 
vt 6.03542 -9.96642 
vt 10.5518 -4.93244 
vt 6.03542 -4.93244 
vt 10.5518 -15.6643 
vt 6.03542 -15.6643 

usemtl Part11Mtl

f 1825/1825/1825 1826/1826/1826 1827/1827/1827 
f 1827/1827/1827 1826/1826/1826 1828/1828/1828 
f 1829/1829/1829 1830/1830/1830 1831/1831/1831 
f 1831/1831/1831 1830/1830/1830 1832/1832/1832 
f 1833/1833/1833 1834/1834/1834 1835/1835/1835 
f 1835/1835/1835 1834/1834/1834 1836/1836/1836 
f 1837/1837/1837 1838/1838/1838 1839/1839/1839 
f 1839/1839/1839 1838/1838/1838 1840/1840/1840 
f 1841/1841/1841 1842/1842/1842 1843/1843/1843 
f 1843/1843/1843 1842/1842/1842 1844/1844/1844 
f 1845/1845/1845 1846/1846/1846 1847/1847/1847 
f 1847/1847/1847 1846/1846/1846 1848/1848/1848 

g Part78

v 270.156 76.819 34.6037 
v 311.154 76.819 10.9338 
v 270.156 -19.5 34.6037 
v 311.154 -19.5 10.9338 
v 333.736 76.819 50.047 
v 311.154 76.819 10.9338 
v 292.738 76.819 73.7169 
v 270.156 76.819 34.6037 
v 311.154 76.819 10.9338 
v 333.736 76.819 50.047 
v 311.154 -19.5 10.9338 
v 333.736 -19.5 50.047 
v 333.736 76.819 50.047 
v 292.738 76.819 73.7169 
v 333.736 -19.5 50.047 
v 292.738 -19.5 73.7169 
v 292.738 -19.5 73.7169 
v 270.156 -19.5 34.6037 
v 333.736 -19.5 50.047 
v 311.154 -19.5 10.9338 
v 292.738 76.819 73.7169 
v 270.156 76.819 34.6037 
v 292.738 -19.5 73.7169 
v 270.156 -19.5 34.6037 

vn -0.496063 0 -0.866142 
vn -0.496063 0 -0.866142 
vn -0.496063 0 -0.866142 
vn -0.496063 0 -0.866142 
vn 0 1 0 
vn 0 1 0 
vn 0 1 0 
vn 0 1 0 
vn 0.866142 0 -0.496063 
vn 0.866142 0 -0.496063 
vn 0.866142 0 -0.496063 
vn 0.866142 0 -0.496063 
vn 0.503937 0 0.866142 
vn 0.503937 0 0.866142 
vn 0.503937 0 0.866142 
vn 0.503937 0 0.866142 
vn 0 -1 0 
vn 0 -1 0 
vn 0 -1 0 
vn 0 -1 0 
vn -0.866142 0 0.503937 
vn -0.866142 0 0.503937 
vn -0.866142 0 0.503937 
vn -0.866142 0 0.503937 

vt 11.0344 -1.37688 
vt 6.30039 -1.37688 
vt 11.0344 -11.0088 
vt 6.30039 -11.0088 
vt 10.8168 -1.37688 
vt 6.30039 -1.37688 
vt 10.8168 -6.11086 
vt 6.30039 -6.11086 
vt 10.8168 -1.37688 
vt 6.30039 -1.37688 
vt 10.8168 -11.0088 
vt 6.30039 -11.0088 
vt 11.0344 -1.37688 
vt 6.30039 -1.37688 
vt 11.0344 -11.0088 
vt 6.30039 -11.0088 
vt 10.8168 -1.37688 
vt 6.30039 -1.37688 
vt 10.8168 -6.11086 
vt 6.30039 -6.11086 
vt 10.8168 -1.37688 
vt 6.30039 -1.37688 
vt 10.8168 -11.0088 
vt 6.30039 -11.0088 

usemtl Part11Mtl

f 1849/1849/1849 1850/1850/1850 1851/1851/1851 
f 1851/1851/1851 1850/1850/1850 1852/1852/1852 
f 1853/1853/1853 1854/1854/1854 1855/1855/1855 
f 1855/1855/1855 1854/1854/1854 1856/1856/1856 
f 1857/1857/1857 1858/1858/1858 1859/1859/1859 
f 1859/1859/1859 1858/1858/1858 1860/1860/1860 
f 1861/1861/1861 1862/1862/1862 1863/1863/1863 
f 1863/1863/1863 1862/1862/1862 1864/1864/1864 
f 1865/1865/1865 1866/1866/1866 1867/1867/1867 
f 1867/1867/1867 1866/1866/1866 1868/1868/1868 
f 1869/1869/1869 1870/1870/1870 1871/1871/1871 
f 1871/1871/1871 1870/1870/1870 1872/1872/1872 

g Part79

v 349.922 96.819 95.259 
v 392.592 96.819 169.165 
v 349.922 -19.5 95.259 
v 392.592 -19.5 169.165 
v 357.809 96.819 189.247 
v 392.592 96.819 169.165 
v 315.139 96.819 115.341 
v 349.922 96.819 95.259 
v 392.592 96.819 169.165 
v 357.809 96.819 189.247 
v 392.592 -19.5 169.165 
v 357.809 -19.5 189.247 
v 357.809 96.819 189.247 
v 315.139 96.819 115.341 
v 357.809 -19.5 189.247 
v 315.139 -19.5 115.341 
v 315.139 -19.5 115.341 
v 349.922 -19.5 95.259 
v 357.809 -19.5 189.247 
v 392.592 -19.5 169.165 
v 315.139 96.819 115.341 
v 349.922 96.819 95.259 
v 315.139 -19.5 115.341 
v 349.922 -19.5 95.259 

vn 0.866142 0 -0.496063 
vn 0.866142 0 -0.496063 
vn 0.866142 0 -0.496063 
vn 0.866142 0 -0.496063 
vn 0 1 0 
vn 0 1 0 
vn 0 1 0 
vn 0 1 0 
vn 0.503937 0 0.866142 
vn 0.503937 0 0.866142 
vn 0.503937 0 0.866142 
vn 0.503937 0 0.866142 
vn -0.866142 0 0.503937 
vn -0.866142 0 0.503937 
vn -0.866142 0 0.503937 
vn -0.866142 0 0.503937 
vn 0 -1 0 
vn 0 -1 0 
vn 0 -1 0 
vn 0 -1 0 
vn -0.496063 0 -0.866142 
vn -0.496063 0 -0.866142 
vn -0.496063 0 -0.866142 
vn -0.496063 0 -0.866142 

vt 5.51226 -9.82991 
vt -3.02172 -9.82991 
vt 5.51226 -21.4618 
vt -3.02172 -21.4618 
vt 0.994677 -9.82991 
vt -3.02172 -9.82991 
vt 0.994677 -18.3639 
vt -3.02172 -18.3639 
vt 0.994677 -9.82991 
vt -3.02172 -9.82991 
vt 0.994677 -21.4618 
vt -3.02172 -21.4618 
vt 5.51226 -9.82991 
vt -3.02172 -9.82991 
vt 5.51226 -21.4618 
vt -3.02172 -21.4618 
vt 0.994677 -9.82991 
vt -3.02172 -9.82991 
vt 0.994677 -18.3639 
vt -3.02172 -18.3639 
vt 0.994677 -9.82991 
vt -3.02172 -9.82991 
vt 0.994677 -21.4618 
vt -3.02172 -21.4618 

usemtl Part11Mtl

f 1873/1873/1873 1874/1874/1874 1875/1875/1875 
f 1875/1875/1875 1874/1874/1874 1876/1876/1876 
f 1877/1877/1877 1878/1878/1878 1879/1879/1879 
f 1879/1879/1879 1878/1878/1878 1880/1880/1880 
f 1881/1881/1881 1882/1882/1882 1883/1883/1883 
f 1883/1883/1883 1882/1882/1882 1884/1884/1884 
f 1885/1885/1885 1886/1886/1886 1887/1887/1887 
f 1887/1887/1887 1886/1886/1886 1888/1888/1888 
f 1889/1889/1889 1890/1890/1890 1891/1891/1891 
f 1891/1891/1891 1890/1890/1890 1892/1892/1892 
f 1893/1893/1893 1894/1894/1894 1895/1895/1895 
f 1895/1895/1895 1894/1894/1894 1896/1896/1896 

g Part80

v 248.6 84.819 241.556 
v 215.126 84.819 208.082 
v 248.6 -18.5 241.556 
v 215.126 -18.5 208.082 
v 247.061 84.819 176.146 
v 215.126 84.819 208.082 
v 280.536 84.819 209.621 
v 248.6 84.819 241.556 
v 215.126 84.819 208.082 
v 247.061 84.819 176.146 
v 215.126 -18.5 208.082 
v 247.061 -18.5 176.146 
v 247.061 84.819 176.146 
v 280.536 84.819 209.621 
v 247.061 -18.5 176.146 
v 280.536 -18.5 209.621 
v 280.536 -18.5 209.621 
v 248.6 -18.5 241.556 
v 247.061 -18.5 176.146 
v 215.126 -18.5 208.082 
v 280.536 84.819 209.621 
v 248.6 84.819 241.556 
v 280.536 -18.5 209.621 
v 248.6 -18.5 241.556 

vn -0.708661 0 0.708661 
vn -0.708661 0 0.708661 
vn -0.708661 0 0.708661 
vn -0.708661 0 0.708661 
vn 0 1 0 
vn 0 1 0 
vn 0 1 0 
vn 0 1 0 
vn -0.708661 0 -0.708661 
vn -0.708661 0 -0.708661 
vn -0.708661 0 -0.708661 
vn -0.708661 0 -0.708661 
vn 0.708661 0 -0.708661 
vn 0.708661 0 -0.708661 
vn 0.708661 0 -0.708661 
vn 0.708661 0 -0.708661 
vn 0 -1 0 
vn 0 -1 0 
vn 0 -1 0 
vn 0 -1 0 
vn 0.708661 0 0.708661 
vn 0.708661 0 0.708661 
vn 0.708661 0 0.708661 
vn 0.708661 0 0.708661 

vt 3.85213 -4.82712 
vt -0.881849 -4.82712 
vt 3.85213 -15.159 
vt -0.881849 -15.159 
vt 3.63455 -4.82712 
vt -0.881849 -4.82712 
vt 3.63455 -9.56109 
vt -0.881849 -9.56109 
vt 3.63455 -4.82712 
vt -0.881849 -4.82712 
vt 3.63455 -15.159 
vt -0.881849 -15.159 
vt 3.85213 -4.82712 
vt -0.881849 -4.82712 
vt 3.85213 -15.159 
vt -0.881849 -15.159 
vt 3.63455 -4.82712 
vt -0.881849 -4.82712 
vt 3.63455 -9.56109 
vt -0.881849 -9.56109 
vt 3.63455 -4.82712 
vt -0.881849 -4.82712 
vt 3.63455 -15.159 
vt -0.881849 -15.159 

usemtl Part11Mtl

f 1897/1897/1897 1898/1898/1898 1899/1899/1899 
f 1899/1899/1899 1898/1898/1898 1900/1900/1900 
f 1901/1901/1901 1902/1902/1902 1903/1903/1903 
f 1903/1903/1903 1902/1902/1902 1904/1904/1904 
f 1905/1905/1905 1906/1906/1906 1907/1907/1907 
f 1907/1907/1907 1906/1906/1906 1908/1908/1908 
f 1909/1909/1909 1910/1910/1910 1911/1911/1911 
f 1911/1911/1911 1910/1910/1910 1912/1912/1912 
f 1913/1913/1913 1914/1914/1914 1915/1915/1915 
f 1915/1915/1915 1914/1914/1914 1916/1916/1916 
f 1917/1917/1917 1918/1918/1918 1919/1919/1919 
f 1919/1919/1919 1918/1918/1918 1920/1920/1920 

g Part81

v 226.019 88.819 127.137 
v 177.394 88.819 140.166 
v 226.019 -18.5 127.137 
v 177.394 -18.5 140.166 
v 165.705 88.819 96.5406 
v 177.394 88.819 140.166 
v 214.329 88.819 83.5117 
v 226.019 88.819 127.137 
v 177.394 88.819 140.166 
v 165.705 88.819 96.5406 
v 177.394 -18.5 140.166 
v 165.705 -18.5 96.5406 
v 165.705 88.819 96.5406 
v 214.329 88.819 83.5117 
v 165.705 -18.5 96.5406 
v 214.329 -18.5 83.5117 
v 214.329 -18.5 83.5117 
v 226.019 -18.5 127.137 
v 165.705 -18.5 96.5406 
v 177.394 -18.5 140.166 
v 214.329 88.819 83.5117 
v 226.019 88.819 127.137 
v 214.329 -18.5 83.5117 
v 226.019 -18.5 127.137 

vn 0.259843 0 0.968504 
vn 0.259843 0 0.968504 
vn 0.259843 0 0.968504 
vn 0.259843 0 0.968504 
vn 0 1 0 
vn 0 1 0 
vn 0 1 0 
vn 0 1 0 
vn -0.968504 0 0.259843 
vn -0.968504 0 0.259843 
vn -0.968504 0 0.259843 
vn -0.968504 0 0.259843 
vn -0.259843 0 -0.968504 
vn -0.259843 0 -0.968504 
vn -0.259843 0 -0.968504 
vn -0.259843 0 -0.968504 
vn 0 -1 0 
vn 0 -1 0 
vn 0 -1 0 
vn 0 -1 0 
vn 0.968504 0 -0.259843 
vn 0.968504 0 -0.259843 
vn 0.968504 0 -0.259843 
vn 0.968504 0 -0.259843 

vt -0.535008 -0.0348419 
vt -5.56898 -0.0348419 
vt -0.535008 -10.7667 
vt -5.56898 -10.7667 
vt -1.05259 -0.0348419 
vt -5.56898 -0.0348419 
vt -1.05259 -5.06882 
vt -5.56898 -5.06882 
vt -1.05259 -0.0348419 
vt -5.56898 -0.0348419 
vt -1.05259 -10.7667 
vt -5.56898 -10.7667 
vt -0.535008 -0.0348419 
vt -5.56898 -0.0348419 
vt -0.535008 -10.7667 
vt -5.56898 -10.7667 
vt -1.05259 -0.0348419 
vt -5.56898 -0.0348419 
vt -1.05259 -5.06882 
vt -5.56898 -5.06882 
vt -1.05259 -0.0348419 
vt -5.56898 -0.0348419 
vt -1.05259 -10.7667 
vt -5.56898 -10.7667 

usemtl Part11Mtl

f 1921/1921/1921 1922/1922/1922 1923/1923/1923 
f 1923/1923/1923 1922/1922/1922 1924/1924/1924 
f 1925/1925/1925 1926/1926/1926 1927/1927/1927 
f 1927/1927/1927 1926/1926/1926 1928/1928/1928 
f 1929/1929/1929 1930/1930/1930 1931/1931/1931 
f 1931/1931/1931 1930/1930/1930 1932/1932/1932 
f 1933/1933/1933 1934/1934/1934 1935/1935/1935 
f 1935/1935/1935 1934/1934/1934 1936/1936/1936 
f 1937/1937/1937 1938/1938/1938 1939/1939/1939 
f 1939/1939/1939 1938/1938/1938 1940/1940/1940 
f 1941/1941/1941 1942/1942/1942 1943/1943/1943 
f 1943/1943/1943 1942/1942/1942 1944/1944/1944 

g Part82

v 261.12 77.819 184.53 
v 220.123 77.819 208.2 
v 261.12 -18.5 184.53 
v 220.123 -18.5 208.2 
v 197.541 77.819 169.087 
v 220.123 77.819 208.2 
v 238.538 77.819 145.417 
v 261.12 77.819 184.53 
v 220.123 77.819 208.2 
v 197.541 77.819 169.087 
v 220.123 -18.5 208.2 
v 197.541 -18.5 169.087 
v 197.541 77.819 169.087 
v 238.538 77.819 145.417 
v 197.541 -18.5 169.087 
v 238.538 -18.5 145.417 
v 238.538 -18.5 145.417 
v 261.12 -18.5 184.53 
v 197.541 -18.5 169.087 
v 220.123 -18.5 208.2 
v 238.538 77.819 145.417 
v 261.12 77.819 184.53 
v 238.538 -18.5 145.417 
v 261.12 -18.5 184.53 

vn 0.503937 0 0.866142 
vn 0.503937 0 0.866142 
vn 0.503937 0 0.866142 
vn 0.503937 0 0.866142 
vn 0 1 0 
vn 0 1 0 
vn 0 1 0 
vn 0 1 0 
vn -0.866142 0 0.503937 
vn -0.866142 0 0.503937 
vn -0.866142 0 0.503937 
vn -0.866142 0 0.503937 
vn -0.496063 0 -0.866142 
vn -0.496063 0 -0.866142 
vn -0.496063 0 -0.866142 
vn -0.496063 0 -0.866142 
vn 0 -1 0 
vn 0 -1 0 
vn 0 -1 0 
vn 0 -1 0 
vn 0.866142 0 -0.496063 
vn 0.866142 0 -0.496063 
vn 0.866142 0 -0.496063 
vn 0.866142 0 -0.496063 

vt 10.4945 5.13686 
vt 5.76051 5.13686 
vt 10.4945 -4.49504 
vt 5.76051 -4.49504 
vt 10.2769 5.13686 
vt 5.76051 5.13686 
vt 10.2769 0.402884 
vt 5.76051 0.402884 
vt 10.2769 5.13686 
vt 5.76051 5.13686 
vt 10.2769 -4.49504 
vt 5.76051 -4.49504 
vt 10.4945 5.13686 
vt 5.76051 5.13686 
vt 10.4945 -4.49504 
vt 5.76051 -4.49504 
vt 10.2769 5.13686 
vt 5.76051 5.13686 
vt 10.2769 0.402884 
vt 5.76051 0.402884 
vt 10.2769 5.13686 
vt 5.76051 5.13686 
vt 10.2769 -4.49504 
vt 5.76051 -4.49504 

usemtl Part11Mtl

f 1945/1945/1945 1946/1946/1946 1947/1947/1947 
f 1947/1947/1947 1946/1946/1946 1948/1948/1948 
f 1949/1949/1949 1950/1950/1950 1951/1951/1951 
f 1951/1951/1951 1950/1950/1950 1952/1952/1952 
f 1953/1953/1953 1954/1954/1954 1955/1955/1955 
f 1955/1955/1955 1954/1954/1954 1956/1956/1956 
f 1957/1957/1957 1958/1958/1958 1959/1959/1959 
f 1959/1959/1959 1958/1958/1958 1960/1960/1960 
f 1961/1961/1961 1962/1962/1962 1963/1963/1963 
f 1963/1963/1963 1962/1962/1962 1964/1964/1964 
f 1965/1965/1965 1966/1966/1966 1967/1967/1967 
f 1967/1967/1967 1966/1966/1966 1968/1968/1968 

g Part83

v 285.958 93.819 194.726 
v 311.128 93.819 238.321 
v 285.958 -18.5 194.726 
v 311.128 -18.5 238.321 
v 272.015 93.819 260.903 
v 311.128 93.819 238.321 
v 246.845 93.819 217.307 
v 285.958 93.819 194.726 
v 311.128 93.819 238.321 
v 272.015 93.819 260.903 
v 311.128 -18.5 238.321 
v 272.015 -18.5 260.903 
v 272.015 93.819 260.903 
v 246.845 93.819 217.307 
v 272.015 -18.5 260.903 
v 246.845 -18.5 217.307 
v 246.845 -18.5 217.307 
v 285.958 -18.5 194.726 
v 272.015 -18.5 260.903 
v 311.128 -18.5 238.321 
v 246.845 93.819 217.307 
v 285.958 93.819 194.726 
v 246.845 -18.5 217.307 
v 285.958 -18.5 194.726 

vn 0.866142 0 -0.496063 
vn 0.866142 0 -0.496063 
vn 0.866142 0 -0.496063 
vn 0.866142 0 -0.496063 
vn 0 1 0 
vn 0 1 0 
vn 0 1 0 
vn 0 1 0 
vn 0.503937 0 0.866142 
vn 0.503937 0 0.866142 
vn 0.503937 0 0.866142 
vn 0.503937 0 0.866142 
vn -0.866142 0 0.503937 
vn -0.866142 0 0.503937 
vn -0.866142 0 0.503937 
vn -0.866142 0 0.503937 
vn 0 -1 0 
vn 0 -1 0 
vn 0 -1 0 
vn 0 -1 0 
vn -0.496063 0 -0.866142 
vn -0.496063 0 -0.866142 
vn -0.496063 0 -0.866142 
vn -0.496063 0 -0.866142 

vt 12.4058 -5.78882 
vt 7.3718 -5.78882 
vt 12.4058 -17.0207 
vt 7.3718 -17.0207 
vt 11.8882 -5.78882 
vt 7.3718 -5.78882 
vt 11.8882 -10.8228 
vt 7.3718 -10.8228 
vt 11.8882 -5.78882 
vt 7.3718 -5.78882 
vt 11.8882 -17.0207 
vt 7.3718 -17.0207 
vt 12.4058 -5.78882 
vt 7.3718 -5.78882 
vt 12.4058 -17.0207 
vt 7.3718 -17.0207 
vt 11.8882 -5.78882 
vt 7.3718 -5.78882 
vt 11.8882 -10.8228 
vt 7.3718 -10.8228 
vt 11.8882 -5.78882 
vt 7.3718 -5.78882 
vt 11.8882 -17.0207 
vt 7.3718 -17.0207 

usemtl Part11Mtl

f 1969/1969/1969 1970/1970/1970 1971/1971/1971 
f 1971/1971/1971 1970/1970/1970 1972/1972/1972 
f 1973/1973/1973 1974/1974/1974 1975/1975/1975 
f 1975/1975/1975 1974/1974/1974 1976/1976/1976 
f 1977/1977/1977 1978/1978/1978 1979/1979/1979 
f 1979/1979/1979 1978/1978/1978 1980/1980/1980 
f 1981/1981/1981 1982/1982/1982 1983/1983/1983 
f 1983/1983/1983 1982/1982/1982 1984/1984/1984 
f 1985/1985/1985 1986/1986/1986 1987/1987/1987 
f 1987/1987/1987 1986/1986/1986 1988/1988/1988 
f 1989/1989/1989 1990/1990/1990 1991/1991/1991 
f 1991/1991/1991 1990/1990/1990 1992/1992/1992 

g Part84

v 323.915 85.819 275.293 
v 280.319 85.819 300.463 
v 323.915 -18.5 275.293 
v 280.319 -18.5 300.463 
v 257.737 85.819 261.35 
v 280.319 85.819 300.463 
v 301.333 85.819 236.18 
v 323.915 85.819 275.293 
v 280.319 85.819 300.463 
v 257.737 85.819 261.35 
v 280.319 -18.5 300.463 
v 257.737 -18.5 261.35 
v 257.737 85.819 261.35 
v 301.333 85.819 236.18 
v 257.737 -18.5 261.35 
v 301.333 -18.5 236.18 
v 301.333 -18.5 236.18 
v 323.915 -18.5 275.293 
v 257.737 -18.5 261.35 
v 280.319 -18.5 300.463 
v 301.333 85.819 236.18 
v 323.915 85.819 275.293 
v 301.333 -18.5 236.18 
v 323.915 -18.5 275.293 

vn 0.503937 0 0.866142 
vn 0.503937 0 0.866142 
vn 0.503937 0 0.866142 
vn 0.503937 0 0.866142 
vn 0 1 0 
vn 0 1 0 
vn 0 1 0 
vn 0 1 0 
vn -0.866142 0 0.503937 
vn -0.866142 0 0.503937 
vn -0.866142 0 0.503937 
vn -0.866142 0 0.503937 
vn -0.496063 0 -0.866142 
vn -0.496063 0 -0.866142 
vn -0.496063 0 -0.866142 
vn -0.496063 0 -0.866142 
vn 0 -1 0 
vn 0 -1 0 
vn 0 -1 0 
vn 0 -1 0 
vn 0.866142 0 -0.496063 
vn 0.866142 0 -0.496063 
vn 0.866142 0 -0.496063 
vn 0.866142 0 -0.496063 

vt -0.80862 -8.93279 
vt -5.8426 -8.93279 
vt -0.80862 -19.3647 
vt -5.8426 -19.3647 
vt -1.3262 -8.93279 
vt -5.8426 -8.93279 
vt -1.3262 -13.9668 
vt -5.8426 -13.9668 
vt -1.3262 -8.93279 
vt -5.8426 -8.93279 
vt -1.3262 -19.3647 
vt -5.8426 -19.3647 
vt -0.80862 -8.93279 
vt -5.8426 -8.93279 
vt -0.80862 -19.3647 
vt -5.8426 -19.3647 
vt -1.3262 -8.93279 
vt -5.8426 -8.93279 
vt -1.3262 -13.9668 
vt -5.8426 -13.9668 
vt -1.3262 -8.93279 
vt -5.8426 -8.93279 
vt -1.3262 -19.3647 
vt -5.8426 -19.3647 

usemtl Part11Mtl

f 1993/1993/1993 1994/1994/1994 1995/1995/1995 
f 1995/1995/1995 1994/1994/1994 1996/1996/1996 
f 1997/1997/1997 1998/1998/1998 1999/1999/1999 
f 1999/1999/1999 1998/1998/1998 2000/2000/2000 
f 2001/2001/2001 2002/2002/2002 2003/2003/2003 
f 2003/2003/2003 2002/2002/2002 2004/2004/2004 
f 2005/2005/2005 2006/2006/2006 2007/2007/2007 
f 2007/2007/2007 2006/2006/2006 2008/2008/2008 
f 2009/2009/2009 2010/2010/2010 2011/2011/2011 
f 2011/2011/2011 2010/2010/2010 2012/2012/2012 
f 2013/2013/2013 2014/2014/2014 2015/2015/2015 
f 2015/2015/2015 2014/2014/2014 2016/2016/2016 

g Part85

v 233.826 85.819 155.255 
v 190.231 85.819 180.425 
v 233.826 -18.5 155.255 
v 190.231 -18.5 180.425 
v 167.649 85.819 141.312 
v 190.231 85.819 180.425 
v 211.244 85.819 116.142 
v 233.826 85.819 155.255 
v 190.231 85.819 180.425 
v 167.649 85.819 141.312 
v 190.231 -18.5 180.425 
v 167.649 -18.5 141.312 
v 167.649 85.819 141.312 
v 211.244 85.819 116.142 
v 167.649 -18.5 141.312 
v 211.244 -18.5 116.142 
v 211.244 -18.5 116.142 
v 233.826 -18.5 155.255 
v 167.649 -18.5 141.312 
v 190.231 -18.5 180.425 
v 211.244 85.819 116.142 
v 233.826 85.819 155.255 
v 211.244 -18.5 116.142 
v 233.826 -18.5 155.255 

vn 0.503937 0 0.866142 
vn 0.503937 0 0.866142 
vn 0.503937 0 0.866142 
vn 0.503937 0 0.866142 
vn 0 1 0 
vn 0 1 0 
vn 0 1 0 
vn 0 1 0 
vn -0.866142 0 0.503937 
vn -0.866142 0 0.503937 
vn -0.866142 0 0.503937 
vn -0.866142 0 0.503937 
vn -0.496063 0 -0.866142 
vn -0.496063 0 -0.866142 
vn -0.496063 0 -0.866142 
vn -0.496063 0 -0.866142 
vn 0 -1 0 
vn 0 -1 0 
vn 0 -1 0 
vn 0 -1 0 
vn 0.866142 0 -0.496063 
vn 0.866142 0 -0.496063 
vn 0.866142 0 -0.496063 
vn 0.866142 0 -0.496063 

vt 8.87431 6.96785 
vt 3.84033 6.96785 
vt 8.87431 -3.46405 
vt 3.84033 -3.46405 
vt 8.35673 6.96785 
vt 3.84033 6.96785 
vt 8.35673 1.93387 
vt 3.84033 1.93387 
vt 8.35673 6.96785 
vt 3.84033 6.96785 
vt 8.35673 -3.46405 
vt 3.84033 -3.46405 
vt 8.87431 6.96785 
vt 3.84033 6.96785 
vt 8.87431 -3.46405 
vt 3.84033 -3.46405 
vt 8.35673 6.96785 
vt 3.84033 6.96785 
vt 8.35673 1.93387 
vt 3.84033 1.93387 
vt 8.35673 6.96785 
vt 3.84033 6.96785 
vt 8.35673 -3.46405 
vt 3.84033 -3.46405 

usemtl Part11Mtl

f 2017/2017/2017 2018/2018/2018 2019/2019/2019 
f 2019/2019/2019 2018/2018/2018 2020/2020/2020 
f 2021/2021/2021 2022/2022/2022 2023/2023/2023 
f 2023/2023/2023 2022/2022/2022 2024/2024/2024 
f 2025/2025/2025 2026/2026/2026 2027/2027/2027 
f 2027/2027/2027 2026/2026/2026 2028/2028/2028 
f 2029/2029/2029 2030/2030/2030 2031/2031/2031 
f 2031/2031/2031 2030/2030/2030 2032/2032/2032 
f 2033/2033/2033 2034/2034/2034 2035/2035/2035 
f 2035/2035/2035 2034/2034/2034 2036/2036/2036 
f 2037/2037/2037 2038/2038/2038 2039/2039/2039 
f 2039/2039/2039 2038/2038/2038 2040/2040/2040 

g Part86

v 377.599 104.819 290.481 
v 334.004 104.819 315.651 
v 377.599 -7.5 290.481 
v 334.004 -7.5 315.651 
v 311.422 104.819 276.537 
v 334.004 104.819 315.651 
v 355.017 104.819 251.368 
v 377.599 104.819 290.481 
v 334.004 104.819 315.651 
v 311.422 104.819 276.537 
v 334.004 -7.5 315.651 
v 311.422 -7.5 276.537 
v 311.422 104.819 276.537 
v 355.017 104.819 251.368 
v 311.422 -7.5 276.537 
v 355.017 -7.5 251.368 
v 355.017 -7.5 251.368 
v 377.599 -7.5 290.481 
v 311.422 -7.5 276.537 
v 334.004 -7.5 315.651 
v 355.017 104.819 251.368 
v 377.599 104.819 290.481 
v 355.017 -7.5 251.368 
v 377.599 -7.5 290.481 

vn 0.503937 0 0.866142 
vn 0.503937 0 0.866142 
vn 0.503937 0 0.866142 
vn 0.503937 0 0.866142 
vn 0 1 0 
vn 0 1 0 
vn 0 1 0 
vn 0 1 0 
vn -0.866142 0 0.503937 
vn -0.866142 0 0.503937 
vn -0.866142 0 0.503937 
vn -0.866142 0 0.503937 
vn -0.496063 0 -0.866142 
vn -0.496063 0 -0.866142 
vn -0.496063 0 -0.866142 
vn -0.496063 0 -0.866142 
vn 0 -1 0 
vn 0 -1 0 
vn 0 -1 0 
vn 0 -1 0 
vn 0.866142 0 -0.496063 
vn 0.866142 0 -0.496063 
vn 0.866142 0 -0.496063 
vn 0.866142 0 -0.496063 

vt 5.5844 -5.07869 
vt 0.550419 -5.07869 
vt 5.5844 -16.3106 
vt 0.550419 -16.3106 
vt 5.06682 -5.07869 
vt 0.550419 -5.07869 
vt 5.06682 -10.1127 
vt 0.550419 -10.1127 
vt 5.06682 -5.07869 
vt 0.550419 -5.07869 
vt 5.06682 -16.3106 
vt 0.550419 -16.3106 
vt 5.5844 -5.07869 
vt 0.550419 -5.07869 
vt 5.5844 -16.3106 
vt 0.550419 -16.3106 
vt 5.06682 -5.07869 
vt 0.550419 -5.07869 
vt 5.06682 -10.1127 
vt 0.550419 -10.1127 
vt 5.06682 -5.07869 
vt 0.550419 -5.07869 
vt 5.06682 -16.3106 
vt 0.550419 -16.3106 

usemtl Part11Mtl

f 2041/2041/2041 2042/2042/2042 2043/2043/2043 
f 2043/2043/2043 2042/2042/2042 2044/2044/2044 
f 2045/2045/2045 2046/2046/2046 2047/2047/2047 
f 2047/2047/2047 2046/2046/2046 2048/2048/2048 
f 2049/2049/2049 2050/2050/2050 2051/2051/2051 
f 2051/2051/2051 2050/2050/2050 2052/2052/2052 
f 2053/2053/2053 2054/2054/2054 2055/2055/2055 
f 2055/2055/2055 2054/2054/2054 2056/2056/2056 
f 2057/2057/2057 2058/2058/2058 2059/2059/2059 
f 2059/2059/2059 2058/2058/2058 2060/2060/2060 
f 2061/2061/2061 2062/2062/2062 2063/2063/2063 
f 2063/2063/2063 2062/2062/2062 2064/2064/2064 

g Part87

v 338.768 95.819 253.123 
v 372.242 95.819 219.649 
v 338.768 -7.5 253.123 
v 372.242 -7.5 219.649 
v 404.178 95.819 251.584 
v 372.242 95.819 219.649 
v 370.704 95.819 285.059 
v 338.768 95.819 253.123 
v 372.242 95.819 219.649 
v 404.178 95.819 251.584 
v 372.242 -7.5 219.649 
v 404.178 -7.5 251.584 
v 404.178 95.819 251.584 
v 370.704 95.819 285.059 
v 404.178 -7.5 251.584 
v 370.704 -7.5 285.059 
v 370.704 -7.5 285.059 
v 338.768 -7.5 253.123 
v 404.178 -7.5 251.584 
v 372.242 -7.5 219.649 
v 370.704 95.819 285.059 
v 338.768 95.819 253.123 
v 370.704 -7.5 285.059 
v 338.768 -7.5 253.123 

vn -0.708661 0 -0.708661 
vn -0.708661 0 -0.708661 
vn -0.708661 0 -0.708661 
vn -0.708661 0 -0.708661 
vn 0 1 0 
vn 0 1 0 
vn 0 1 0 
vn 0 1 0 
vn 0.708661 0 -0.708661 
vn 0.708661 0 -0.708661 
vn 0.708661 0 -0.708661 
vn 0.708661 0 -0.708661 
vn 0.708661 0 0.708661 
vn 0.708661 0 0.708661 
vn 0.708661 0 0.708661 
vn 0.708661 0 0.708661 
vn 0 -1 0 
vn 0 -1 0 
vn 0 -1 0 
vn 0 -1 0 
vn -0.708661 0 0.708661 
vn -0.708661 0 0.708661 
vn -0.708661 0 0.708661 
vn -0.708661 0 0.708661 

vt 11.1308 0.481363 
vt 6.39682 0.481363 
vt 11.1308 -9.85054 
vt 6.39682 -9.85054 
vt 10.9132 0.481363 
vt 6.39682 0.481363 
vt 10.9132 -4.25261 
vt 6.39682 -4.25261 
vt 10.9132 0.481363 
vt 6.39682 0.481363 
vt 10.9132 -9.85054 
vt 6.39682 -9.85054 
vt 11.1308 0.481363 
vt 6.39682 0.481363 
vt 11.1308 -9.85054 
vt 6.39682 -9.85054 
vt 10.9132 0.481363 
vt 6.39682 0.481363 
vt 10.9132 -4.25261 
vt 6.39682 -4.25261 
vt 10.9132 0.481363 
vt 6.39682 0.481363 
vt 10.9132 -9.85054 
vt 6.39682 -9.85054 

usemtl Part11Mtl

f 2065/2065/2065 2066/2066/2066 2067/2067/2067 
f 2067/2067/2067 2066/2066/2066 2068/2068/2068 
f 2069/2069/2069 2070/2070/2070 2071/2071/2071 
f 2071/2071/2071 2070/2070/2070 2072/2072/2072 
f 2073/2073/2073 2074/2074/2074 2075/2075/2075 
f 2075/2075/2075 2074/2074/2074 2076/2076/2076 
f 2077/2077/2077 2078/2078/2078 2079/2079/2079 
f 2079/2079/2079 2078/2078/2078 2080/2080/2080 
f 2081/2081/2081 2082/2082/2082 2083/2083/2083 
f 2083/2083/2083 2082/2082/2082 2084/2084/2084 
f 2085/2085/2085 2086/2086/2086 2087/2087/2087 
f 2087/2087/2087 2086/2086/2086 2088/2088/2088 

g Part88

v 297.032 96.819 328.438 
v 271.862 96.819 284.842 
v 297.032 -7.5 328.438 
v 271.862 -7.5 284.842 
v 310.975 96.819 262.26 
v 271.862 96.819 284.842 
v 336.145 96.819 305.856 
v 297.032 96.819 328.438 
v 271.862 96.819 284.842 
v 310.975 96.819 262.26 
v 271.862 -7.5 284.842 
v 310.975 -7.5 262.26 
v 310.975 96.819 262.26 
v 336.145 96.819 305.856 
v 310.975 -7.5 262.26 
v 336.145 -7.5 305.856 
v 336.145 -7.5 305.856 
v 297.032 -7.5 328.438 
v 310.975 -7.5 262.26 
v 271.862 -7.5 284.842 
v 336.145 96.819 305.856 
v 297.032 96.819 328.438 
v 336.145 -7.5 305.856 
v 297.032 -7.5 328.438 

vn -0.866142 0 0.503937 
vn -0.866142 0 0.503937 
vn -0.866142 0 0.503937 
vn -0.866142 0 0.503937 
vn 0 1 0 
vn 0 1 0 
vn 0 1 0 
vn 0 1 0 
vn -0.496063 0 -0.866142 
vn -0.496063 0 -0.866142 
vn -0.496063 0 -0.866142 
vn -0.496063 0 -0.866142 
vn 0.866142 0 -0.496063 
vn 0.866142 0 -0.496063 
vn 0.866142 0 -0.496063 
vn 0.866142 0 -0.496063 
vn 0 -1 0 
vn 0 -1 0 
vn 0 -1 0 
vn 0 -1 0 
vn 0.503937 0 0.866142 
vn 0.503937 0 0.866142 
vn 0.503937 0 0.866142 
vn 0.503937 0 0.866142 

vt 11.9704 -5.09609 
vt 6.93647 -5.09609 
vt 11.9704 -15.528 
vt 6.93647 -15.528 
vt 11.4529 -5.09609 
vt 6.93647 -5.09609 
vt 11.4529 -10.1301 
vt 6.93647 -10.1301 
vt 11.4529 -5.09609 
vt 6.93647 -5.09609 
vt 11.4529 -15.528 
vt 6.93647 -15.528 
vt 11.9704 -5.09609 
vt 6.93647 -5.09609 
vt 11.9704 -15.528 
vt 6.93647 -15.528 
vt 11.4529 -5.09609 
vt 6.93647 -5.09609 
vt 11.4529 -10.1301 
vt 6.93647 -10.1301 
vt 11.4529 -5.09609 
vt 6.93647 -5.09609 
vt 11.4529 -15.528 
vt 6.93647 -15.528 

usemtl Part11Mtl

f 2089/2089/2089 2090/2090/2090 2091/2091/2091 
f 2091/2091/2091 2090/2090/2090 2092/2092/2092 
f 2093/2093/2093 2094/2094/2094 2095/2095/2095 
f 2095/2095/2095 2094/2094/2094 2096/2096/2096 
f 2097/2097/2097 2098/2098/2098 2099/2099/2099 
f 2099/2099/2099 2098/2098/2098 2100/2100/2100 
f 2101/2101/2101 2102/2102/2102 2103/2103/2103 
f 2103/2103/2103 2102/2102/2102 2104/2104/2104 
f 2105/2105/2105 2106/2106/2106 2107/2107/2107 
f 2107/2107/2107 2106/2106/2106 2108/2108/2108 
f 2109/2109/2109 2110/2110/2110 2111/2111/2111 
f 2111/2111/2111 2110/2110/2110 2112/2112/2112 

g Part89

v 278.829 57.7645 166.223 
v 276.96 65.8201 167.302 
v 254.303 50.1762 180.383 
v 252.434 58.2318 181.462 
v 272.378 65.8201 159.366 
v 276.96 65.8201 167.302 
v 274.247 57.7645 158.287 
v 278.829 57.7645 166.223 
v 276.96 65.8201 167.302 
v 272.378 65.8201 159.366 
v 252.434 58.2318 181.462 
v 247.852 58.2318 173.526 
v 272.378 65.8201 159.366 
v 274.247 57.7645 158.287 
v 247.852 58.2318 173.526 
v 249.721 50.1762 172.447 
v 249.721 50.1762 172.447 
v 254.303 50.1762 180.383 
v 247.852 58.2318 173.526 
v 252.434 58.2318 181.462 
v 274.247 57.7645 158.287 
v 278.829 57.7645 166.223 
v 249.721 50.1762 172.447 
v 254.303 50.1762 180.383 

vn 0.503937 0 0.866142 
vn 0.503937 0 0.866142 
vn 0.503937 0 0.866142 
vn 0.503937 0 0.866142 
vn 0.834646 0.259843 -0.480315 
vn 0.834646 0.259843 -0.480315 
vn 0.834646 0.259843 -0.480315 
vn 0.834646 0.259843 -0.480315 
vn -0.220472 0.968504 0.125984 
vn -0.220472 0.968504 0.125984 
vn -0.220472 0.968504 0.125984 
vn -0.220472 0.968504 0.125984 
vn -0.496063 0 -0.866142 
vn -0.496063 0 -0.866142 
vn -0.496063 0 -0.866142 
vn -0.496063 0 -0.866142 
vn -0.834646 -0.259843 0.480315 
vn -0.834646 -0.259843 0.480315 
vn -0.834646 -0.259843 0.480315 
vn -0.834646 -0.259843 0.480315 
vn 0.220472 -0.968504 -0.125984 
vn 0.220472 -0.968504 -0.125984 
vn 0.220472 -0.968504 -0.125984 
vn 0.220472 -0.968504 -0.125984 

vt -1.27984 -0.381158 
vt -2.11381 -0.381158 
vt -1.27984 -3.31306 
vt -2.11381 -3.31306 
vt -1.19741 -0.381158 
vt -2.11381 -0.381158 
vt -1.19741 -1.21513 
vt -2.11381 -1.21513 
vt -1.19741 -0.381158 
vt -2.11381 -0.381158 
vt -1.19741 -3.31306 
vt -2.11381 -3.31306 
vt -1.27984 -0.381158 
vt -2.11381 -0.381158 
vt -1.27984 -3.31306 
vt -2.11381 -3.31306 
vt -1.19741 -0.381158 
vt -2.11381 -0.381158 
vt -1.19741 -1.21513 
vt -2.11381 -1.21513 
vt -1.19741 -0.381158 
vt -2.11381 -0.381158 
vt -1.19741 -3.31306 
vt -2.11381 -3.31306 

usemtl Part24Mtl

f 2113/2113/2113 2114/2114/2114 2115/2115/2115 
f 2115/2115/2115 2114/2114/2114 2116/2116/2116 
f 2117/2117/2117 2118/2118/2118 2119/2119/2119 
f 2119/2119/2119 2118/2118/2118 2120/2120/2120 
f 2121/2121/2121 2122/2122/2122 2123/2123/2123 
f 2123/2123/2123 2122/2122/2122 2124/2124/2124 
f 2125/2125/2125 2126/2126/2126 2127/2127/2127 
f 2127/2127/2127 2126/2126/2126 2128/2128/2128 
f 2129/2129/2129 2130/2130/2130 2131/2131/2131 
f 2131/2131/2131 2130/2130/2130 2132/2132/2132 
f 2133/2133/2133 2134/2134/2134 2135/2135/2135 
f 2135/2135/2135 2134/2134/2134 2136/2136/2136 

g Part90

v 328.602 49.5455 138.064 
v 330.64 58.3256 136.888 
v 300.312 58.2986 154.397 
v 302.35 67.0786 153.221 
v 325.808 58.3256 128.518 
v 330.64 58.3256 136.888 
v 323.77 49.5455 129.695 
v 328.602 49.5455 138.064 
v 330.64 58.3256 136.888 
v 325.808 58.3256 128.518 
v 302.35 67.0786 153.221 
v 297.518 67.0786 144.852 
v 325.808 58.3256 128.518 
v 323.77 49.5455 129.695 
v 297.518 67.0786 144.852 
v 295.48 58.2986 146.028 
v 295.48 58.2986 146.028 
v 300.312 58.2986 154.397 
v 297.518 67.0786 144.852 
v 302.35 67.0786 153.221 
v 323.77 49.5455 129.695 
v 328.602 49.5455 138.064 
v 295.48 58.2986 146.028 
v 300.312 58.2986 154.397 

vn 0.503937 0 0.866142 
vn 0.503937 0 0.866142 
vn 0.503937 0 0.866142 
vn 0.503937 0 0.866142 
vn 0.834646 -0.259843 -0.480315 
vn 0.834646 -0.259843 -0.480315 
vn 0.834646 -0.259843 -0.480315 
vn 0.834646 -0.259843 -0.480315 
vn 0.220472 0.968504 -0.125984 
vn 0.220472 0.968504 -0.125984 
vn 0.220472 0.968504 -0.125984 
vn 0.220472 0.968504 -0.125984 
vn -0.496063 0 -0.866142 
vn -0.496063 0 -0.866142 
vn -0.496063 0 -0.866142 
vn -0.496063 0 -0.866142 
vn -0.834646 0.259843 0.480315 
vn -0.834646 0.259843 0.480315 
vn -0.834646 0.259843 0.480315 
vn -0.834646 0.259843 0.480315 
vn -0.220472 -0.968504 0.125984 
vn -0.220472 -0.968504 0.125984 
vn -0.220472 -0.968504 0.125984 
vn -0.220472 -0.968504 0.125984 

vt -1.46442 -0.0820569 
vt -2.3734 -0.0820569 
vt -1.46442 -3.46396 
vt -2.3734 -3.46396 
vt -1.407 -0.0820569 
vt -2.3734 -0.0820569 
vt -1.407 -0.991033 
vt -2.3734 -0.991033 
vt -1.407 -0.0820569 
vt -2.3734 -0.0820569 
vt -1.407 -3.46396 
vt -2.3734 -3.46396 
vt -1.46442 -0.0820569 
vt -2.3734 -0.0820569 
vt -1.46442 -3.46396 
vt -2.3734 -3.46396 
vt -1.407 -0.0820569 
vt -2.3734 -0.0820569 
vt -1.407 -0.991033 
vt -2.3734 -0.991033 
vt -1.407 -0.0820569 
vt -2.3734 -0.0820569 
vt -1.407 -3.46396 
vt -2.3734 -3.46396 

usemtl Part24Mtl

f 2137/2137/2137 2138/2138/2138 2139/2139/2139 
f 2139/2139/2139 2138/2138/2138 2140/2140/2140 
f 2141/2141/2141 2142/2142/2142 2143/2143/2143 
f 2143/2143/2143 2142/2142/2142 2144/2144/2144 
f 2145/2145/2145 2146/2146/2146 2147/2147/2147 
f 2147/2147/2147 2146/2146/2146 2148/2148/2148 
f 2149/2149/2149 2150/2150/2150 2151/2151/2151 
f 2151/2151/2151 2150/2150/2150 2152/2152/2152 
f 2153/2153/2153 2154/2154/2154 2155/2155/2155 
f 2155/2155/2155 2154/2154/2154 2156/2156/2156 
f 2157/2157/2157 2158/2158/2158 2159/2159/2159 
f 2159/2159/2159 2158/2158/2158 2160/2160/2160 

g Part91

v 265.152 58.5487 82.2185 
v 265.152 64.8885 82.2185 
v 236.297 58.5487 98.878 
v 236.297 64.8885 98.878 
v 261.571 64.8885 76.0143 
v 265.152 64.8885 82.2185 
v 261.571 58.5487 76.0143 
v 265.152 58.5487 82.2185 
v 265.152 64.8885 82.2185 
v 261.571 64.8885 76.0143 
v 236.297 64.8885 98.878 
v 232.715 64.8885 92.6738 
v 261.571 64.8885 76.0143 
v 261.571 58.5487 76.0143 
v 232.715 64.8885 92.6738 
v 232.715 58.5487 92.6738 
v 232.715 58.5487 92.6738 
v 236.297 58.5487 98.878 
v 232.715 64.8885 92.6738 
v 236.297 64.8885 98.878 
v 261.571 58.5487 76.0143 
v 265.152 58.5487 82.2185 
v 232.715 58.5487 92.6738 
v 236.297 58.5487 98.878 

vn 0.503937 0 0.866142 
vn 0.503937 0 0.866142 
vn 0.503937 0 0.866142 
vn 0.503937 0 0.866142 
vn 0.866142 0 -0.496063 
vn 0.866142 0 -0.496063 
vn 0.866142 0 -0.496063 
vn 0.866142 0 -0.496063 
vn 0 1 0 
vn 0 1 0 
vn 0 1 0 
vn 0 1 0 
vn -0.496063 0 -0.866142 
vn -0.496063 0 -0.866142 
vn -0.496063 0 -0.866142 
vn -0.496063 0 -0.866142 
vn -0.866142 0 0.503937 
vn -0.866142 0 0.503937 
vn -0.866142 0 0.503937 
vn -0.866142 0 0.503937 
vn 0 -1 0 
vn 0 -1 0 
vn 0 -1 0 
vn 0 -1 0 

vt 1.3314 -0.661813 
vt 0.697424 -0.661813 
vt 1.3314 -3.99371 
vt 0.697424 -3.99371 
vt 1.41382 -0.661813 
vt 0.697424 -0.661813 
vt 1.41382 -1.29579 
vt 0.697424 -1.29579 
vt 1.41382 -0.661813 
vt 0.697424 -0.661813 
vt 1.41382 -3.99371 
vt 0.697424 -3.99371 
vt 1.3314 -0.661813 
vt 0.697424 -0.661813 
vt 1.3314 -3.99371 
vt 0.697424 -3.99371 
vt 1.41382 -0.661813 
vt 0.697424 -0.661813 
vt 1.41382 -1.29579 
vt 0.697424 -1.29579 
vt 1.41382 -0.661813 
vt 0.697424 -0.661813 
vt 1.41382 -3.99371 
vt 0.697424 -3.99371 

usemtl Part24Mtl

f 2161/2161/2161 2162/2162/2162 2163/2163/2163 
f 2163/2163/2163 2162/2162/2162 2164/2164/2164 
f 2165/2165/2165 2166/2166/2166 2167/2167/2167 
f 2167/2167/2167 2166/2166/2166 2168/2168/2168 
f 2169/2169/2169 2170/2170/2170 2171/2171/2171 
f 2171/2171/2171 2170/2170/2170 2172/2172/2172 
f 2173/2173/2173 2174/2174/2174 2175/2175/2175 
f 2175/2175/2175 2174/2174/2174 2176/2176/2176 
f 2177/2177/2177 2178/2178/2178 2179/2179/2179 
f 2179/2179/2179 2178/2178/2178 2180/2180/2180 
f 2181/2181/2181 2182/2182/2182 2183/2183/2183 
f 2183/2183/2183 2182/2182/2182 2184/2184/2184 

g Part92

v 289.602 49.5455 69.8344 
v 291.64 58.3256 68.6581 
v 261.312 58.2986 86.1678 
v 263.35 67.0786 84.9914 
v 286.808 58.3256 60.2889 
v 291.64 58.3256 68.6581 
v 284.77 49.5455 61.4652 
v 289.602 49.5455 69.8344 
v 291.64 58.3256 68.6581 
v 286.808 58.3256 60.2889 
v 263.35 67.0786 84.9914 
v 258.518 67.0786 76.6222 
v 286.808 58.3256 60.2889 
v 284.77 49.5455 61.4652 
v 258.518 67.0786 76.6222 
v 256.48 58.2986 77.7985 
v 256.48 58.2986 77.7985 
v 261.312 58.2986 86.1678 
v 258.518 67.0786 76.6222 
v 263.35 67.0786 84.9914 
v 284.77 49.5455 61.4652 
v 289.602 49.5455 69.8344 
v 256.48 58.2986 77.7985 
v 261.312 58.2986 86.1678 

vn 0.503937 0 0.866142 
vn 0.503937 0 0.866142 
vn 0.503937 0 0.866142 
vn 0.503937 0 0.866142 
vn 0.834646 -0.259843 -0.480315 
vn 0.834646 -0.259843 -0.480315 
vn 0.834646 -0.259843 -0.480315 
vn 0.834646 -0.259843 -0.480315 
vn 0.220472 0.968504 -0.125984 
vn 0.220472 0.968504 -0.125984 
vn 0.220472 0.968504 -0.125984 
vn 0.220472 0.968504 -0.125984 
vn -0.496063 0 -0.866142 
vn -0.496063 0 -0.866142 
vn -0.496063 0 -0.866142 
vn -0.496063 0 -0.866142 
vn -0.834646 0.259843 0.480315 
vn -0.834646 0.259843 0.480315 
vn -0.834646 0.259843 0.480315 
vn -0.834646 0.259843 0.480315 
vn -0.220472 -0.968504 0.125984 
vn -0.220472 -0.968504 0.125984 
vn -0.220472 -0.968504 0.125984 
vn -0.220472 -0.968504 0.125984 

vt 2.62634 1.37862 
vt 1.71736 1.37862 
vt 2.62634 -2.00328 
vt 1.71736 -2.00328 
vt 2.68376 1.37862 
vt 1.71736 1.37862 
vt 2.68376 0.469642 
vt 1.71736 0.469642 
vt 2.68376 1.37862 
vt 1.71736 1.37862 
vt 2.68376 -2.00328 
vt 1.71736 -2.00328 
vt 2.62634 1.37862 
vt 1.71736 1.37862 
vt 2.62634 -2.00328 
vt 1.71736 -2.00328 
vt 2.68376 1.37862 
vt 1.71736 1.37862 
vt 2.68376 0.469642 
vt 1.71736 0.469642 
vt 2.68376 1.37862 
vt 1.71736 1.37862 
vt 2.68376 -2.00328 
vt 1.71736 -2.00328 

usemtl Part24Mtl

f 2185/2185/2185 2186/2186/2186 2187/2187/2187 
f 2187/2187/2187 2186/2186/2186 2188/2188/2188 
f 2189/2189/2189 2190/2190/2190 2191/2191/2191 
f 2191/2191/2191 2190/2190/2190 2192/2192/2192 
f 2193/2193/2193 2194/2194/2194 2195/2195/2195 
f 2195/2195/2195 2194/2194/2194 2196/2196/2196 
f 2197/2197/2197 2198/2198/2198 2199/2199/2199 
f 2199/2199/2199 2198/2198/2198 2200/2200/2200 
f 2201/2201/2201 2202/2202/2202 2203/2203/2203 
f 2203/2203/2203 2202/2202/2202 2204/2204/2204 
f 2205/2205/2205 2206/2206/2206 2207/2207/2207 
f 2207/2207/2207 2206/2206/2206 2208/2208/2208 

g Part93

v 239.829 57.7645 97.9938 
v 237.96 65.8201 99.073 
v 215.303 50.1762 112.154 
v 213.434 58.2318 113.233 
v 233.378 65.8201 91.1368 
v 237.96 65.8201 99.073 
v 235.247 57.7645 90.0575 
v 239.829 57.7645 97.9938 
v 237.96 65.8201 99.073 
v 233.378 65.8201 91.1368 
v 213.434 58.2318 113.233 
v 208.852 58.2318 105.297 
v 233.378 65.8201 91.1368 
v 235.247 57.7645 90.0575 
v 208.852 58.2318 105.297 
v 210.721 50.1762 104.218 
v 210.721 50.1762 104.218 
v 215.303 50.1762 112.154 
v 208.852 58.2318 105.297 
v 213.434 58.2318 113.233 
v 235.247 57.7645 90.0575 
v 239.829 57.7645 97.9938 
v 210.721 50.1762 104.218 
v 215.303 50.1762 112.154 

vn 0.503937 0 0.866142 
vn 0.503937 0 0.866142 
vn 0.503937 0 0.866142 
vn 0.503937 0 0.866142 
vn 0.834646 0.259843 -0.480315 
vn 0.834646 0.259843 -0.480315 
vn 0.834646 0.259843 -0.480315 
vn 0.834646 0.259843 -0.480315 
vn -0.220472 0.968504 0.125984 
vn -0.220472 0.968504 0.125984 
vn -0.220472 0.968504 0.125984 
vn -0.220472 0.968504 0.125984 
vn -0.496063 0 -0.866142 
vn -0.496063 0 -0.866142 
vn -0.496063 0 -0.866142 
vn -0.496063 0 -0.866142 
vn -0.834646 -0.259843 0.480315 
vn -0.834646 -0.259843 0.480315 
vn -0.834646 -0.259843 0.480315 
vn -0.834646 -0.259843 0.480315 
vn 0.220472 -0.968504 -0.125984 
vn 0.220472 -0.968504 -0.125984 
vn 0.220472 -0.968504 -0.125984 
vn 0.220472 -0.968504 -0.125984 

vt -1.27984 0.87599 
vt -2.11381 0.87599 
vt -1.27984 -2.05591 
vt -2.11381 -2.05591 
vt -1.19741 0.87599 
vt -2.11381 0.87599 
vt -1.19741 0.0420135 
vt -2.11381 0.0420135 
vt -1.19741 0.87599 
vt -2.11381 0.87599 
vt -1.19741 -2.05591 
vt -2.11381 -2.05591 
vt -1.27984 0.87599 
vt -2.11381 0.87599 
vt -1.27984 -2.05591 
vt -2.11381 -2.05591 
vt -1.19741 0.87599 
vt -2.11381 0.87599 
vt -1.19741 0.0420135 
vt -2.11381 0.0420135 
vt -1.19741 0.87599 
vt -2.11381 0.87599 
vt -1.19741 -2.05591 
vt -2.11381 -2.05591 

usemtl Part24Mtl

f 2209/2209/2209 2210/2210/2210 2211/2211/2211 
f 2211/2211/2211 2210/2210/2210 2212/2212/2212 
f 2213/2213/2213 2214/2214/2214 2215/2215/2215 
f 2215/2215/2215 2214/2214/2214 2216/2216/2216 
f 2217/2217/2217 2218/2218/2218 2219/2219/2219 
f 2219/2219/2219 2218/2218/2218 2220/2220/2220 
f 2221/2221/2221 2222/2222/2222 2223/2223/2223 
f 2223/2223/2223 2222/2222/2222 2224/2224/2224 
f 2225/2225/2225 2226/2226/2226 2227/2227/2227 
f 2227/2227/2227 2226/2226/2226 2228/2228/2228 
f 2229/2229/2229 2230/2230/2230 2231/2231/2231 
f 2231/2231/2231 2230/2230/2230 2232/2232/2232 

g Part94

v -43.9905 0.5 -284.054 
v -43.9905 0.5 284.054 
v -43.9905 -0.5 -284.054 
v -43.9905 -0.5 284.054 
v -322.009 0.5 284.054 
v -43.9905 0.5 284.054 
v -322.009 0.5 -284.054 
v -43.9905 0.5 -284.054 
v -43.9905 0.5 284.054 
v -322.009 0.5 284.054 
v -43.9905 -0.5 284.054 
v -322.009 -0.5 284.054 
v -322.009 0.5 284.054 
v -322.009 0.5 -284.054 
v -322.009 -0.5 284.054 
v -322.009 -0.5 -284.054 
v -322.009 -0.5 -284.054 
v -43.9905 -0.5 -284.054 
v -322.009 -0.5 284.054 
v -43.9905 -0.5 284.054 
v -322.009 0.5 -284.054 
v -43.9905 0.5 -284.054 
v -322.009 -0.5 -284.054 
v -43.9905 -0.5 -284.054 

vn 1 0 0 
vn 1 0 0 
vn 1 0 0 
vn 1 0 0 
vn 0 1 0 
vn 0 1 0 
vn 0 1 0 
vn 0 1 0 
vn 0 0 1 
vn 0 0 1 
vn 0 0 1 
vn 0 0 1 
vn -1 0 0 
vn -1 0 0 
vn -1 0 0 
vn -1 0 0 
vn 0 -1 0 
vn 0 -1 0 
vn 0 -1 0 
vn 0 -1 0 
vn 0 0 -1 
vn 0 0 -1 
vn 0 0 -1 
vn 0 0 -1 

vt 98.9199 23.8324 
vt 42.109 23.8324 
vt 98.9199 23.7324 
vt 42.109 23.7324 
vt 69.9109 23.8324 
vt 42.109 23.8324 
vt 69.9109 -32.9785 
vt 42.109 -32.9785 
vt 69.9109 23.8324 
vt 42.109 23.8324 
vt 69.9109 23.7324 
vt 42.109 23.7324 
vt 98.9199 23.8324 
vt 42.109 23.8324 
vt 98.9199 23.7324 
vt 42.109 23.7324 
vt 69.9109 23.8324 
vt 42.109 23.8324 
vt 69.9109 -32.9785 
vt 42.109 -32.9785 
vt 69.9109 23.8324 
vt 42.109 23.8324 
vt 69.9109 23.7324 
vt 42.109 23.7324 

usemtl Part17Mtl

f 2233/2233/2233 2234/2234/2234 2235/2235/2235 
f 2235/2235/2235 2234/2234/2234 2236/2236/2236 
f 2237/2237/2237 2238/2238/2238 2239/2239/2239 
f 2239/2239/2239 2238/2238/2238 2240/2240/2240 
f 2241/2241/2241 2242/2242/2242 2243/2243/2243 
f 2243/2243/2243 2242/2242/2242 2244/2244/2244 
f 2245/2245/2245 2246/2246/2246 2247/2247/2247 
f 2247/2247/2247 2246/2246/2246 2248/2248/2248 
f 2249/2249/2249 2250/2250/2250 2251/2251/2251 
f 2251/2251/2251 2250/2250/2250 2252/2252/2252 
f 2253/2253/2253 2254/2254/2254 2255/2255/2255 
f 2255/2255/2255 2254/2254/2254 2256/2256/2256 

g Part95

v 66.0095 -0.5 -284.054 
v 66.0095 -0.5 284.054 
v 66.0095 -108.444 -284.054 
v 66.0095 -108.444 284.054 
v 57.9905 -0.5 284.054 
v 66.0095 -0.5 284.054 
v 57.9905 -0.5 -284.054 
v 66.0095 -0.5 -284.054 
v 66.0095 -0.5 284.054 
v 57.9905 -0.5 284.054 
v 66.0095 -108.444 284.054 
v 57.9905 -108.444 284.054 
v 57.9905 -0.5 284.054 
v 57.9905 -0.5 -284.054 
v 57.9905 -108.444 284.054 
v 57.9905 -108.444 -284.054 
v 57.9905 -108.444 -284.054 
v 66.0095 -108.444 -284.054 
v 57.9905 -108.444 284.054 
v 66.0095 -108.444 284.054 
v 57.9905 -0.5 -284.054 
v 66.0095 -0.5 -284.054 
v 57.9905 -108.444 -284.054 
v 66.0095 -108.444 -284.054 

vn 1 0 0 
vn 1 0 0 
vn 1 0 0 
vn 1 0 0 
vn 0 1 0 
vn 0 1 0 
vn 0 1 0 
vn 0 1 0 
vn 0 0 1 
vn 0 0 1 
vn 0 0 1 
vn 0 0 1 
vn -1 0 0 
vn -1 0 0 
vn -1 0 0 
vn -1 0 0 
vn 0 -1 0 
vn 0 -1 0 
vn 0 -1 0 
vn 0 -1 0 
vn 0 0 -1 
vn 0 0 -1 
vn 0 0 -1 
vn 0 0 -1 

vt 30.0192 -21.8252 
vt -26.7917 -21.8252 
vt 30.0192 -32.6196 
vt -26.7917 -32.6196 
vt -25.9898 -21.8252 
vt -26.7917 -21.8252 
vt -25.9898 -78.636 
vt -26.7917 -78.636 
vt -25.9898 -21.8252 
vt -26.7917 -21.8252 
vt -25.9898 -32.6196 
vt -26.7917 -32.6196 
vt 30.0192 -21.8252 
vt -26.7917 -21.8252 
vt 30.0192 -32.6196 
vt -26.7917 -32.6196 
vt -25.9898 -21.8252 
vt -26.7917 -21.8252 
vt -25.9898 -78.636 
vt -26.7917 -78.636 
vt -25.9898 -21.8252 
vt -26.7917 -21.8252 
vt -25.9898 -32.6196 
vt -26.7917 -32.6196 

usemtl Part23Mtl

f 2257/2257/2257 2258/2258/2258 2259/2259/2259 
f 2259/2259/2259 2258/2258/2258 2260/2260/2260 
f 2261/2261/2261 2262/2262/2262 2263/2263/2263 
f 2263/2263/2263 2262/2262/2262 2264/2264/2264 
f 2265/2265/2265 2266/2266/2266 2267/2267/2267 
f 2267/2267/2267 2266/2266/2266 2268/2268/2268 
f 2269/2269/2269 2270/2270/2270 2271/2271/2271 
f 2271/2271/2271 2270/2270/2270 2272/2272/2272 
f 2273/2273/2273 2274/2274/2274 2275/2275/2275 
f 2275/2275/2275 2274/2274/2274 2276/2276/2276 
f 2277/2277/2277 2278/2278/2278 2279/2279/2279 
f 2279/2279/2279 2278/2278/2278 2280/2280/2280 

g Part96

v -42.9905 -0.5 -284.054 
v -42.9905 -0.5 284.054 
v -42.9905 -108.444 -284.054 
v -42.9905 -108.444 284.054 
v -54.0095 -0.5 284.054 
v -42.9905 -0.5 284.054 
v -54.0095 -0.5 -284.054 
v -42.9905 -0.5 -284.054 
v -42.9905 -0.5 284.054 
v -54.0095 -0.5 284.054 
v -42.9905 -108.444 284.054 
v -54.0095 -108.444 284.054 
v -54.0095 -0.5 284.054 
v -54.0095 -0.5 -284.054 
v -54.0095 -108.444 284.054 
v -54.0095 -108.444 -284.054 
v -54.0095 -108.444 -284.054 
v -42.9905 -108.444 -284.054 
v -54.0095 -108.444 284.054 
v -42.9905 -108.444 284.054 
v -54.0095 -0.5 -284.054 
v -42.9905 -0.5 -284.054 
v -54.0095 -108.444 -284.054 
v -42.9905 -108.444 -284.054 

vn 1 0 0 
vn 1 0 0 
vn 1 0 0 
vn 1 0 0 
vn 0 1 0 
vn 0 1 0 
vn 0 1 0 
vn 0 1 0 
vn 0 0 1 
vn 0 0 1 
vn 0 0 1 
vn 0 0 1 
vn -1 0 0 
vn -1 0 0 
vn -1 0 0 
vn -1 0 0 
vn 0 -1 0 
vn 0 -1 0 
vn 0 -1 0 
vn 0 -1 0 
vn 0 0 -1 
vn 0 0 -1 
vn 0 0 -1 
vn 0 0 -1 

vt 87.581 -26.5991 
vt 30.7701 -26.5991 
vt 87.581 -37.3935 
vt 30.7701 -37.3935 
vt 31.872 -26.5991 
vt 30.7701 -26.5991 
vt 31.872 -83.41 
vt 30.7701 -83.41 
vt 31.872 -26.5991 
vt 30.7701 -26.5991 
vt 31.872 -37.3935 
vt 30.7701 -37.3935 
vt 87.581 -26.5991 
vt 30.7701 -26.5991 
vt 87.581 -37.3935 
vt 30.7701 -37.3935 
vt 31.872 -26.5991 
vt 30.7701 -26.5991 
vt 31.872 -83.41 
vt 30.7701 -83.41 
vt 31.872 -26.5991 
vt 30.7701 -26.5991 
vt 31.872 -37.3935 
vt 30.7701 -37.3935 

usemtl Part23Mtl

f 2281/2281/2281 2282/2282/2282 2283/2283/2283 
f 2283/2283/2283 2282/2282/2282 2284/2284/2284 
f 2285/2285/2285 2286/2286/2286 2287/2287/2287 
f 2287/2287/2287 2286/2286/2286 2288/2288/2288 
f 2289/2289/2289 2290/2290/2290 2291/2291/2291 
f 2291/2291/2291 2290/2290/2290 2292/2292/2292 
f 2293/2293/2293 2294/2294/2294 2295/2295/2295 
f 2295/2295/2295 2294/2294/2294 2296/2296/2296 
f 2297/2297/2297 2298/2298/2298 2299/2299/2299 
f 2299/2299/2299 2298/2298/2298 2300/2300/2300 
f 2301/2301/2301 2302/2302/2302 2303/2303/2303 
f 2303/2303/2303 2302/2302/2302 2304/2304/2304 

g Part97

v 60.0095 -101.5 -284.054 
v 60.0095 -101.5 285.054 
v 60.0095 -102.5 -284.054 
v 60.0095 -102.5 285.054 
v -45.0095 -101.5 285.054 
v 60.0095 -101.5 285.054 
v -45.0095 -101.5 -284.054 
v 60.0095 -101.5 -284.054 
v 60.0095 -101.5 285.054 
v -45.0095 -101.5 285.054 
v 60.0095 -102.5 285.054 
v -45.0095 -102.5 285.054 
v -45.0095 -101.5 285.054 
v -45.0095 -101.5 -284.054 
v -45.0095 -102.5 285.054 
v -45.0095 -102.5 -284.054 
v -45.0095 -102.5 -284.054 
v 60.0095 -102.5 -284.054 
v -45.0095 -102.5 285.054 
v 60.0095 -102.5 285.054 
v -45.0095 -101.5 -284.054 
v 60.0095 -101.5 -284.054 
v -45.0095 -102.5 -284.054 
v 60.0095 -102.5 -284.054 

vn 1 0 0 
vn 1 0 0 
vn 1 0 0 
vn 1 0 0 
vn 0 1 0 
vn 0 1 0 
vn 0 1 0 
vn 0 1 0 
vn 0 0 1 
vn 0 0 1 
vn 0 0 1 
vn 0 0 1 
vn -1 0 0 
vn -1 0 0 
vn -1 0 0 
vn -1 0 0 
vn 0 -1 0 
vn 0 -1 0 
vn 0 -1 0 
vn 0 -1 0 
vn 0 0 -1 
vn 0 0 -1 
vn 0 0 -1 
vn 0 0 -1 

vt 69.8859 12.8557 
vt 12.9751 12.8557 
vt 69.8859 12.7557 
vt 12.9751 12.7557 
vt 23.477 12.8557 
vt 12.9751 12.8557 
vt 23.477 -44.0551 
vt 12.9751 -44.0551 
vt 23.477 12.8557 
vt 12.9751 12.8557 
vt 23.477 12.7557 
vt 12.9751 12.7557 
vt 69.8859 12.8557 
vt 12.9751 12.8557 
vt 69.8859 12.7557 
vt 12.9751 12.7557 
vt 23.477 12.8557 
vt 12.9751 12.8557 
vt 23.477 -44.0551 
vt 12.9751 -44.0551 
vt 23.477 12.8557 
vt 12.9751 12.8557 
vt 23.477 12.7557 
vt 12.9751 12.7557 

usemtl Part17Mtl

f 2305/2305/2305 2306/2306/2306 2307/2307/2307 
f 2307/2307/2307 2306/2306/2306 2308/2308/2308 
f 2309/2309/2309 2310/2310/2310 2311/2311/2311 
f 2311/2311/2311 2310/2310/2310 2312/2312/2312 
f 2313/2313/2313 2314/2314/2314 2315/2315/2315 
f 2315/2315/2315 2314/2314/2314 2316/2316/2316 
f 2317/2317/2317 2318/2318/2318 2319/2319/2319 
f 2319/2319/2319 2318/2318/2318 2320/2320/2320 
f 2321/2321/2321 2322/2322/2322 2323/2323/2323 
f 2323/2323/2323 2322/2322/2322 2324/2324/2324 
f 2325/2325/2325 2326/2326/2326 2327/2327/2327 
f 2327/2327/2327 2326/2326/2326 2328/2328/2328 

g Part98

v 66.0095 -0.5 283.946 
v 66.0095 -0.5 286.054 
v 66.0095 -108.444 283.946 
v 66.0095 -108.444 286.054 
v -54.0095 -0.5 286.054 
v 66.0095 -0.5 286.054 
v -54.0095 -0.5 283.946 
v 66.0095 -0.5 283.946 
v 66.0095 -0.5 286.054 
v -54.0095 -0.5 286.054 
v 66.0095 -108.444 286.054 
v -54.0095 -108.444 286.054 
v -54.0095 -0.5 286.054 
v -54.0095 -0.5 283.946 
v -54.0095 -108.444 286.054 
v -54.0095 -108.444 283.946 
v -54.0095 -108.444 283.946 
v 66.0095 -108.444 283.946 
v -54.0095 -108.444 286.054 
v 66.0095 -108.444 286.054 
v -54.0095 -0.5 283.946 
v 66.0095 -0.5 283.946 
v -54.0095 -108.444 283.946 
v 66.0095 -108.444 283.946 

vn 1 0 0 
vn 1 0 0 
vn 1 0 0 
vn 1 0 0 
vn 0 1 0 
vn 0 1 0 
vn 0 1 0 
vn 0 1 0 
vn 0 0 1 
vn 0 0 1 
vn 0 0 1 
vn 0 0 1 
vn -1 0 0 
vn -1 0 0 
vn -1 0 0 
vn -1 0 0 
vn 0 -1 0 
vn 0 -1 0 
vn 0 -1 0 
vn 0 -1 0 
vn 0 0 -1 
vn 0 0 -1 
vn 0 0 -1 
vn 0 0 -1 

vt 5.60768 -9.80744 
vt 5.39683 -9.80744 
vt 5.60768 -20.6018 
vt 5.39683 -20.6018 
vt 17.3987 -9.80744 
vt 5.39683 -9.80744 
vt 17.3987 -10.0183 
vt 5.39683 -10.0183 
vt 17.3987 -9.80744 
vt 5.39683 -9.80744 
vt 17.3987 -20.6018 
vt 5.39683 -20.6018 
vt 5.60768 -9.80744 
vt 5.39683 -9.80744 
vt 5.60768 -20.6018 
vt 5.39683 -20.6018 
vt 17.3987 -9.80744 
vt 5.39683 -9.80744 
vt 17.3987 -10.0183 
vt 5.39683 -10.0183 
vt 17.3987 -9.80744 
vt 5.39683 -9.80744 
vt 17.3987 -20.6018 
vt 5.39683 -20.6018 

usemtl Part23Mtl

f 2329/2329/2329 2330/2330/2330 2331/2331/2331 
f 2331/2331/2331 2330/2330/2330 2332/2332/2332 
f 2333/2333/2333 2334/2334/2334 2335/2335/2335 
f 2335/2335/2335 2334/2334/2334 2336/2336/2336 
f 2337/2337/2337 2338/2338/2338 2339/2339/2339 
f 2339/2339/2339 2338/2338/2338 2340/2340/2340 
f 2341/2341/2341 2342/2342/2342 2343/2343/2343 
f 2343/2343/2343 2342/2342/2342 2344/2344/2344 
f 2345/2345/2345 2346/2346/2346 2347/2347/2347 
f 2347/2347/2347 2346/2346/2346 2348/2348/2348 
f 2349/2349/2349 2350/2350/2350 2351/2351/2351 
f 2351/2351/2351 2350/2350/2350 2352/2352/2352 

g Part99

v -44.2579 7.56361 268.675 
v -44.2579 16.7335 252.792 
v -44.2579 2.95723 266.015 
v -44.2579 12.1271 250.133 
v 59.9061 16.7335 252.792 
v -44.2579 16.7335 252.792 
v 59.9061 7.56361 268.675 
v -44.2579 7.56361 268.675 
v -44.2579 16.7335 252.792 
v 59.9061 16.7335 252.792 
v -44.2579 12.1271 250.133 
v 59.9061 12.1271 250.133 
v 59.9061 16.7335 252.792 
v 59.9061 7.56361 268.675 
v 59.9061 12.1271 250.133 
v 59.9061 2.95723 266.015 
v 59.9061 2.95723 266.015 
v -44.2579 2.95723 266.015 
v 59.9061 12.1271 250.133 
v -44.2579 12.1271 250.133 
v 59.9061 7.56361 268.675 
v -44.2579 7.56361 268.675 
v 59.9061 2.95723 266.015 
v -44.2579 2.95723 266.015 

vn -1 0 0 
vn -1 0 0 
vn -1 0 0 
vn -1 0 0 
vn 0 0.866142 0.496063 
vn 0 0.866142 0.496063 
vn 0 0.866142 0.496063 
vn 0 0.866142 0.496063 
vn 0 0.496063 -0.866142 
vn 0 0.496063 -0.866142 
vn 0 0.496063 -0.866142 
vn 0 0.496063 -0.866142 
vn 1 0 0 
vn 1 0 0 
vn 1 0 0 
vn 1 0 0 
vn 0 -0.866142 -0.496063 
vn 0 -0.866142 -0.496063 
vn 0 -0.866142 -0.496063 
vn 0 -0.866142 -0.496063 
vn 0 -0.496063 0.866142 
vn 0 -0.496063 0.866142 
vn 0 -0.496063 0.866142 
vn 0 -0.496063 0.866142 

vt 0.25125 0.525496 
vt -1.58273 0.525496 
vt 0.25125 -0.00640225 
vt -1.58273 -0.00640225 
vt 8.83367 0.525496 
vt -1.58273 0.525496 
vt 8.83367 -1.30848 
vt -1.58273 -1.30848 
vt 8.83367 0.525496 
vt -1.58273 0.525496 
vt 8.83367 -0.00640225 
vt -1.58273 -0.00640225 
vt 0.25125 0.525496 
vt -1.58273 0.525496 
vt 0.25125 -0.00640225 
vt -1.58273 -0.00640225 
vt 8.83367 0.525496 
vt -1.58273 0.525496 
vt 8.83367 -1.30848 
vt -1.58273 -1.30848 
vt 8.83367 0.525496 
vt -1.58273 0.525496 
vt 8.83367 -0.00640225 
vt -1.58273 -0.00640225 

usemtl Part23Mtl

f 2353/2353/2353 2354/2354/2354 2355/2355/2355 
f 2355/2355/2355 2354/2354/2354 2356/2356/2356 
f 2357/2357/2357 2358/2358/2358 2359/2359/2359 
f 2359/2359/2359 2358/2358/2358 2360/2360/2360 
f 2361/2361/2361 2362/2362/2362 2363/2363/2363 
f 2363/2363/2363 2362/2362/2362 2364/2364/2364 
f 2365/2365/2365 2366/2366/2366 2367/2367/2367 
f 2367/2367/2367 2366/2366/2366 2368/2368/2368 
f 2369/2369/2369 2370/2370/2370 2371/2371/2371 
f 2371/2371/2371 2370/2370/2370 2372/2372/2372 
f 2373/2373/2373 2374/2374/2374 2375/2375/2375 
f 2375/2375/2375 2374/2374/2374 2376/2376/2376 

g Part100

v -44.2579 1.92284 132.482 
v -44.2579 -1.26182 114.421 
v -44.2579 -3.31533 133.406 
v -44.2579 -6.5 115.345 
v 59.9061 -1.26182 114.421 
v -44.2579 -1.26182 114.421 
v 59.9061 1.92284 132.482 
v -44.2579 1.92284 132.482 
v -44.2579 -1.26182 114.421 
v 59.9061 -1.26182 114.421 
v -44.2579 -6.5 115.345 
v 59.9061 -6.5 115.345 
v 59.9061 -1.26182 114.421 
v 59.9061 1.92284 132.482 
v 59.9061 -6.5 115.345 
v 59.9061 -3.31533 133.406 
v 59.9061 -3.31533 133.406 
v -44.2579 -3.31533 133.406 
v 59.9061 -6.5 115.345 
v -44.2579 -6.5 115.345 
v 59.9061 1.92284 132.482 
v -44.2579 1.92284 132.482 
v 59.9061 -3.31533 133.406 
v -44.2579 -3.31533 133.406 

vn -1 0 0 
vn -1 0 0 
vn -1 0 0 
vn -1 0 0 
vn 0 0.984252 -0.173228 
vn 0 0.984252 -0.173228 
vn 0 0.984252 -0.173228 
vn 0 0.984252 -0.173228 
vn 0 -0.173228 -0.984252 
vn 0 -0.173228 -0.984252 
vn 0 -0.173228 -0.984252 
vn 0 -0.173228 -0.984252 
vn 1 0 0 
vn 1 0 0 
vn 1 0 0 
vn 1 0 0 
vn 0 -0.984252 0.173228 
vn 0 -0.984252 0.173228 
vn 0 -0.984252 0.173228 
vn 0 -0.984252 0.173228 
vn 0 0.173228 0.984252 
vn 0 0.173228 0.984252 
vn 0 0.173228 0.984252 
vn 0 0.173228 0.984252 

vt -0.966453 -3.17551 
vt -2.80043 -3.17551 
vt -0.966453 -3.70741 
vt -2.80043 -3.70741 
vt 7.61597 -3.17551 
vt -2.80043 -3.17551 
vt 7.61597 -5.00948 
vt -2.80043 -5.00948 
vt 7.61597 -3.17551 
vt -2.80043 -3.17551 
vt 7.61597 -3.70741 
vt -2.80043 -3.70741 
vt -0.966453 -3.17551 
vt -2.80043 -3.17551 
vt -0.966453 -3.70741 
vt -2.80043 -3.70741 
vt 7.61597 -3.17551 
vt -2.80043 -3.17551 
vt 7.61597 -5.00948 
vt -2.80043 -5.00948 
vt 7.61597 -3.17551 
vt -2.80043 -3.17551 
vt 7.61597 -3.70741 
vt -2.80043 -3.70741 

usemtl Part23Mtl

f 2377/2377/2377 2378/2378/2378 2379/2379/2379 
f 2379/2379/2379 2378/2378/2378 2380/2380/2380 
f 2381/2381/2381 2382/2382/2382 2383/2383/2383 
f 2383/2383/2383 2382/2382/2382 2384/2384/2384 
f 2385/2385/2385 2386/2386/2386 2387/2387/2387 
f 2387/2387/2387 2386/2386/2386 2388/2388/2388 
f 2389/2389/2389 2390/2390/2390 2391/2391/2391 
f 2391/2391/2391 2390/2390/2390 2392/2392/2392 
f 2393/2393/2393 2394/2394/2394 2395/2395/2395 
f 2395/2395/2395 2394/2394/2394 2396/2396/2396 
f 2397/2397/2397 2398/2398/2398 2399/2399/2399 
f 2399/2399/2399 2398/2398/2398 2400/2400/2400 

g Part101

v -44.2579 7.95544 148.82 
v -44.2579 1.68288 131.587 
v -44.2579 2.95723 150.64 
v -44.2579 -3.31533 133.406 
v 59.9061 1.68288 131.587 
v -44.2579 1.68288 131.587 
v 59.9061 7.95544 148.82 
v -44.2579 7.95544 148.82 
v -44.2579 1.68288 131.587 
v 59.9061 1.68288 131.587 
v -44.2579 -3.31533 133.406 
v 59.9061 -3.31533 133.406 
v 59.9061 1.68288 131.587 
v 59.9061 7.95544 148.82 
v 59.9061 -3.31533 133.406 
v 59.9061 2.95723 150.64 
v 59.9061 2.95723 150.64 
v -44.2579 2.95723 150.64 
v 59.9061 -3.31533 133.406 
v -44.2579 -3.31533 133.406 
v 59.9061 7.95544 148.82 
v -44.2579 7.95544 148.82 
v 59.9061 2.95723 150.64 
v -44.2579 2.95723 150.64 

vn -1 0 0 
vn -1 0 0 
vn -1 0 0 
vn -1 0 0 
vn 0 0.937008 -0.338583 
vn 0 0.937008 -0.338583 
vn 0 0.937008 -0.338583 
vn 0 0.937008 -0.338583 
vn 0 -0.338583 -0.937008 
vn 0 -0.338583 -0.937008 
vn 0 -0.338583 -0.937008 
vn 0 -0.338583 -0.937008 
vn 1 0 0 
vn 1 0 0 
vn 1 0 0 
vn 1 0 0 
vn 0 -0.937008 0.338583 
vn 0 -0.937008 0.338583 
vn 0 -0.937008 0.338583 
vn 0 -0.937008 0.338583 
vn 0 0.338583 0.937008 
vn 0 0.338583 0.937008 
vn 0 0.338583 0.937008 
vn 0 0.338583 0.937008 

vt 1.64054 6.00618 
vt -0.193434 6.00618 
vt 1.64054 5.47428 
vt -0.193434 5.47428 
vt 10.223 6.00618 
vt -0.193434 6.00618 
vt 10.223 4.1722 
vt -0.193434 4.1722 
vt 10.223 6.00618 
vt -0.193434 6.00618 
vt 10.223 5.47428 
vt -0.193434 5.47428 
vt 1.64054 6.00618 
vt -0.193434 6.00618 
vt 1.64054 5.47428 
vt -0.193434 5.47428 
vt 10.223 6.00618 
vt -0.193434 6.00618 
vt 10.223 4.1722 
vt -0.193434 4.1722 
vt 10.223 6.00618 
vt -0.193434 6.00618 
vt 10.223 5.47428 
vt -0.193434 5.47428 

usemtl Part23Mtl

f 2401/2401/2401 2402/2402/2402 2403/2403/2403 
f 2403/2403/2403 2402/2402/2402 2404/2404/2404 
f 2405/2405/2405 2406/2406/2406 2407/2407/2407 
f 2407/2407/2407 2406/2406/2406 2408/2408/2408 
f 2409/2409/2409 2410/2410/2410 2411/2411/2411 
f 2411/2411/2411 2410/2410/2410 2412/2412/2412 
f 2413/2413/2413 2414/2414/2414 2415/2415/2415 
f 2415/2415/2415 2414/2414/2414 2416/2416/2416 
f 2417/2417/2417 2418/2418/2418 2419/2419/2419 
f 2419/2419/2419 2418/2418/2418 2420/2420/2420 
f 2421/2421/2421 2422/2422/2422 2423/2423/2423 
f 2423/2423/2423 2422/2422/2422 2424/2424/2424 

g Part102

v -44.2579 16.7335 163.863 
v -44.2579 7.56361 147.98 
v -44.2579 12.1271 166.522 
v -44.2579 2.95723 150.64 
v 59.9061 7.56361 147.98 
v -44.2579 7.56361 147.98 
v 59.9061 16.7335 163.863 
v -44.2579 16.7335 163.863 
v -44.2579 7.56361 147.98 
v 59.9061 7.56361 147.98 
v -44.2579 2.95723 150.64 
v 59.9061 2.95723 150.64 
v 59.9061 7.56361 147.98 
v 59.9061 16.7335 163.863 
v 59.9061 2.95723 150.64 
v 59.9061 12.1271 166.522 
v 59.9061 12.1271 166.522 
v -44.2579 12.1271 166.522 
v 59.9061 2.95723 150.64 
v -44.2579 2.95723 150.64 
v 59.9061 16.7335 163.863 
v -44.2579 16.7335 163.863 
v 59.9061 12.1271 166.522 
v -44.2579 12.1271 166.522 

vn -1 0 0 
vn -1 0 0 
vn -1 0 0 
vn -1 0 0 
vn 0 0.866142 -0.496063 
vn 0 0.866142 -0.496063 
vn 0 0.866142 -0.496063 
vn 0 0.866142 -0.496063 
vn 0 -0.496063 -0.866142 
vn 0 -0.496063 -0.866142 
vn 0 -0.496063 -0.866142 
vn 0 -0.496063 -0.866142 
vn 1 0 0 
vn 1 0 0 
vn 1 0 0 
vn 1 0 0 
vn 0 -0.866142 0.503937 
vn 0 -0.866142 0.503937 
vn 0 -0.866142 0.503937 
vn 0 -0.866142 0.503937 
vn 0 0.503937 0.866142 
vn 0 0.503937 0.866142 
vn 0 0.503937 0.866142 
vn 0 0.503937 0.866142 

vt -3.8771 4.81752 
vt -5.71108 4.81752 
vt -3.8771 4.28562 
vt -5.71108 4.28562 
vt 4.70532 4.81752 
vt -5.71108 4.81752 
vt 4.70532 2.98354 
vt -5.71108 2.98354 
vt 4.70532 4.81752 
vt -5.71108 4.81752 
vt 4.70532 4.28562 
vt -5.71108 4.28562 
vt -3.8771 4.81752 
vt -5.71108 4.81752 
vt -3.8771 4.28562 
vt -5.71108 4.28562 
vt 4.70532 4.81752 
vt -5.71108 4.81752 
vt 4.70532 2.98354 
vt -5.71108 2.98354 
vt 4.70532 4.81752 
vt -5.71108 4.81752 
vt 4.70532 4.28562 
vt -5.71108 4.28562 

usemtl Part23Mtl

f 2425/2425/2425 2426/2426/2426 2427/2427/2427 
f 2427/2427/2427 2426/2426/2426 2428/2428/2428 
f 2429/2429/2429 2430/2430/2430 2431/2431/2431 
f 2431/2431/2431 2430/2430/2430 2432/2432/2432 
f 2433/2433/2433 2434/2434/2434 2435/2435/2435 
f 2435/2435/2435 2434/2434/2434 2436/2436/2436 
f 2437/2437/2437 2438/2438/2438 2439/2439/2439 
f 2439/2439/2439 2438/2438/2438 2440/2440/2440 
f 2441/2441/2441 2442/2442/2442 2443/2443/2443 
f 2443/2443/2443 2442/2442/2442 2444/2444/2444 
f 2445/2445/2445 2446/2446/2446 2447/2447/2447 
f 2447/2447/2447 2446/2446/2446 2448/2448/2448 

g Part103

v -44.2579 23.0061 181.096 
v -44.2579 16.7335 163.863 
v -44.2579 18.0078 182.916 
v -44.2579 11.7353 165.682 
v 59.9061 16.7335 163.863 
v -44.2579 16.7335 163.863 
v 59.9061 23.0061 181.096 
v -44.2579 23.0061 181.096 
v -44.2579 16.7335 163.863 
v 59.9061 16.7335 163.863 
v -44.2579 11.7353 165.682 
v 59.9061 11.7353 165.682 
v 59.9061 16.7335 163.863 
v 59.9061 23.0061 181.096 
v 59.9061 11.7353 165.682 
v 59.9061 18.0078 182.916 
v 59.9061 18.0078 182.916 
v -44.2579 18.0078 182.916 
v 59.9061 11.7353 165.682 
v -44.2579 11.7353 165.682 
v 59.9061 23.0061 181.096 
v -44.2579 23.0061 181.096 
v 59.9061 18.0078 182.916 
v -44.2579 18.0078 182.916 

vn -1 0 0 
vn -1 0 0 
vn -1 0 0 
vn -1 0 0 
vn 0 0.937008 -0.338583 
vn 0 0.937008 -0.338583 
vn 0 0.937008 -0.338583 
vn 0 0.937008 -0.338583 
vn 0 -0.338583 -0.937008 
vn 0 -0.338583 -0.937008 
vn 0 -0.338583 -0.937008 
vn 0 -0.338583 -0.937008 
vn 1 0 0 
vn 1 0 0 
vn 1 0 0 
vn 1 0 0 
vn 0 -0.937008 0.338583 
vn 0 -0.937008 0.338583 
vn 0 -0.937008 0.338583 
vn 0 -0.937008 0.338583 
vn 0 0.338583 0.937008 
vn 0 0.338583 0.937008 
vn 0 0.338583 0.937008 
vn 0 0.338583 0.937008 

vt 6.96851 1.92055 
vt 5.13454 1.92055 
vt 6.96851 1.38866 
vt 5.13454 1.38866 
vt 15.5509 1.92055 
vt 5.13454 1.92055 
vt 15.5509 0.0865773 
vt 5.13454 0.0865773 
vt 15.5509 1.92055 
vt 5.13454 1.92055 
vt 15.5509 1.38866 
vt 5.13454 1.38866 
vt 6.96851 1.92055 
vt 5.13454 1.92055 
vt 6.96851 1.38866 
vt 5.13454 1.38866 
vt 15.5509 1.92055 
vt 5.13454 1.92055 
vt 15.5509 0.0865773 
vt 5.13454 0.0865773 
vt 15.5509 1.92055 
vt 5.13454 1.92055 
vt 15.5509 1.38866 
vt 5.13454 1.38866 

usemtl Part23Mtl

f 2449/2449/2449 2450/2450/2450 2451/2451/2451 
f 2451/2451/2451 2450/2450/2450 2452/2452/2452 
f 2453/2453/2453 2454/2454/2454 2455/2455/2455 
f 2455/2455/2455 2454/2454/2454 2456/2456/2456 
f 2457/2457/2457 2458/2458/2458 2459/2459/2459 
f 2459/2459/2459 2458/2458/2458 2460/2460/2460 
f 2461/2461/2461 2462/2462/2462 2463/2463/2463 
f 2463/2463/2463 2462/2462/2462 2464/2464/2464 
f 2465/2465/2465 2466/2466/2466 2467/2467/2467 
f 2467/2467/2467 2466/2466/2466 2468/2468/2468 
f 2469/2469/2469 2470/2470/2470 2471/2471/2471 
f 2471/2471/2471 2470/2470/2470 2472/2472/2472 

g Part104

v -44.2579 26.1907 199.158 
v -44.2579 23.0061 181.096 
v -44.2579 20.9525 200.081 
v -44.2579 17.7679 182.02 
v 59.9061 23.0061 181.096 
v -44.2579 23.0061 181.096 
v 59.9061 26.1907 199.158 
v -44.2579 26.1907 199.158 
v -44.2579 23.0061 181.096 
v 59.9061 23.0061 181.096 
v -44.2579 17.7679 182.02 
v 59.9061 17.7679 182.02 
v 59.9061 23.0061 181.096 
v 59.9061 26.1907 199.158 
v 59.9061 17.7679 182.02 
v 59.9061 20.9525 200.081 
v 59.9061 20.9525 200.081 
v -44.2579 20.9525 200.081 
v 59.9061 17.7679 182.02 
v -44.2579 17.7679 182.02 
v 59.9061 26.1907 199.158 
v -44.2579 26.1907 199.158 
v 59.9061 20.9525 200.081 
v -44.2579 20.9525 200.081 

vn -1 0 0 
vn -1 0 0 
vn -1 0 0 
vn -1 0 0 
vn 0 0.984252 -0.173228 
vn 0 0.984252 -0.173228 
vn 0 0.984252 -0.173228 
vn 0 0.984252 -0.173228 
vn 0 -0.173228 -0.984252 
vn 0 -0.173228 -0.984252 
vn 0 -0.173228 -0.984252 
vn 0 -0.173228 -0.984252 
vn 1 0 0 
vn 1 0 0 
vn 1 0 0 
vn 1 0 0 
vn 0 -0.984252 0.173228 
vn 0 -0.984252 0.173228 
vn 0 -0.984252 0.173228 
vn 0 -0.984252 0.173228 
vn 0 0.173228 0.984252 
vn 0 0.173228 0.984252 
vn 0 0.173228 0.984252 
vn 0 0.173228 0.984252 

vt 1.64054 0.115313 
vt -0.193434 0.115313 
vt 1.64054 -0.416585 
vt -0.193434 -0.416585 
vt 10.223 0.115313 
vt -0.193434 0.115313 
vt 10.223 -1.71866 
vt -0.193434 -1.71866 
vt 10.223 0.115313 
vt -0.193434 0.115313 
vt 10.223 -0.416585 
vt -0.193434 -0.416585 
vt 1.64054 0.115313 
vt -0.193434 0.115313 
vt 1.64054 -0.416585 
vt -0.193434 -0.416585 
vt 10.223 0.115313 
vt -0.193434 0.115313 
vt 10.223 -1.71866 
vt -0.193434 -1.71866 
vt 10.223 0.115313 
vt -0.193434 0.115313 
vt 10.223 -0.416585 
vt -0.193434 -0.416585 

usemtl Part23Mtl

f 2473/2473/2473 2474/2474/2474 2475/2475/2475 
f 2475/2475/2475 2474/2474/2474 2476/2476/2476 
f 2477/2477/2477 2478/2478/2478 2479/2479/2479 
f 2479/2479/2479 2478/2478/2478 2480/2480/2480 
f 2481/2481/2481 2482/2482/2482 2483/2483/2483 
f 2483/2483/2483 2482/2482/2482 2484/2484/2484 
f 2485/2485/2485 2486/2486/2486 2487/2487/2487 
f 2487/2487/2487 2486/2486/2486 2488/2488/2488 
f 2489/2489/2489 2490/2490/2490 2491/2491/2491 
f 2491/2491/2491 2490/2490/2490 2492/2492/2492 
f 2493/2493/2493 2494/2494/2494 2495/2495/2495 
f 2495/2495/2495 2494/2494/2494 2496/2496/2496 

g Part105

v -44.2579 26.1907 217.497 
v -44.2579 26.1907 199.158 
v -44.2579 20.8717 217.497 
v -44.2579 20.8717 199.158 
v 59.9061 26.1907 199.158 
v -44.2579 26.1907 199.158 
v 59.9061 26.1907 217.497 
v -44.2579 26.1907 217.497 
v -44.2579 26.1907 199.158 
v 59.9061 26.1907 199.158 
v -44.2579 20.8717 199.158 
v 59.9061 20.8717 199.158 
v 59.9061 26.1907 199.158 
v 59.9061 26.1907 217.497 
v 59.9061 20.8717 199.158 
v 59.9061 20.8717 217.497 
v 59.9061 20.8717 217.497 
v -44.2579 20.8717 217.497 
v 59.9061 20.8717 199.158 
v -44.2579 20.8717 199.158 
v 59.9061 26.1907 217.497 
v -44.2579 26.1907 217.497 
v 59.9061 20.8717 217.497 
v -44.2579 20.8717 217.497 

vn -1 0 0 
vn -1 0 0 
vn -1 0 0 
vn -1 0 0 
vn 0 1 0 
vn 0 1 0 
vn 0 1 0 
vn 0 1 0 
vn 0 0 -1 
vn 0 0 -1 
vn 0 0 -1 
vn 0 0 -1 
vn 1 0 0 
vn 1 0 0 
vn 1 0 0 
vn 1 0 0 
vn 0 -1 0 
vn 0 -1 0 
vn 0 -1 0 
vn 0 -1 0 
vn 0 0 1 
vn 0 0 1 
vn 0 0 1 
vn 0 0 1 

vt -1.90342 0.115313 
vt -3.7374 0.115313 
vt -1.90342 -0.416585 
vt -3.7374 -0.416585 
vt 6.679 0.115313 
vt -3.7374 0.115313 
vt 6.679 -1.71866 
vt -3.7374 -1.71866 
vt 6.679 0.115313 
vt -3.7374 0.115313 
vt 6.679 -0.416585 
vt -3.7374 -0.416585 
vt -1.90342 0.115313 
vt -3.7374 0.115313 
vt -1.90342 -0.416585 
vt -3.7374 -0.416585 
vt 6.679 0.115313 
vt -3.7374 0.115313 
vt 6.679 -1.71866 
vt -3.7374 -1.71866 
vt 6.679 0.115313 
vt -3.7374 0.115313 
vt 6.679 -0.416585 
vt -3.7374 -0.416585 

usemtl Part23Mtl

f 2497/2497/2497 2498/2498/2498 2499/2499/2499 
f 2499/2499/2499 2498/2498/2498 2500/2500/2500 
f 2501/2501/2501 2502/2502/2502 2503/2503/2503 
f 2503/2503/2503 2502/2502/2502 2504/2504/2504 
f 2505/2505/2505 2506/2506/2506 2507/2507/2507 
f 2507/2507/2507 2506/2506/2506 2508/2508/2508 
f 2509/2509/2509 2510/2510/2510 2511/2511/2511 
f 2511/2511/2511 2510/2510/2510 2512/2512/2512 
f 2513/2513/2513 2514/2514/2514 2515/2515/2515 
f 2515/2515/2515 2514/2514/2514 2516/2516/2516 
f 2517/2517/2517 2518/2518/2518 2519/2519/2519 
f 2519/2519/2519 2518/2518/2518 2520/2520/2520 

g Part106

v -44.2579 23.0061 235.559 
v -44.2579 26.1907 217.497 
v -44.2579 17.7679 234.635 
v -44.2579 20.9525 216.574 
v 59.9061 26.1907 217.497 
v -44.2579 26.1907 217.497 
v 59.9061 23.0061 235.559 
v -44.2579 23.0061 235.559 
v -44.2579 26.1907 217.497 
v 59.9061 26.1907 217.497 
v -44.2579 20.9525 216.574 
v 59.9061 20.9525 216.574 
v 59.9061 26.1907 217.497 
v 59.9061 23.0061 235.559 
v 59.9061 20.9525 216.574 
v 59.9061 17.7679 234.635 
v 59.9061 17.7679 234.635 
v -44.2579 17.7679 234.635 
v 59.9061 20.9525 216.574 
v -44.2579 20.9525 216.574 
v 59.9061 23.0061 235.559 
v -44.2579 23.0061 235.559 
v 59.9061 17.7679 234.635 
v -44.2579 17.7679 234.635 

vn -1 0 0 
vn -1 0 0 
vn -1 0 0 
vn -1 0 0 
vn 0 0.984252 0.173228 
vn 0 0.984252 0.173228 
vn 0 0.984252 0.173228 
vn 0 0.984252 0.173228 
vn 0 0.173228 -0.984252 
vn 0 0.173228 -0.984252 
vn 0 0.173228 -0.984252 
vn 0 0.173228 -0.984252 
vn 1 0 0 
vn 1 0 0 
vn 1 0 0 
vn 1 0 0 
vn 0 -0.984252 -0.173228 
vn 0 -0.984252 -0.173228 
vn 0 -0.984252 -0.173228 
vn 0 -0.984252 -0.173228 
vn 0 -0.173228 0.984252 
vn 0 -0.173228 0.984252 
vn 0 -0.173228 0.984252 
vn 0 -0.173228 0.984252 

vt 6.099 -4.32067 
vt 4.26502 -4.32067 
vt 6.099 -4.85257 
vt 4.26502 -4.85257 
vt 14.6814 -4.32067 
vt 4.26502 -4.32067 
vt 14.6814 -6.15465 
vt 4.26502 -6.15465 
vt 14.6814 -4.32067 
vt 4.26502 -4.32067 
vt 14.6814 -4.85257 
vt 4.26502 -4.85257 
vt 6.099 -4.32067 
vt 4.26502 -4.32067 
vt 6.099 -4.85257 
vt 4.26502 -4.85257 
vt 14.6814 -4.32067 
vt 4.26502 -4.32067 
vt 14.6814 -6.15465 
vt 4.26502 -6.15465 
vt 14.6814 -4.32067 
vt 4.26502 -4.32067 
vt 14.6814 -4.85257 
vt 4.26502 -4.85257 

usemtl Part23Mtl

f 2521/2521/2521 2522/2522/2522 2523/2523/2523 
f 2523/2523/2523 2522/2522/2522 2524/2524/2524 
f 2525/2525/2525 2526/2526/2526 2527/2527/2527 
f 2527/2527/2527 2526/2526/2526 2528/2528/2528 
f 2529/2529/2529 2530/2530/2530 2531/2531/2531 
f 2531/2531/2531 2530/2530/2530 2532/2532/2532 
f 2533/2533/2533 2534/2534/2534 2535/2535/2535 
f 2535/2535/2535 2534/2534/2534 2536/2536/2536 
f 2537/2537/2537 2538/2538/2538 2539/2539/2539 
f 2539/2539/2539 2538/2538/2538 2540/2540/2540 
f 2541/2541/2541 2542/2542/2542 2543/2543/2543 
f 2543/2543/2543 2542/2542/2542 2544/2544/2544 

g Part107

v -44.2579 16.7335 252.792 
v -44.2579 23.0061 235.559 
v -44.2579 11.7353 250.973 
v -44.2579 18.0078 233.739 
v 59.9061 23.0061 235.559 
v -44.2579 23.0061 235.559 
v 59.9061 16.7335 252.792 
v -44.2579 16.7335 252.792 
v -44.2579 23.0061 235.559 
v 59.9061 23.0061 235.559 
v -44.2579 18.0078 233.739 
v 59.9061 18.0078 233.739 
v 59.9061 23.0061 235.559 
v 59.9061 16.7335 252.792 
v 59.9061 18.0078 233.739 
v 59.9061 11.7353 250.973 
v 59.9061 11.7353 250.973 
v -44.2579 11.7353 250.973 
v 59.9061 18.0078 233.739 
v -44.2579 18.0078 233.739 
v 59.9061 16.7335 252.792 
v -44.2579 16.7335 252.792 
v 59.9061 11.7353 250.973 
v -44.2579 11.7353 250.973 

vn -1 0 0 
vn -1 0 0 
vn -1 0 0 
vn -1 0 0 
vn 0 0.937008 0.338583 
vn 0 0.937008 0.338583 
vn 0 0.937008 0.338583 
vn 0 0.937008 0.338583 
vn 0 0.338583 -0.937008 
vn 0 0.338583 -0.937008 
vn 0 0.338583 -0.937008 
vn 0 0.338583 -0.937008 
vn 1 0 0 
vn 1 0 0 
vn 1 0 0 
vn 1 0 0 
vn 0 -0.937008 -0.338583 
vn 0 -0.937008 -0.338583 
vn 0 -0.937008 -0.338583 
vn 0 -0.937008 -0.338583 
vn 0 -0.338583 0.937008 
vn 0 -0.338583 0.937008 
vn 0 -0.338583 0.937008 
vn 0 -0.338583 0.937008 

vt 2.48615 -2.0763 
vt 0.652177 -2.0763 
vt 2.48615 -2.6082 
vt 0.652177 -2.6082 
vt 11.0686 -2.0763 
vt 0.652177 -2.0763 
vt 11.0686 -3.91027 
vt 0.652177 -3.91027 
vt 11.0686 -2.0763 
vt 0.652177 -2.0763 
vt 11.0686 -2.6082 
vt 0.652177 -2.6082 
vt 2.48615 -2.0763 
vt 0.652177 -2.0763 
vt 2.48615 -2.6082 
vt 0.652177 -2.6082 
vt 11.0686 -2.0763 
vt 0.652177 -2.0763 
vt 11.0686 -3.91027 
vt 0.652177 -3.91027 
vt 11.0686 -2.0763 
vt 0.652177 -2.0763 
vt 11.0686 -2.6082 
vt 0.652177 -2.6082 

usemtl Part23Mtl

f 2545/2545/2545 2546/2546/2546 2547/2547/2547 
f 2547/2547/2547 2546/2546/2546 2548/2548/2548 
f 2549/2549/2549 2550/2550/2550 2551/2551/2551 
f 2551/2551/2551 2550/2550/2550 2552/2552/2552 
f 2553/2553/2553 2554/2554/2554 2555/2555/2555 
f 2555/2555/2555 2554/2554/2554 2556/2556/2556 
f 2557/2557/2557 2558/2558/2558 2559/2559/2559 
f 2559/2559/2559 2558/2558/2558 2560/2560/2560 
f 2561/2561/2561 2562/2562/2562 2563/2563/2563 
f 2563/2563/2563 2562/2562/2562 2564/2564/2564 
f 2565/2565/2565 2566/2566/2566 2567/2567/2567 
f 2567/2567/2567 2566/2566/2566 2568/2568/2568 

g Part108

v -44.2579 -1.18102 115.345 
v -44.2579 -1.18102 97.0049 
v -44.2579 -6.5 115.345 
v -44.2579 -6.5 97.0049 
v 59.9061 -1.18102 97.0049 
v -44.2579 -1.18102 97.0049 
v 59.9061 -1.18102 115.345 
v -44.2579 -1.18102 115.345 
v -44.2579 -1.18102 97.0049 
v 59.9061 -1.18102 97.0049 
v -44.2579 -6.5 97.0049 
v 59.9061 -6.5 97.0049 
v 59.9061 -1.18102 97.0049 
v 59.9061 -1.18102 115.345 
v 59.9061 -6.5 97.0049 
v 59.9061 -6.5 115.345 
v 59.9061 -6.5 115.345 
v -44.2579 -6.5 115.345 
v 59.9061 -6.5 97.0049 
v -44.2579 -6.5 97.0049 
v 59.9061 -1.18102 115.345 
v -44.2579 -1.18102 115.345 
v 59.9061 -6.5 115.345 
v -44.2579 -6.5 115.345 

vn -1 0 0 
vn -1 0 0 
vn -1 0 0 
vn -1 0 0 
vn 0 1 0 
vn 0 1 0 
vn 0 1 0 
vn 0 1 0 
vn 0 0 -1 
vn 0 0 -1 
vn 0 0 -1 
vn 0 0 -1 
vn 1 0 0 
vn 1 0 0 
vn 1 0 0 
vn 1 0 0 
vn 0 -1 0 
vn 0 -1 0 
vn 0 -1 0 
vn 0 -1 0 
vn 0 0 1 
vn 0 0 1 
vn 0 0 1 
vn 0 0 1 

vt 6.96851 3.4395 
vt 5.13454 3.4395 
vt 6.96851 2.9076 
vt 5.13454 2.9076 
vt 15.5509 3.4395 
vt 5.13454 3.4395 
vt 15.5509 1.60552 
vt 5.13454 1.60552 
vt 15.5509 3.4395 
vt 5.13454 3.4395 
vt 15.5509 2.9076 
vt 5.13454 2.9076 
vt 6.96851 3.4395 
vt 5.13454 3.4395 
vt 6.96851 2.9076 
vt 5.13454 2.9076 
vt 15.5509 3.4395 
vt 5.13454 3.4395 
vt 15.5509 1.60552 
vt 5.13454 1.60552 
vt 15.5509 3.4395 
vt 5.13454 3.4395 
vt 15.5509 2.9076 
vt 5.13454 2.9076 

usemtl Part23Mtl

f 2569/2569/2569 2570/2570/2570 2571/2571/2571 
f 2571/2571/2571 2570/2570/2570 2572/2572/2572 
f 2573/2573/2573 2574/2574/2574 2575/2575/2575 
f 2575/2575/2575 2574/2574/2574 2576/2576/2576 
f 2577/2577/2577 2578/2578/2578 2579/2579/2579 
f 2579/2579/2579 2578/2578/2578 2580/2580/2580 
f 2581/2581/2581 2582/2582/2582 2583/2583/2583 
f 2583/2583/2583 2582/2582/2582 2584/2584/2584 
f 2585/2585/2585 2586/2586/2586 2587/2587/2587 
f 2587/2587/2587 2586/2586/2586 2588/2588/2588 
f 2589/2589/2589 2590/2590/2590 2591/2591/2591 
f 2591/2591/2591 2590/2590/2590 2592/2592/2592 

g Part109

v -42.9811 23.819 285.194 
v -45.3209 23.819 285.194 
v -42.9811 -0.5 285.194 
v -45.3209 -0.5 285.194 
v -45.3209 23.819 105.03 
v -45.3209 23.819 285.194 
v -42.9812 23.819 105.03 
v -42.9811 23.819 285.194 
v -45.3209 23.819 285.194 
v -45.3209 23.819 105.03 
v -45.3209 -0.5 285.194 
v -45.3209 -0.5 105.03 
v -45.3209 23.819 105.03 
v -42.9812 23.819 105.03 
v -45.3209 -0.5 105.03 
v -42.9812 -0.5 105.03 
v -42.9812 -0.5 105.03 
v -42.9811 -0.5 285.194 
v -45.3209 -0.5 105.03 
v -45.3209 -0.5 285.194 
v -42.9812 23.819 105.03 
v -42.9811 23.819 285.194 
v -42.9812 -0.5 105.03 
v -42.9811 -0.5 285.194 

vn 0 0 1 
vn 0 0 1 
vn 0 0 1 
vn 0 0 1 
vn 0 1 0 
vn 0 1 0 
vn 0 1 0 
vn 0 1 0 
vn -1 0 0 
vn -1 0 0 
vn -1 0 0 
vn -1 0 0 
vn 0 0 -1 
vn 0 0 -1 
vn 0 0 -1 
vn 0 0 -1 
vn 0 -1 0 
vn 0 -1 0 
vn 0 -1 0 
vn 0 -1 0 
vn 1 0 0 
vn 1 0 0 
vn 1 0 0 
vn 1 0 0 

vt -2.55333 0.232232 
vt -2.78731 0.232232 
vt -2.55333 -2.19967 
vt -2.78731 -2.19967 
vt 15.2291 0.232232 
vt -2.78731 0.232232 
vt 15.2291 -0.00174391 
vt -2.78731 -0.00174391 
vt 15.2291 0.232232 
vt -2.78731 0.232232 
vt 15.2291 -2.19967 
vt -2.78731 -2.19967 
vt -2.55333 0.232232 
vt -2.78731 0.232232 
vt -2.55333 -2.19967 
vt -2.78731 -2.19967 
vt 15.2291 0.232232 
vt -2.78731 0.232232 
vt 15.2291 -0.00174391 
vt -2.78731 -0.00174391 
vt 15.2291 0.232232 
vt -2.78731 0.232232 
vt 15.2291 -2.19967 
vt -2.78731 -2.19967 

usemtl Part11Mtl

f 2593/2593/2593 2594/2594/2594 2595/2595/2595 
f 2595/2595/2595 2594/2594/2594 2596/2596/2596 
f 2597/2597/2597 2598/2598/2598 2599/2599/2599 
f 2599/2599/2599 2598/2598/2598 2600/2600/2600 
f 2601/2601/2601 2602/2602/2602 2603/2603/2603 
f 2603/2603/2603 2602/2602/2602 2604/2604/2604 
f 2605/2605/2605 2606/2606/2606 2607/2607/2607 
f 2607/2607/2607 2606/2606/2606 2608/2608/2608 
f 2609/2609/2609 2610/2610/2610 2611/2611/2611 
f 2611/2611/2611 2610/2610/2610 2612/2612/2612 
f 2613/2613/2613 2614/2614/2614 2615/2615/2615 
f 2615/2615/2615 2614/2614/2614 2616/2616/2616 

g Part110

v 246.844 27.819 183.826 
v 265.469 27.819 165.201 
v 246.844 -7.5 183.826 
v 265.469 -7.5 165.201 
v 293.162 27.819 192.894 
v 265.469 27.819 165.201 
v 274.537 27.819 211.52 
v 246.844 27.819 183.826 
v 265.469 27.819 165.201 
v 293.162 27.819 192.894 
v 265.469 -7.5 165.201 
v 293.162 -7.5 192.894 
v 293.162 27.819 192.894 
v 274.537 27.819 211.52 
v 293.162 -7.5 192.894 
v 274.537 -7.5 211.52 
v 274.537 -7.5 211.52 
v 246.844 -7.5 183.826 
v 293.162 -7.5 192.894 
v 265.469 -7.5 165.201 
v 274.537 27.819 211.52 
v 246.844 27.819 183.826 
v 274.537 -7.5 211.52 
v 246.844 -7.5 183.826 

vn -0.708661 0 -0.708661 
vn -0.708661 0 -0.708661 
vn -0.708661 0 -0.708661 
vn -0.708661 0 -0.708661 
vn 0 1 0 
vn 0 1 0 
vn 0 1 0 
vn 0 1 0 
vn 0.708661 0 -0.708661 
vn 0.708661 0 -0.708661 
vn 0.708661 0 -0.708661 
vn 0.708661 0 -0.708661 
vn 0.708661 0 0.708661 
vn 0.708661 0 0.708661 
vn 0.708661 0 0.708661 
vn 0.708661 0 0.708661 
vn 0 -1 0 
vn 0 -1 0 
vn 0 -1 0 
vn 0 -1 0 
vn -0.708661 0 0.708661 
vn -0.708661 0 0.708661 
vn -0.708661 0 0.708661 
vn -0.708661 0 0.708661 

vt 6.14306 1.72611 
vt 3.50908 1.72611 
vt 6.14306 -1.80579 
vt 3.50908 -1.80579 
vt 7.42548 1.72611 
vt 3.50908 1.72611 
vt 7.42548 -0.907871 
vt 3.50908 -0.907871 
vt 7.42548 1.72611 
vt 3.50908 1.72611 
vt 7.42548 -1.80579 
vt 3.50908 -1.80579 
vt 6.14306 1.72611 
vt 3.50908 1.72611 
vt 6.14306 -1.80579 
vt 3.50908 -1.80579 
vt 7.42548 1.72611 
vt 3.50908 1.72611 
vt 7.42548 -0.907871 
vt 3.50908 -0.907871 
vt 7.42548 1.72611 
vt 3.50908 1.72611 
vt 7.42548 -1.80579 
vt 3.50908 -1.80579 

usemtl Part11Mtl

f 2617/2617/2617 2618/2618/2618 2619/2619/2619 
f 2619/2619/2619 2618/2618/2618 2620/2620/2620 
f 2621/2621/2621 2622/2622/2622 2623/2623/2623 
f 2623/2623/2623 2622/2622/2622 2624/2624/2624 
f 2625/2625/2625 2626/2626/2626 2627/2627/2627 
f 2627/2627/2627 2626/2626/2626 2628/2628/2628 
f 2629/2629/2629 2630/2630/2630 2631/2631/2631 
f 2631/2631/2631 2630/2630/2630 2632/2632/2632 
f 2633/2633/2633 2634/2634/2634 2635/2635/2635 
f 2635/2635/2635 2634/2634/2634 2636/2636/2636 
f 2637/2637/2637 2638/2638/2638 2639/2639/2639 
f 2639/2639/2639 2638/2638/2638 2640/2640/2640 

g Part111

v 306.183 3.81898 120.204 
v 313.273 3.81898 118.304 
v 306.183 0.5 120.204 
v 313.273 0.5 118.304 
v 315.127 3.81898 125.224 
v 313.273 3.81898 118.304 
v 308.037 3.81898 127.124 
v 306.183 3.81898 120.204 
v 313.273 3.81898 118.304 
v 315.127 3.81898 125.224 
v 313.273 0.5 118.304 
v 315.127 0.5 125.224 
v 315.127 3.81898 125.224 
v 308.037 3.81898 127.124 
v 315.127 0.5 125.224 
v 308.037 0.5 127.124 
v 308.037 0.5 127.124 
v 306.183 0.5 120.204 
v 315.127 0.5 125.224 
v 313.273 0.5 118.304 
v 308.037 3.81898 127.124 
v 306.183 3.81898 120.204 
v 308.037 0.5 127.124 
v 306.183 0.5 120.204 

vn -0.259843 0 -0.968504 
vn -0.259843 0 -0.968504 
vn -0.259843 0 -0.968504 
vn -0.259843 0 -0.968504 
vn 0 1 0 
vn 0 1 0 
vn 0 1 0 
vn 0 1 0 
vn 0.968504 0 -0.259843 
vn 0.968504 0 -0.259843 
vn 0.968504 0 -0.259843 
vn 0.968504 0 -0.259843 
vn 0.259843 0 0.968504 
vn 0.259843 0 0.968504 
vn 0.259843 0 0.968504 
vn 0.259843 0 0.968504 
vn 0 -1 0 
vn 0 -1 0 
vn 0 -1 0 
vn 0 -1 0 
vn -0.968504 0 0.259843 
vn -0.968504 0 0.259843 
vn -0.968504 0 0.259843 
vn -0.968504 0 0.259843 

vt 0.605621 0.571062 
vt -0.128356 0.571062 
vt 0.605621 0.239164 
vt -0.128356 0.239164 
vt 0.588041 0.571062 
vt -0.128356 0.571062 
vt 0.588041 -0.162914 
vt -0.128356 -0.162914 
vt 0.588041 0.571062 
vt -0.128356 0.571062 
vt 0.588041 0.239164 
vt -0.128356 0.239164 
vt 0.605621 0.571062 
vt -0.128356 0.571062 
vt 0.605621 0.239164 
vt -0.128356 0.239164 
vt 0.588041 0.571062 
vt -0.128356 0.571062 
vt 0.588041 -0.162914 
vt -0.128356 -0.162914 
vt 0.588041 0.571062 
vt -0.128356 0.571062 
vt 0.588041 0.239164 
vt -0.128356 0.239164 

usemtl Part16Mtl

f 2641/2641/2641 2642/2642/2642 2643/2643/2643 
f 2643/2643/2643 2642/2642/2642 2644/2644/2644 
f 2645/2645/2645 2646/2646/2646 2647/2647/2647 
f 2647/2647/2647 2646/2646/2646 2648/2648/2648 
f 2649/2649/2649 2650/2650/2650 2651/2651/2651 
f 2651/2651/2651 2650/2650/2650 2652/2652/2652 
f 2653/2653/2653 2654/2654/2654 2655/2655/2655 
f 2655/2655/2655 2654/2654/2654 2656/2656/2656 
f 2657/2657/2657 2658/2658/2658 2659/2659/2659 
f 2659/2659/2659 2658/2658/2658 2660/2660/2660 
f 2661/2661/2661 2662/2662/2662 2663/2663/2663 
f 2663/2663/2663 2662/2662/2662 2664/2664/2664 

g Part112

v 304.769 2.81898 122.653 
v 308.961 2.81898 121.53 
v 304.769 0.5 122.653 
v 308.961 0.5 121.53 
v 310.556 2.81898 127.484 
v 308.961 2.81898 121.53 
v 306.364 2.81898 128.607 
v 304.769 2.81898 122.653 
v 308.961 2.81898 121.53 
v 310.556 2.81898 127.484 
v 308.961 0.5 121.53 
v 310.556 0.5 127.484 
v 310.556 2.81898 127.484 
v 306.364 2.81898 128.607 
v 310.556 0.5 127.484 
v 306.364 0.5 128.607 
v 306.364 0.5 128.607 
v 304.769 0.5 122.653 
v 310.556 0.5 127.484 
v 308.961 0.5 121.53 
v 306.364 2.81898 128.607 
v 304.769 2.81898 122.653 
v 306.364 0.5 128.607 
v 304.769 0.5 122.653 

vn -0.259843 0 -0.968504 
vn -0.259843 0 -0.968504 
vn -0.259843 0 -0.968504 
vn -0.259843 0 -0.968504 
vn 0 1 0 
vn 0 1 0 
vn 0 1 0 
vn 0 1 0 
vn 0.968504 0 -0.259843 
vn 0.968504 0 -0.259843 
vn 0.968504 0 -0.259843 
vn 0.968504 0 -0.259843 
vn 0.259843 0 0.968504 
vn 0.259843 0 0.968504 
vn 0.259843 0 0.968504 
vn 0.259843 0 0.968504 
vn 0 -1 0 
vn 0 -1 0 
vn 0 -1 0 
vn 0 -1 0 
vn -0.968504 0 0.259843 
vn -0.968504 0 0.259843 
vn -0.968504 0 0.259843 
vn -0.968504 0 0.259843 

vt 0.595387 1.09235 
vt 0.161411 1.09235 
vt 0.595387 0.860448 
vt 0.161411 0.860448 
vt 0.777808 1.09235 
vt 0.161411 1.09235 
vt 0.777808 0.65837 
vt 0.161411 0.65837 
vt 0.777808 1.09235 
vt 0.161411 1.09235 
vt 0.777808 0.860448 
vt 0.161411 0.860448 
vt 0.595387 1.09235 
vt 0.161411 1.09235 
vt 0.595387 0.860448 
vt 0.161411 0.860448 
vt 0.777808 1.09235 
vt 0.161411 1.09235 
vt 0.777808 0.65837 
vt 0.161411 0.65837 
vt 0.777808 1.09235 
vt 0.161411 1.09235 
vt 0.777808 0.860448 
vt 0.161411 0.860448 

usemtl Part16Mtl

f 2665/2665/2665 2666/2666/2666 2667/2667/2667 
f 2667/2667/2667 2666/2666/2666 2668/2668/2668 
f 2669/2669/2669 2670/2670/2670 2671/2671/2671 
f 2671/2671/2671 2670/2670/2670 2672/2672/2672 
f 2673/2673/2673 2674/2674/2674 2675/2675/2675 
f 2675/2675/2675 2674/2674/2674 2676/2676/2676 
f 2677/2677/2677 2678/2678/2678 2679/2679/2679 
f 2679/2679/2679 2678/2678/2678 2680/2680/2680 
f 2681/2681/2681 2682/2682/2682 2683/2683/2683 
f 2683/2683/2683 2682/2682/2682 2684/2684/2684 
f 2685/2685/2685 2686/2686/2686 2687/2687/2687 
f 2687/2687/2687 2686/2686/2686 2688/2688/2688 

g Part113

v 278.694 27.819 74.6078 
v 301.505 27.819 61.4379 
v 278.694 -7.5 74.6078 
v 301.505 -7.5 61.4379 
v 321.087 27.819 95.3549 
v 301.505 27.819 61.4379 
v 298.276 27.819 108.525 
v 278.694 27.819 74.6078 
v 301.505 27.819 61.4379 
v 321.087 27.819 95.3549 
v 301.505 -7.5 61.4379 
v 321.087 -7.5 95.3549 
v 321.087 27.819 95.3549 
v 298.276 27.819 108.525 
v 321.087 -7.5 95.3549 
v 298.276 -7.5 108.525 
v 298.276 -7.5 108.525 
v 278.694 -7.5 74.6078 
v 321.087 -7.5 95.3549 
v 301.505 -7.5 61.4379 
v 298.276 27.819 108.525 
v 278.694 27.819 74.6078 
v 298.276 -7.5 108.525 
v 278.694 -7.5 74.6078 

vn -0.503937 0 -0.866142 
vn -0.503937 0 -0.866142 
vn -0.503937 0 -0.866142 
vn -0.503937 0 -0.866142 
vn 0 1 0 
vn 0 1 0 
vn 0 1 0 
vn 0 1 0 
vn 0.866142 0 -0.503937 
vn 0.866142 0 -0.503937 
vn 0.866142 0 -0.503937 
vn 0.866142 0 -0.503937 
vn 0.503937 0 0.866142 
vn 0.503937 0 0.866142 
vn 0.503937 0 0.866142 
vn 0.503937 0 0.866142 
vn 0 -1 0 
vn 0 -1 0 
vn 0 -1 0 
vn 0 -1 0 
vn -0.866142 0 0.503937 
vn -0.866142 0 0.503937 
vn -0.866142 0 0.503937 
vn -0.866142 0 0.503937 

vt 6.82752 -2.30016 
vt 4.19354 -2.30016 
vt 6.82752 -5.83206 
vt 4.19354 -5.83206 
vt 8.10994 -2.30016 
vt 4.19354 -2.30016 
vt 8.10994 -4.93414 
vt 4.19354 -4.93414 
vt 8.10994 -2.30016 
vt 4.19354 -2.30016 
vt 8.10994 -5.83206 
vt 4.19354 -5.83206 
vt 6.82752 -2.30016 
vt 4.19354 -2.30016 
vt 6.82752 -5.83206 
vt 4.19354 -5.83206 
vt 8.10994 -2.30016 
vt 4.19354 -2.30016 
vt 8.10994 -4.93414 
vt 4.19354 -4.93414 
vt 8.10994 -2.30016 
vt 4.19354 -2.30016 
vt 8.10994 -5.83206 
vt 4.19354 -5.83206 

usemtl Part11Mtl

f 2689/2689/2689 2690/2690/2690 2691/2691/2691 
f 2691/2691/2691 2690/2690/2690 2692/2692/2692 
f 2693/2693/2693 2694/2694/2694 2695/2695/2695 
f 2695/2695/2695 2694/2694/2694 2696/2696/2696 
f 2697/2697/2697 2698/2698/2698 2699/2699/2699 
f 2699/2699/2699 2698/2698/2698 2700/2700/2700 
f 2701/2701/2701 2702/2702/2702 2703/2703/2703 
f 2703/2703/2703 2702/2702/2702 2704/2704/2704 
f 2705/2705/2705 2706/2706/2706 2707/2707/2707 
f 2707/2707/2707 2706/2706/2706 2708/2708/2708 
f 2709/2709/2709 2710/2710/2710 2711/2711/2711 
f 2711/2711/2711 2710/2710/2710 2712/2712/2712 

g Part114

v 32.5908 4.81849 80.0472 
v 24.9971 4.81849 51.7072 
v 32.5908 -102.5 80.0472 
v 24.9971 -102.5 51.7072 
v 68.6222 4.81849 40.0179 
v 24.9971 4.81849 51.7072 
v 76.2159 4.81849 68.3579 
v 32.5908 4.81849 80.0472 
v 24.9971 4.81849 51.7072 
v 68.6222 4.81849 40.0179 
v 24.9971 -102.5 51.7072 
v 68.6222 -102.5 40.0179 
v 68.6222 4.81849 40.0179 
v 76.2159 4.81849 68.3579 
v 68.6222 -102.5 40.0179 
v 76.2159 -102.5 68.3579 
v 76.2159 -102.5 68.3579 
v 32.5908 -102.5 80.0472 
v 68.6222 -102.5 40.0179 
v 24.9971 -102.5 51.7072 
v 76.2159 4.81849 68.3579 
v 32.5908 4.81849 80.0472 
v 76.2159 -102.5 68.3579 
v 32.5908 -102.5 80.0472 

vn -0.968504 0 0.259843 
vn -0.968504 0 0.259843 
vn -0.968504 0 0.259843 
vn -0.968504 0 0.259843 
vn 0 1 0 
vn 0 1 0 
vn 0 1 0 
vn 0 1 0 
vn -0.259843 0 -0.968504 
vn -0.259843 0 -0.968504 
vn -0.259843 0 -0.968504 
vn -0.259843 0 -0.968504 
vn 0.968504 0 -0.259843 
vn 0.968504 0 -0.259843 
vn 0.968504 0 -0.259843 
vn 0.968504 0 -0.259843 
vn 0 -1 0 
vn 0 -1 0 
vn 0 -1 0 
vn 0 -1 0 
vn 0.259843 0 0.968504 
vn 0.259843 0 0.968504 
vn 0.259843 0 0.968504 
vn 0.259843 0 0.968504 

vt 4.1924 5.90059 
vt 1.25842 5.90059 
vt 4.1924 -4.83121 
vt 1.25842 -4.83121 
vt 5.77482 5.90059 
vt 1.25842 5.90059 
vt 5.77482 2.96661 
vt 1.25842 2.96661 
vt 5.77482 5.90059 
vt 1.25842 5.90059 
vt 5.77482 -4.83121 
vt 1.25842 -4.83121 
vt 4.1924 5.90059 
vt 1.25842 5.90059 
vt 4.1924 -4.83121 
vt 1.25842 -4.83121 
vt 5.77482 5.90059 
vt 1.25842 5.90059 
vt 5.77482 2.96661 
vt 1.25842 2.96661 
vt 5.77482 5.90059 
vt 1.25842 5.90059 
vt 5.77482 -4.83121 
vt 1.25842 -4.83121 

usemtl Part11Mtl

f 2713/2713/2713 2714/2714/2714 2715/2715/2715 
f 2715/2715/2715 2714/2714/2714 2716/2716/2716 
f 2717/2717/2717 2718/2718/2718 2719/2719/2719 
f 2719/2719/2719 2718/2718/2718 2720/2720/2720 
f 2721/2721/2721 2722/2722/2722 2723/2723/2723 
f 2723/2723/2723 2722/2722/2722 2724/2724/2724 
f 2725/2725/2725 2726/2726/2726 2727/2727/2727 
f 2727/2727/2727 2726/2726/2726 2728/2728/2728 
f 2729/2729/2729 2730/2730/2730 2731/2731/2731 
f 2731/2731/2731 2730/2730/2730 2732/2732/2732 
f 2733/2733/2733 2734/2734/2734 2735/2735/2735 
f 2735/2735/2735 2734/2734/2734 2736/2736/2736 

g Part115

v -30.9329 6.81849 -225.544 
v -30.9328 6.81849 -206.205 
v -30.9329 -102.5 -225.544 
v -30.9328 -102.5 -206.205 
v -53.0968 6.81849 -206.205 
v -30.9328 6.81849 -206.205 
v -53.0968 6.81849 -225.544 
v -30.9329 6.81849 -225.544 
v -30.9328 6.81849 -206.205 
v -53.0968 6.81849 -206.205 
v -30.9328 -102.5 -206.205 
v -53.0968 -102.5 -206.205 
v -53.0968 6.81849 -206.205 
v -53.0968 6.81849 -225.544 
v -53.0968 -102.5 -206.205 
v -53.0968 -102.5 -225.544 
v -53.0968 -102.5 -225.544 
v -30.9329 -102.5 -225.544 
v -53.0968 -102.5 -206.205 
v -30.9328 -102.5 -206.205 
v -53.0968 6.81849 -225.544 
v -30.9329 6.81849 -225.544 
v -53.0968 -102.5 -225.544 
v -30.9329 -102.5 -225.544 

vn 1 0 0 
vn 1 0 0 
vn 1 0 0 
vn 1 0 0 
vn 0 1 0 
vn 0 1 0 
vn 0 1 0 
vn 0 1 0 
vn 0 0 1 
vn 0 0 1 
vn 0 0 1 
vn 0 0 1 
vn -1 0 0 
vn -1 0 0 
vn -1 0 0 
vn -1 0 0 
vn 0 -1 0 
vn 0 -1 0 
vn 0 -1 0 
vn 0 -1 0 
vn 0 0 -1 
vn 0 0 -1 
vn 0 0 -1 
vn 0 0 -1 

vt 0.786645 4.38326 
vt -1.14733 4.38326 
vt 0.786645 -6.54854 
vt -1.14733 -6.54854 
vt 1.06907 4.38326 
vt -1.14733 4.38326 
vt 1.06907 2.44929 
vt -1.14733 2.44929 
vt 1.06907 4.38326 
vt -1.14733 4.38326 
vt 1.06907 -6.54854 
vt -1.14733 -6.54854 
vt 0.786645 4.38326 
vt -1.14733 4.38326 
vt 0.786645 -6.54854 
vt -1.14733 -6.54854 
vt 1.06907 4.38326 
vt -1.14733 4.38326 
vt 1.06907 2.44929 
vt -1.14733 2.44929 
vt 1.06907 4.38326 
vt -1.14733 4.38326 
vt 1.06907 -6.54854 
vt -1.14733 -6.54854 

usemtl Part11Mtl

f 2737/2737/2737 2738/2738/2738 2739/2739/2739 
f 2739/2739/2739 2738/2738/2738 2740/2740/2740 
f 2741/2741/2741 2742/2742/2742 2743/2743/2743 
f 2743/2743/2743 2742/2742/2742 2744/2744/2744 
f 2745/2745/2745 2746/2746/2746 2747/2747/2747 
f 2747/2747/2747 2746/2746/2746 2748/2748/2748 
f 2749/2749/2749 2750/2750/2750 2751/2751/2751 
f 2751/2751/2751 2750/2750/2750 2752/2752/2752 
f 2753/2753/2753 2754/2754/2754 2755/2755/2755 
f 2755/2755/2755 2754/2754/2754 2756/2756/2756 
f 2757/2757/2757 2758/2758/2758 2759/2759/2759 
f 2759/2759/2759 2758/2758/2758 2760/2760/2760 

g Part116

v -16.9755 -2.18151 72.7025 
v -16.9755 -2.18151 43.3627 
v -16.9755 -102.5 72.7025 
v -16.9755 -102.5 43.3627 
v 37.1885 -2.18151 43.3627 
v -16.9755 -2.18151 43.3627 
v 37.1885 -2.18151 72.7024 
v -16.9755 -2.18151 72.7025 
v -16.9755 -2.18151 43.3627 
v 37.1885 -2.18151 43.3627 
v -16.9755 -102.5 43.3627 
v 37.1885 -102.5 43.3627 
v 37.1885 -2.18151 43.3627 
v 37.1885 -2.18151 72.7024 
v 37.1885 -102.5 43.3627 
v 37.1885 -102.5 72.7024 
v 37.1885 -102.5 72.7024 
v -16.9755 -102.5 72.7025 
v 37.1885 -102.5 43.3627 
v -16.9755 -102.5 43.3627 
v 37.1885 -2.18151 72.7024 
v -16.9755 -2.18151 72.7025 
v 37.1885 -102.5 72.7024 
v -16.9755 -102.5 72.7025 

vn -1 0 0 
vn -1 0 0 
vn -1 0 0 
vn -1 0 0 
vn 0 1 0 
vn 0 1 0 
vn 0 1 0 
vn 0 1 0 
vn 0 0 -1 
vn 0 0 -1 
vn 0 0 -1 
vn 0 0 -1 
vn 1 0 0 
vn 1 0 0 
vn 1 0 0 
vn 1 0 0 
vn 0 -1 0 
vn 0 -1 0 
vn 0 -1 0 
vn 0 -1 0 
vn 0 0 1 
vn 0 0 1 
vn 0 0 1 
vn 0 0 1 

vt 10.5797 3.80698 
vt 7.64573 3.80698 
vt 10.5797 -6.22482 
vt 7.64573 -6.22482 
vt 13.0621 3.80698 
vt 7.64573 3.80698 
vt 13.0621 0.873 
vt 7.64573 0.873 
vt 13.0621 3.80698 
vt 7.64573 3.80698 
vt 13.0621 -6.22482 
vt 7.64573 -6.22482 
vt 10.5797 3.80698 
vt 7.64573 3.80698 
vt 10.5797 -6.22482 
vt 7.64573 -6.22482 
vt 13.0621 3.80698 
vt 7.64573 3.80698 
vt 13.0621 0.873 
vt 7.64573 0.873 
vt 13.0621 3.80698 
vt 7.64573 3.80698 
vt 13.0621 -6.22482 
vt 7.64573 -6.22482 

usemtl Part116Mtl

f 2761/2761/2761 2762/2762/2762 2763/2763/2763 
f 2763/2763/2763 2762/2762/2762 2764/2764/2764 
f 2765/2765/2765 2766/2766/2766 2767/2767/2767 
f 2767/2767/2767 2766/2766/2766 2768/2768/2768 
f 2769/2769/2769 2770/2770/2770 2771/2771/2771 
f 2771/2771/2771 2770/2770/2770 2772/2772/2772 
f 2773/2773/2773 2774/2774/2774 2775/2775/2775 
f 2775/2775/2775 2774/2774/2774 2776/2776/2776 
f 2777/2777/2777 2778/2778/2778 2779/2779/2779 
f 2779/2779/2779 2778/2778/2778 2780/2780/2780 
f 2781/2781/2781 2782/2782/2782 2783/2783/2783 
f 2783/2783/2783 2782/2782/2782 2784/2784/2784 

g Part117

v 1.0245 -2.18151 -247.298 
v 1.0245 -2.18151 -276.637 
v 1.0245 -102.5 -247.298 
v 1.0245 -102.5 -276.637 
v 44.1885 -2.18151 -276.637 
v 1.0245 -2.18151 -276.637 
v 44.1885 -2.18151 -247.298 
v 1.0245 -2.18151 -247.298 
v 1.0245 -2.18151 -276.637 
v 44.1885 -2.18151 -276.637 
v 1.0245 -102.5 -276.637 
v 44.1885 -102.5 -276.637 
v 44.1885 -2.18151 -276.637 
v 44.1885 -2.18151 -247.298 
v 44.1885 -102.5 -276.637 
v 44.1885 -102.5 -247.298 
v 44.1885 -102.5 -247.298 
v 1.0245 -102.5 -247.298 
v 44.1885 -102.5 -276.637 
v 1.0245 -102.5 -276.637 
v 44.1885 -2.18151 -247.298 
v 1.0245 -2.18151 -247.298 
v 44.1885 -102.5 -247.298 
v 1.0245 -102.5 -247.298 

vn -1 0 0 
vn -1 0 0 
vn -1 0 0 
vn -1 0 0 
vn 0 1 0 
vn 0 1 0 
vn 0 1 0 
vn 0 1 0 
vn 0 0 -1 
vn 0 0 -1 
vn 0 0 -1 
vn 0 0 -1 
vn 1 0 0 
vn 1 0 0 
vn 1 0 0 
vn 1 0 0 
vn 0 -1 0 
vn 0 -1 0 
vn 0 -1 0 
vn 0 -1 0 
vn 0 0 1 
vn 0 0 1 
vn 0 0 1 
vn 0 0 1 

vt 8.59083 -4.76649 
vt 5.65685 -4.76649 
vt 8.59083 -14.7983 
vt 5.65685 -14.7983 
vt 9.97325 -4.76649 
vt 5.65685 -4.76649 
vt 9.97325 -7.70047 
vt 5.65685 -7.70047 
vt 9.97325 -4.76649 
vt 5.65685 -4.76649 
vt 9.97325 -14.7983 
vt 5.65685 -14.7983 
vt 8.59083 -4.76649 
vt 5.65685 -4.76649 
vt 8.59083 -14.7983 
vt 5.65685 -14.7983 
vt 9.97325 -4.76649 
vt 5.65685 -4.76649 
vt 9.97325 -7.70047 
vt 5.65685 -7.70047 
vt 9.97325 -4.76649 
vt 5.65685 -4.76649 
vt 9.97325 -14.7983 
vt 5.65685 -14.7983 

usemtl Part11Mtl

f 2785/2785/2785 2786/2786/2786 2787/2787/2787 
f 2787/2787/2787 2786/2786/2786 2788/2788/2788 
f 2789/2789/2789 2790/2790/2790 2791/2791/2791 
f 2791/2791/2791 2790/2790/2790 2792/2792/2792 
f 2793/2793/2793 2794/2794/2794 2795/2795/2795 
f 2795/2795/2795 2794/2794/2794 2796/2796/2796 
f 2797/2797/2797 2798/2798/2798 2799/2799/2799 
f 2799/2799/2799 2798/2798/2798 2800/2800/2800 
f 2801/2801/2801 2802/2802/2802 2803/2803/2803 
f 2803/2803/2803 2802/2802/2802 2804/2804/2804 
f 2805/2805/2805 2806/2806/2806 2807/2807/2807 
f 2807/2807/2807 2806/2806/2806 2808/2808/2808 

g Part118

v -61.285 8.81849 -260.554 
v -46.6151 8.81849 -285.963 
v -61.285 -102.5 -260.554 
v -46.6151 -102.5 -285.963 
v -7.502 8.81849 -263.381 
v -46.6151 8.81849 -285.963 
v -22.1719 8.81849 -237.972 
v -61.285 8.81849 -260.554 
v -46.6151 8.81849 -285.963 
v -7.502 8.81849 -263.381 
v -46.6151 -102.5 -285.963 
v -7.502 -102.5 -263.381 
v -7.502 8.81849 -263.381 
v -22.1719 8.81849 -237.972 
v -7.502 -102.5 -263.381 
v -22.1719 -102.5 -237.972 
v -22.1719 -102.5 -237.972 
v -61.285 -102.5 -260.554 
v -7.502 -102.5 -263.381 
v -46.6151 -102.5 -285.963 
v -22.1719 8.81849 -237.972 
v -61.285 8.81849 -260.554 
v -22.1719 -102.5 -237.972 
v -61.285 -102.5 -260.554 

vn -0.866142 0 -0.496063 
vn -0.866142 0 -0.496063 
vn -0.866142 0 -0.496063 
vn -0.866142 0 -0.496063 
vn 0 1 0 
vn 0 1 0 
vn 0 1 0 
vn 0 1 0 
vn 0.503937 0 -0.866142 
vn 0.503937 0 -0.866142 
vn 0.503937 0 -0.866142 
vn 0.503937 0 -0.866142 
vn 0.866142 0 0.503937 
vn 0.866142 0 0.503937 
vn 0.866142 0 0.503937 
vn 0.866142 0 0.503937 
vn 0 -1 0 
vn 0 -1 0 
vn 0 -1 0 
vn 0 -1 0 
vn -0.496063 0 0.866142 
vn -0.496063 0 0.866142 
vn -0.496063 0 0.866142 
vn -0.496063 0 0.866142 

vt -1.79898 -7.32193 
vt -4.73295 -7.32193 
vt -1.79898 -18.4537 
vt -4.73295 -18.4537 
vt -0.216557 -7.32193 
vt -4.73295 -7.32193 
vt -0.216557 -10.2559 
vt -4.73295 -10.2559 
vt -0.216557 -7.32193 
vt -4.73295 -7.32193 
vt -0.216557 -18.4537 
vt -4.73295 -18.4537 
vt -1.79898 -7.32193 
vt -4.73295 -7.32193 
vt -1.79898 -18.4537 
vt -4.73295 -18.4537 
vt -0.216557 -7.32193 
vt -4.73295 -7.32193 
vt -0.216557 -10.2559 
vt -4.73295 -10.2559 
vt -0.216557 -7.32193 
vt -4.73295 -7.32193 
vt -0.216557 -18.4537 
vt -4.73295 -18.4537 

usemtl Part116Mtl

f 2809/2809/2809 2810/2810/2810 2811/2811/2811 
f 2811/2811/2811 2810/2810/2810 2812/2812/2812 
f 2813/2813/2813 2814/2814/2814 2815/2815/2815 
f 2815/2815/2815 2814/2814/2814 2816/2816/2816 
f 2817/2817/2817 2818/2818/2818 2819/2819/2819 
f 2819/2819/2819 2818/2818/2818 2820/2820/2820 
f 2821/2821/2821 2822/2822/2822 2823/2823/2823 
f 2823/2823/2823 2822/2822/2822 2824/2824/2824 
f 2825/2825/2825 2826/2826/2826 2827/2827/2827 
f 2827/2827/2827 2826/2826/2826 2828/2828/2828 
f 2829/2829/2829 2830/2830/2830 2831/2831/2831 
f 2831/2831/2831 2830/2830/2830 2832/2832/2832 

g Part119

v 34.6614 -9.18151 -232.225 
v 24.9971 -9.18151 -268.293 
v 34.6614 -102.5 -232.225 
v 24.9971 -102.5 -268.293 
v 72.4859 -9.18151 -281.017 
v 24.9971 -9.18151 -268.293 
v 82.1501 -9.18151 -244.95 
v 34.6614 -9.18151 -232.225 
v 24.9971 -9.18151 -268.293 
v 72.4859 -9.18151 -281.017 
v 24.9971 -102.5 -268.293 
v 72.4859 -102.5 -281.017 
v 72.4859 -9.18151 -281.017 
v 82.1501 -9.18151 -244.95 
v 72.4859 -102.5 -281.017 
v 82.1501 -102.5 -244.95 
v 82.1501 -102.5 -244.95 
v 34.6614 -102.5 -232.225 
v 72.4859 -102.5 -281.017 
v 24.9971 -102.5 -268.293 
v 82.1501 -9.18151 -244.95 
v 34.6614 -9.18151 -232.225 
v 82.1501 -102.5 -244.95 
v 34.6614 -102.5 -232.225 

vn -0.968504 0 0.259843 
vn -0.968504 0 0.259843 
vn -0.968504 0 0.259843 
vn -0.968504 0 0.259843 
vn 0 1 0 
vn 0 1 0 
vn 0 1 0 
vn 0 1 0 
vn -0.259843 0 -0.968504 
vn -0.259843 0 -0.968504 
vn -0.259843 0 -0.968504 
vn -0.259843 0 -0.968504 
vn 0.968504 0 -0.259843 
vn 0.968504 0 -0.259843 
vn 0.968504 0 -0.259843 
vn 0.968504 0 -0.259843 
vn 0 -1 0 
vn 0 -1 0 
vn 0 -1 0 
vn 0 -1 0 
vn 0.259843 0 0.968504 
vn 0.259843 0 0.968504 
vn 0.259843 0 0.968504 
vn 0.259843 0 0.968504 

vt 6.41242 1.27212 
vt 2.67844 1.27212 
vt 6.41242 -8.05968 
vt 2.67844 -8.05968 
vt 7.59484 1.27212 
vt 2.67844 1.27212 
vt 7.59484 -2.46185 
vt 2.67844 -2.46185 
vt 7.59484 1.27212 
vt 2.67844 1.27212 
vt 7.59484 -8.05968 
vt 2.67844 -8.05968 
vt 6.41242 1.27212 
vt 2.67844 1.27212 
vt 6.41242 -8.05968 
vt 2.67844 -8.05968 
vt 7.59484 1.27212 
vt 2.67844 1.27212 
vt 7.59484 -2.46185 
vt 2.67844 -2.46185 
vt 7.59484 1.27212 
vt 2.67844 1.27212 
vt 7.59484 -8.05968 
vt 2.67844 -8.05968 

usemtl Part116Mtl

f 2833/2833/2833 2834/2834/2834 2835/2835/2835 
f 2835/2835/2835 2834/2834/2834 2836/2836/2836 
f 2837/2837/2837 2838/2838/2838 2839/2839/2839 
f 2839/2839/2839 2838/2838/2838 2840/2840/2840 
f 2841/2841/2841 2842/2842/2842 2843/2843/2843 
f 2843/2843/2843 2842/2842/2842 2844/2844/2844 
f 2845/2845/2845 2846/2846/2846 2847/2847/2847 
f 2847/2847/2847 2846/2846/2846 2848/2848/2848 
f 2849/2849/2849 2850/2850/2850 2851/2851/2851 
f 2851/2851/2851 2850/2850/2850 2852/2852/2852 
f 2853/2853/2853 2854/2854/2854 2855/2855/2855 
f 2855/2855/2855 2854/2854/2854 2856/2856/2856 

g Part120

v -30.639 -9.18151 -270.292 
v -5.23002 -9.18151 -284.962 
v -30.639 -102.5 -270.292 
v -5.23002 -102.5 -284.962 
v 14.852 -9.18151 -250.179 
v -5.23002 -9.18151 -284.962 
v -10.557 -9.18151 -235.509 
v -30.639 -9.18151 -270.292 
v -5.23002 -9.18151 -284.962 
v 14.852 -9.18151 -250.179 
v -5.23002 -102.5 -284.962 
v 14.852 -102.5 -250.179 
v 14.852 -9.18151 -250.179 
v -10.557 -9.18151 -235.509 
v 14.852 -102.5 -250.179 
v -10.557 -102.5 -235.509 
v -10.557 -102.5 -235.509 
v -30.639 -102.5 -270.292 
v 14.852 -102.5 -250.179 
v -5.23002 -102.5 -284.962 
v -10.557 -9.18151 -235.509 
v -30.639 -9.18151 -270.292 
v -10.557 -102.5 -235.509 
v -30.639 -102.5 -270.292 

vn -0.496063 0 -0.866142 
vn -0.496063 0 -0.866142 
vn -0.496063 0 -0.866142 
vn -0.496063 0 -0.866142 
vn 0 1 0 
vn 0 1 0 
vn 0 1 0 
vn 0 1 0 
vn 0.866142 0 -0.496063 
vn 0.866142 0 -0.496063 
vn 0.866142 0 -0.496063 
vn 0.866142 0 -0.496063 
vn 0.503937 0 0.866142 
vn 0.503937 0 0.866142 
vn 0.503937 0 0.866142 
vn 0.503937 0 0.866142 
vn 0 -1 0 
vn 0 -1 0 
vn 0 -1 0 
vn 0 -1 0 
vn -0.866142 0 0.503937 
vn -0.866142 0 0.503937 
vn -0.866142 0 0.503937 
vn -0.866142 0 0.503937 

vt 8.3668 6.33761 
vt 5.43282 6.33761 
vt 8.3668 -2.99419 
vt 5.43282 -2.99419 
vt 9.44922 6.33761 
vt 5.43282 6.33761 
vt 9.44922 3.40363 
vt 5.43282 3.40363 
vt 9.44922 6.33761 
vt 5.43282 6.33761 
vt 9.44922 -2.99419 
vt 5.43282 -2.99419 
vt 8.3668 6.33761 
vt 5.43282 6.33761 
vt 8.3668 -2.99419 
vt 5.43282 -2.99419 
vt 9.44922 6.33761 
vt 5.43282 6.33761 
vt 9.44922 3.40363 
vt 5.43282 3.40363 
vt 9.44922 6.33761 
vt 5.43282 6.33761 
vt 9.44922 -2.99419 
vt 5.43282 -2.99419 

usemtl Part116Mtl

f 2857/2857/2857 2858/2858/2858 2859/2859/2859 
f 2859/2859/2859 2858/2858/2858 2860/2860/2860 
f 2861/2861/2861 2862/2862/2862 2863/2863/2863 
f 2863/2863/2863 2862/2862/2862 2864/2864/2864 
f 2865/2865/2865 2866/2866/2866 2867/2867/2867 
f 2867/2867/2867 2866/2866/2866 2868/2868/2868 
f 2869/2869/2869 2870/2870/2870 2871/2871/2871 
f 2871/2871/2871 2870/2870/2870 2872/2872/2872 
f 2873/2873/2873 2874/2874/2874 2875/2875/2875 
f 2875/2875/2875 2874/2874/2874 2876/2876/2876 
f 2877/2877/2877 2878/2878/2878 2879/2879/2879 
f 2879/2879/2879 2878/2878/2878 2880/2880/2880 

g Part121

v -61.285 1.81849 59.4461 
v -46.6152 1.81849 34.0371 
v -61.285 -102.5 59.4461 
v -46.6152 -102.5 34.0371 
v -29.8779 1.81849 43.7003 
v -46.6152 1.81849 34.0371 
v -44.5478 1.81849 69.1093 
v -61.285 1.81849 59.4461 
v -46.6152 1.81849 34.0371 
v -29.8779 1.81849 43.7003 
v -46.6152 -102.5 34.0371 
v -29.8779 -102.5 43.7003 
v -29.8779 1.81849 43.7003 
v -44.5478 1.81849 69.1093 
v -29.8779 -102.5 43.7003 
v -44.5478 -102.5 69.1093 
v -44.5478 -102.5 69.1093 
v -61.285 -102.5 59.4461 
v -29.8779 -102.5 43.7003 
v -46.6152 -102.5 34.0371 
v -44.5478 1.81849 69.1093 
v -61.285 1.81849 59.4461 
v -44.5478 -102.5 69.1093 
v -61.285 -102.5 59.4461 

vn -0.866142 0 -0.496063 
vn -0.866142 0 -0.496063 
vn -0.866142 0 -0.496063 
vn -0.866142 0 -0.496063 
vn 0 1 0 
vn 0 1 0 
vn 0 1 0 
vn 0 1 0 
vn 0.503937 0 -0.866142 
vn 0.503937 0 -0.866142 
vn 0.503937 0 -0.866142 
vn 0.503937 0 -0.866142 
vn 0.866142 0 0.503937 
vn 0.866142 0 0.503937 
vn 0.866142 0 0.503937 
vn 0.866142 0 0.503937 
vn 0 -1 0 
vn 0 -1 0 
vn 0 -1 0 
vn 0 -1 0 
vn -0.496063 0 0.866142 
vn -0.496063 0 0.866142 
vn -0.496063 0 0.866142 
vn -0.496063 0 0.866142 

vt -1.18936 -2.14874 
vt -4.12334 -2.14874 
vt -1.18936 -12.5805 
vt -4.12334 -12.5805 
vt -2.19069 -2.14874 
vt -4.12334 -2.14874 
vt -2.19069 -5.08271 
vt -4.12334 -5.08271 
vt -2.19069 -2.14874 
vt -4.12334 -2.14874 
vt -2.19069 -12.5805 
vt -4.12334 -12.5805 
vt -1.18936 -2.14874 
vt -4.12334 -2.14874 
vt -1.18936 -12.5805 
vt -4.12334 -12.5805 
vt -2.19069 -2.14874 
vt -4.12334 -2.14874 
vt -2.19069 -5.08271 
vt -4.12334 -5.08271 
vt -2.19069 -2.14874 
vt -4.12334 -2.14874 
vt -2.19069 -12.5805 
vt -4.12334 -12.5805 

usemtl Part11Mtl

f 2881/2881/2881 2882/2882/2882 2883/2883/2883 
f 2883/2883/2883 2882/2882/2882 2884/2884/2884 
f 2885/2885/2885 2886/2886/2886 2887/2887/2887 
f 2887/2887/2887 2886/2886/2886 2888/2888/2888 
f 2889/2889/2889 2890/2890/2890 2891/2891/2891 
f 2891/2891/2891 2890/2890/2890 2892/2892/2892 
f 2893/2893/2893 2894/2894/2894 2895/2895/2895 
f 2895/2895/2895 2894/2894/2894 2896/2896/2896 
f 2897/2897/2897 2898/2898/2898 2899/2899/2899 
f 2899/2899/2899 2898/2898/2898 2900/2900/2900 
f 2901/2901/2901 2902/2902/2902 2903/2903/2903 
f 2903/2903/2903 2902/2902/2902 2904/2904/2904 

g Part122

v -46.9755 -5.04401 72.7025 
v -46.9755 -5.04401 43.3627 
v -46.9755 -107.581 72.7025 
v -46.9755 -107.581 43.3627 
v -25.544 -5.04401 43.3627 
v -46.9755 -5.04401 43.3627 
v -25.544 -5.04401 72.7025 
v -46.9755 -5.04401 72.7025 
v -46.9755 -5.04401 43.3627 
v -25.544 -5.04401 43.3627 
v -46.9755 -107.581 43.3627 
v -25.544 -107.581 43.3627 
v -25.544 -5.04401 43.3627 
v -25.544 -5.04401 72.7025 
v -25.544 -107.581 43.3627 
v -25.544 -107.581 72.7025 
v -25.544 -107.581 72.7025 
v -46.9755 -107.581 72.7025 
v -25.544 -107.581 43.3627 
v -46.9755 -107.581 43.3627 
v -25.544 -5.04401 72.7025 
v -46.9755 -5.04401 72.7025 
v -25.544 -107.581 72.7025 
v -46.9755 -107.581 72.7025 

vn -1 0 0 
vn -1 0 0 
vn -1 0 0 
vn -1 0 0 
vn 0 1 0 
vn 0 1 0 
vn 0 1 0 
vn 0 1 0 
vn 0 0 -1 
vn 0 0 -1 
vn 0 0 -1 
vn 0 0 -1 
vn 1 0 0 
vn 1 0 0 
vn 1 0 0 
vn 1 0 0 
vn 0 -1 0 
vn 0 -1 0 
vn 0 -1 0 
vn 0 -1 0 
vn 0 0 1 
vn 0 0 1 
vn 0 0 1 
vn 0 0 1 

vt 7.95211 -6.39147 
vt 5.01813 -6.39147 
vt 7.95211 -16.6452 
vt 5.01813 -16.6452 
vt 7.16128 -6.39147 
vt 5.01813 -6.39147 
vt 7.16128 -9.32544 
vt 5.01813 -9.32544 
vt 7.16128 -6.39147 
vt 5.01813 -6.39147 
vt 7.16128 -16.6452 
vt 5.01813 -16.6452 
vt 7.95211 -6.39147 
vt 5.01813 -6.39147 
vt 7.95211 -16.6452 
vt 5.01813 -16.6452 
vt 7.16128 -6.39147 
vt 5.01813 -6.39147 
vt 7.16128 -9.32544 
vt 5.01813 -9.32544 
vt 7.16128 -6.39147 
vt 5.01813 -6.39147 
vt 7.16128 -16.6452 
vt 5.01813 -16.6452 

usemtl Part11Mtl

f 2905/2905/2905 2906/2906/2906 2907/2907/2907 
f 2907/2907/2907 2906/2906/2906 2908/2908/2908 
f 2909/2909/2909 2910/2910/2910 2911/2911/2911 
f 2911/2911/2911 2910/2910/2910 2912/2912/2912 
f 2913/2913/2913 2914/2914/2914 2915/2915/2915 
f 2915/2915/2915 2914/2914/2914 2916/2916/2916 
f 2917/2917/2917 2918/2918/2918 2919/2919/2919 
f 2919/2919/2919 2918/2918/2918 2920/2920/2920 
f 2921/2921/2921 2922/2922/2922 2923/2923/2923 
f 2923/2923/2923 2922/2922/2922 2924/2924/2924 
f 2925/2925/2925 2926/2926/2926 2927/2927/2927 
f 2927/2927/2927 2926/2926/2926 2928/2928/2928 

g Part123

v -81.4811 14.3815 244.744 
v -310.396 14.3815 244.744 
v -81.4811 0.5 244.744 
v -310.396 0.5 244.744 
v -310.396 14.3815 95.0298 
v -310.396 14.3815 244.744 
v -81.4811 14.3815 95.0298 
v -81.4811 14.3815 244.744 
v -310.396 14.3815 244.744 
v -310.396 14.3815 95.0298 
v -310.396 0.5 244.744 
v -310.396 0.5 95.0298 
v -310.396 14.3815 95.0298 
v -81.4811 14.3815 95.0298 
v -310.396 0.5 95.0298 
v -81.4811 0.5 95.0298 
v -81.4811 0.5 95.0298 
v -81.4811 0.5 244.744 
v -310.396 0.5 95.0298 
v -310.396 0.5 244.744 
v -81.4811 14.3815 95.0298 
v -81.4811 14.3815 244.744 
v -81.4811 0.5 95.0298 
v -81.4811 0.5 244.744 

vn 0 0 1 
vn 0 0 1 
vn 0 0 1 
vn 0 0 1 
vn 0 1 0 
vn 0 1 0 
vn 0 1 0 
vn 0 1 0 
vn -1 0 0 
vn -1 0 0 
vn -1 0 0 
vn -1 0 0 
vn 0 0 -1 
vn 0 0 -1 
vn 0 0 -1 
vn 0 0 -1 
vn 0 -1 0 
vn 0 -1 0 
vn 0 -1 0 
vn 0 -1 0 
vn 1 0 0 
vn 1 0 0 
vn 1 0 0 
vn 1 0 0 

vt 39.2172 -17.9241 
vt 16.3258 -17.9241 
vt 39.2172 -19.3123 
vt 16.3258 -19.3123 
vt 31.2972 -17.9241 
vt 16.3258 -17.9241 
vt 31.2972 -40.8156 
vt 16.3258 -40.8156 
vt 31.2972 -17.9241 
vt 16.3258 -17.9241 
vt 31.2972 -19.3123 
vt 16.3258 -19.3123 
vt 39.2172 -17.9241 
vt 16.3258 -17.9241 
vt 39.2172 -19.3123 
vt 16.3258 -19.3123 
vt 31.2972 -17.9241 
vt 16.3258 -17.9241 
vt 31.2972 -40.8156 
vt 16.3258 -40.8156 
vt 31.2972 -17.9241 
vt 16.3258 -17.9241 
vt 31.2972 -19.3123 
vt 16.3258 -19.3123 

usemtl Part11Mtl

f 2929/2929/2929 2930/2930/2930 2931/2931/2931 
f 2931/2931/2931 2930/2930/2930 2932/2932/2932 
f 2933/2933/2933 2934/2934/2934 2935/2935/2935 
f 2935/2935/2935 2934/2934/2934 2936/2936/2936 
f 2937/2937/2937 2938/2938/2938 2939/2939/2939 
f 2939/2939/2939 2938/2938/2938 2940/2940/2940 
f 2941/2941/2941 2942/2942/2942 2943/2943/2943 
f 2943/2943/2943 2942/2942/2942 2944/2944/2944 
f 2945/2945/2945 2946/2946/2946 2947/2947/2947 
f 2947/2947/2947 2946/2946/2946 2948/2948/2948 
f 2949/2949/2949 2950/2950/2950 2951/2951/2951 
f 2951/2951/2951 2950/2950/2950 2952/2952/2952 

g Part124

v -92.5815 15.3722 96.0544 
v -92.5815 15.3722 233.844 
v -92.5815 14.3722 96.0544 
v -92.5815 14.3722 233.844 
v -311.296 15.3722 233.844 
v -92.5815 15.3722 233.844 
v -311.296 15.3722 96.0544 
v -92.5815 15.3722 96.0544 
v -92.5815 15.3722 233.844 
v -311.296 15.3722 233.844 
v -92.5815 14.3722 233.844 
v -311.296 14.3722 233.844 
v -311.296 15.3722 233.844 
v -311.296 15.3722 96.0544 
v -311.296 14.3722 233.844 
v -311.296 14.3722 96.0544 
v -311.296 14.3722 96.0544 
v -92.5815 14.3722 96.0544 
v -311.296 14.3722 233.844 
v -92.5815 14.3722 233.844 
v -311.296 15.3722 96.0544 
v -92.5815 15.3722 96.0544 
v -311.296 14.3722 96.0544 
v -92.5815 14.3722 96.0544 

vn 1 0 0 
vn 1 0 0 
vn 1 0 0 
vn 1 0 0 
vn 0 1 0 
vn 0 1 0 
vn 0 1 0 
vn 0 1 0 
vn 0 0 1 
vn 0 0 1 
vn 0 0 1 
vn 0 0 1 
vn -1 0 0 
vn -1 0 0 
vn -1 0 0 
vn -1 0 0 
vn 0 -1 0 
vn 0 -1 0 
vn 0 -1 0 
vn 0 -1 0 
vn 0 0 -1 
vn 0 0 -1 
vn 0 0 -1 
vn 0 0 -1 

vt -1.61242 -11.6812 
vt -15.3914 -11.6812 
vt -1.61242 -11.7812 
vt -15.3914 -11.7812 
vt 6.48 -11.6812 
vt -15.3914 -11.6812 
vt 6.48 -25.4602 
vt -15.3914 -25.4602 
vt 6.48 -11.6812 
vt -15.3914 -11.6812 
vt 6.48 -11.7812 
vt -15.3914 -11.7812 
vt -1.61242 -11.6812 
vt -15.3914 -11.6812 
vt -1.61242 -11.7812 
vt -15.3914 -11.7812 
vt 6.48 -11.6812 
vt -15.3914 -11.6812 
vt 6.48 -25.4602 
vt -15.3914 -25.4602 
vt 6.48 -11.6812 
vt -15.3914 -11.6812 
vt 6.48 -11.7812 
vt -15.3914 -11.7812 

usemtl Part17Mtl

f 2953/2953/2953 2954/2954/2954 2955/2955/2955 
f 2955/2955/2955 2954/2954/2954 2956/2956/2956 
f 2957/2957/2957 2958/2958/2958 2959/2959/2959 
f 2959/2959/2959 2958/2958/2958 2960/2960/2960 
f 2961/2961/2961 2962/2962/2962 2963/2963/2963 
f 2963/2963/2963 2962/2962/2962 2964/2964/2964 
f 2965/2965/2965 2966/2966/2966 2967/2967/2967 
f 2967/2967/2967 2966/2966/2966 2968/2968/2968 
f 2969/2969/2969 2970/2970/2970 2971/2971/2971 
f 2971/2971/2971 2970/2970/2970 2972/2972/2972 
f 2973/2973/2973 2974/2974/2974 2975/2975/2975 
f 2975/2975/2975 2974/2974/2974 2976/2976/2976 

g Part125

v -121.544 4.38148 -129.131 
v -310.396 4.38148 -129.131 
v -121.544 0.5 -129.131 
v -310.396 0.5 -129.131 
v -310.396 4.38148 -268.97 
v -310.396 4.38148 -129.131 
v -121.544 4.38148 -268.97 
v -121.544 4.38148 -129.131 
v -310.396 4.38148 -129.131 
v -310.396 4.38148 -268.97 
v -310.396 0.5 -129.131 
v -310.396 0.5 -268.97 
v -310.396 4.38148 -268.97 
v -121.544 4.38148 -268.97 
v -310.396 0.5 -268.97 
v -121.544 0.5 -268.97 
v -121.544 0.5 -268.97 
v -121.544 0.5 -129.131 
v -310.396 0.5 -268.97 
v -310.396 0.5 -129.131 
v -121.544 4.38148 -268.97 
v -121.544 4.38148 -129.131 
v -121.544 0.5 -268.97 
v -121.544 0.5 -129.131 

vn 0 0 1 
vn 0 0 1 
vn 0 0 1 
vn 0 0 1 
vn 0 1 0 
vn 0 1 0 
vn 0 1 0 
vn 0 1 0 
vn -1 0 0 
vn -1 0 0 
vn -1 0 0 
vn -1 0 0 
vn 0 0 -1 
vn 0 0 -1 
vn 0 0 -1 
vn 0 0 -1 
vn 0 -1 0 
vn 0 -1 0 
vn 0 -1 0 
vn 0 -1 0 
vn 1 0 0 
vn 1 0 0 
vn 1 0 0 
vn 1 0 0 

vt 16.4901 -13.8941 
vt -2.39512 -13.8941 
vt 16.4901 -14.2823 
vt -2.39512 -14.2823 
vt 11.5888 -13.8941 
vt -2.39512 -13.8941 
vt 11.5888 -32.7793 
vt -2.39512 -32.7793 
vt 11.5888 -13.8941 
vt -2.39512 -13.8941 
vt 11.5888 -14.2823 
vt -2.39512 -14.2823 
vt 16.4901 -13.8941 
vt -2.39512 -13.8941 
vt 16.4901 -14.2823 
vt -2.39512 -14.2823 
vt 11.5888 -13.8941 
vt -2.39512 -13.8941 
vt 11.5888 -32.7793 
vt -2.39512 -32.7793 
vt 11.5888 -13.8941 
vt -2.39512 -13.8941 
vt 11.5888 -14.2823 
vt -2.39512 -14.2823 

usemtl Part11Mtl

f 2977/2977/2977 2978/2978/2978 2979/2979/2979 
f 2979/2979/2979 2978/2978/2978 2980/2980/2980 
f 2981/2981/2981 2982/2982/2982 2983/2983/2983 
f 2983/2983/2983 2982/2982/2982 2984/2984/2984 
f 2985/2985/2985 2986/2986/2986 2987/2987/2987 
f 2987/2987/2987 2986/2986/2986 2988/2988/2988 
f 2989/2989/2989 2990/2990/2990 2991/2991/2991 
f 2991/2991/2991 2990/2990/2990 2992/2992/2992 
f 2993/2993/2993 2994/2994/2994 2995/2995/2995 
f 2995/2995/2995 2994/2994/2994 2996/2996/2996 
f 2997/2997/2997 2998/2998/2998 2999/2999/2999 
f 2999/2999/2999 2998/2998/2998 3000/3000/3000 

g Part126

v -307.889 5.38124 -130.125 
v -307.889 5.38124 -262.477 
v -307.889 4.38124 -130.125 
v -307.889 4.38124 -262.477 
v -122.55 5.38124 -262.477 
v -307.889 5.38124 -262.477 
v -122.55 5.38124 -130.125 
v -307.889 5.38124 -130.125 
v -307.889 5.38124 -262.477 
v -122.55 5.38124 -262.477 
v -307.889 4.38124 -262.477 
v -122.55 4.38124 -262.477 
v -122.55 5.38124 -262.477 
v -122.55 5.38124 -130.125 
v -122.55 4.38124 -262.477 
v -122.55 4.38124 -130.125 
v -122.55 4.38124 -130.125 
v -307.889 4.38124 -130.125 
v -122.55 4.38124 -262.477 
v -307.889 4.38124 -262.477 
v -122.55 5.38124 -130.125 
v -307.889 5.38124 -130.125 
v -122.55 4.38124 -130.125 
v -307.889 4.38124 -130.125 

vn -1 0 0 
vn -1 0 0 
vn -1 0 0 
vn -1 0 0 
vn 0 1 0 
vn 0 1 0 
vn 0 1 0 
vn 0 1 0 
vn 0 0 -1 
vn 0 0 -1 
vn 0 0 -1 
vn 0 0 -1 
vn 1 0 0 
vn 1 0 0 
vn 1 0 0 
vn 1 0 0 
vn 0 -1 0 
vn 0 -1 0 
vn 0 -1 0 
vn 0 -1 0 
vn 0 0 1 
vn 0 0 1 
vn 0 0 1 
vn 0 0 1 

vt 29.0767 -8.48333 
vt 15.8415 -8.48333 
vt 29.0767 -8.58333 
vt 15.8415 -8.58333 
vt 34.3754 -8.48333 
vt 15.8415 -8.48333 
vt 34.3754 -21.7186 
vt 15.8415 -21.7186 
vt 34.3754 -8.48333 
vt 15.8415 -8.48333 
vt 34.3754 -8.58333 
vt 15.8415 -8.58333 
vt 29.0767 -8.48333 
vt 15.8415 -8.48333 
vt 29.0767 -8.58333 
vt 15.8415 -8.58333 
vt 34.3754 -8.48333 
vt 15.8415 -8.48333 
vt 34.3754 -21.7186 
vt 15.8415 -21.7186 
vt 34.3754 -8.48333 
vt 15.8415 -8.48333 
vt 34.3754 -8.58333 
vt 15.8415 -8.58333 

usemtl Part17Mtl

f 3001/3001/3001 3002/3002/3002 3003/3003/3003 
f 3003/3003/3003 3002/3002/3002 3004/3004/3004 
f 3005/3005/3005 3006/3006/3006 3007/3007/3007 
f 3007/3007/3007 3006/3006/3006 3008/3008/3008 
f 3009/3009/3009 3010/3010/3010 3011/3011/3011 
f 3011/3011/3011 3010/3010/3010 3012/3012/3012 
f 3013/3013/3013 3014/3014/3014 3015/3015/3015 
f 3015/3015/3015 3014/3014/3014 3016/3016/3016 
f 3017/3017/3017 3018/3018/3018 3019/3019/3019 
f 3019/3019/3019 3018/3018/3018 3020/3020/3020 
f 3021/3021/3021 3022/3022/3022 3023/3023/3023 
f 3023/3023/3023 3022/3022/3022 3024/3024/3024 

g Part127

v 233.091 2.81898 131.358 
v 233.091 2.81898 135.698 
v 233.091 0.5 131.358 
v 233.091 0.5 135.698 
v 226.927 2.81898 135.698 
v 233.091 2.81898 135.698 
v 226.927 2.81898 131.358 
v 233.091 2.81898 131.358 
v 233.091 2.81898 135.698 
v 226.927 2.81898 135.698 
v 233.091 0.5 135.698 
v 226.927 0.5 135.698 
v 226.927 2.81898 135.698 
v 226.927 2.81898 131.358 
v 226.927 0.5 135.698 
v 226.927 0.5 131.358 
v 226.927 0.5 131.358 
v 233.091 0.5 131.358 
v 226.927 0.5 135.698 
v 233.091 0.5 135.698 
v 226.927 2.81898 131.358 
v 233.091 2.81898 131.358 
v 226.927 0.5 131.358 
v 233.091 0.5 131.358 

vn 1 0 0 
vn 1 0 0 
vn 1 0 0 
vn 1 0 0 
vn 0 1 0 
vn 0 1 0 
vn 0 1 0 
vn 0 1 0 
vn 0 0 1 
vn 0 0 1 
vn 0 0 1 
vn 0 0 1 
vn -1 0 0 
vn -1 0 0 
vn -1 0 0 
vn -1 0 0 
vn 0 -1 0 
vn 0 -1 0 
vn 0 -1 0 
vn 0 -1 0 
vn 0 0 -1 
vn 0 0 -1 
vn 0 0 -1 
vn 0 0 -1 

vt -0.144905 1.1388 
vt -0.578882 1.1388 
vt -0.144905 0.906897 
vt -0.578882 0.906897 
vt 0.0375155 1.1388 
vt -0.578882 1.1388 
vt 0.0375155 0.704819 
vt -0.578882 0.704819 
vt 0.0375155 1.1388 
vt -0.578882 1.1388 
vt 0.0375155 0.906897 
vt -0.578882 0.906897 
vt -0.144905 1.1388 
vt -0.578882 1.1388 
vt -0.144905 0.906897 
vt -0.578882 0.906897 
vt 0.0375155 1.1388 
vt -0.578882 1.1388 
vt 0.0375155 0.704819 
vt -0.578882 0.704819 
vt 0.0375155 1.1388 
vt -0.578882 1.1388 
vt 0.0375155 0.906897 
vt -0.578882 0.906897 

usemtl Part16Mtl

f 3025/3025/3025 3026/3026/3026 3027/3027/3027 
f 3027/3027/3027 3026/3026/3026 3028/3028/3028 
f 3029/3029/3029 3030/3030/3030 3031/3031/3031 
f 3031/3031/3031 3030/3030/3030 3032/3032/3032 
f 3033/3033/3033 3034/3034/3034 3035/3035/3035 
f 3035/3035/3035 3034/3034/3034 3036/3036/3036 
f 3037/3037/3037 3038/3038/3038 3039/3039/3039 
f 3039/3039/3039 3038/3038/3038 3040/3040/3040 
f 3041/3041/3041 3042/3042/3042 3043/3043/3043 
f 3043/3043/3043 3042/3042/3042 3044/3044/3044 
f 3045/3045/3045 3046/3046/3046 3047/3047/3047 
f 3047/3047/3047 3046/3046/3046 3048/3048/3048 

g Part128

v 231.933 8.81898 135.814 
v 231.933 8.81898 144.154 
v 231.933 0.5 135.814 
v 231.933 0.5 144.154 
v 224.769 8.81898 144.154 
v 231.933 8.81898 144.154 
v 224.769 8.81898 135.814 
v 231.933 8.81898 135.814 
v 231.933 8.81898 144.154 
v 224.769 8.81898 144.154 
v 231.933 0.5 144.154 
v 224.769 0.5 144.154 
v 224.769 8.81898 144.154 
v 224.769 8.81898 135.814 
v 224.769 0.5 144.154 
v 224.769 0.5 135.814 
v 224.769 0.5 135.814 
v 231.933 0.5 135.814 
v 224.769 0.5 144.154 
v 231.933 0.5 144.154 
v 224.769 8.81898 135.814 
v 231.933 8.81898 135.814 
v 224.769 0.5 135.814 
v 231.933 0.5 135.814 

vn 1 0 0 
vn 1 0 0 
vn 1 0 0 
vn 1 0 0 
vn 0 1 0 
vn 0 1 0 
vn 0 1 0 
vn 0 1 0 
vn 0 0 1 
vn 0 0 1 
vn 0 0 1 
vn 0 0 1 
vn -1 0 0 
vn -1 0 0 
vn -1 0 0 
vn -1 0 0 
vn 0 -1 0 
vn 0 -1 0 
vn 0 -1 0 
vn 0 -1 0 
vn 0 0 -1 
vn 0 0 -1 
vn 0 0 -1 
vn 0 0 -1 

vt 0.512922 0.0430605 
vt -0.321054 0.0430605 
vt 0.512922 -0.788838 
vt -0.321054 -0.788838 
vt 0.395343 0.0430605 
vt -0.321054 0.0430605 
vt 0.395343 -0.790916 
vt -0.321054 -0.790916 
vt 0.395343 0.0430605 
vt -0.321054 0.0430605 
vt 0.395343 -0.788838 
vt -0.321054 -0.788838 
vt 0.512922 0.0430605 
vt -0.321054 0.0430605 
vt 0.512922 -0.788838 
vt -0.321054 -0.788838 
vt 0.395343 0.0430605 
vt -0.321054 0.0430605 
vt 0.395343 -0.790916 
vt -0.321054 -0.790916 
vt 0.395343 0.0430605 
vt -0.321054 0.0430605 
vt 0.395343 -0.788838 
vt -0.321054 -0.788838 

usemtl Part16Mtl

f 3049/3049/3049 3050/3050/3050 3051/3051/3051 
f 3051/3051/3051 3050/3050/3050 3052/3052/3052 
f 3053/3053/3053 3054/3054/3054 3055/3055/3055 
f 3055/3055/3055 3054/3054/3054 3056/3056/3056 
f 3057/3057/3057 3058/3058/3058 3059/3059/3059 
f 3059/3059/3059 3058/3058/3058 3060/3060/3060 
f 3061/3061/3061 3062/3062/3062 3063/3063/3063 
f 3063/3063/3063 3062/3062/3062 3064/3064/3064 
f 3065/3065/3065 3066/3066/3066 3067/3067/3067 
f 3067/3067/3067 3066/3066/3066 3068/3068/3068 
f 3069/3069/3069 3070/3070/3070 3071/3071/3071 
f 3071/3071/3071 3070/3070/3070 3072/3072/3072 

g Part129

v -174.862 40.2532 -251.359 
v -301.174 40.2532 -178.433 
v -174.862 4.37176 -251.359 
v -301.174 4.37176 -178.433 
v -342.093 40.2532 -249.308 
v -301.174 40.2532 -178.433 
v -215.781 40.2532 -322.234 
v -174.862 40.2532 -251.359 
v -301.174 40.2532 -178.433 
v -342.093 40.2532 -249.308 
v -301.174 4.37176 -178.433 
v -342.093 4.37176 -249.308 
v -342.093 40.2532 -249.308 
v -215.781 40.2532 -322.234 
v -342.093 4.37176 -249.308 
v -215.781 4.37176 -322.234 
v -215.781 4.37176 -322.234 
v -174.862 4.37176 -251.359 
v -342.093 4.37176 -249.308 
v -301.174 4.37176 -178.433 
v -215.781 40.2532 -322.234 
v -174.862 40.2532 -251.359 
v -215.781 4.37176 -322.234 
v -174.862 4.37176 -251.359 

vn 0.503937 0 0.866142 
vn 0.503937 0 0.866142 
vn 0.503937 0 0.866142 
vn 0.503937 0 0.866142 
vn 0 1 0 
vn 0 1 0 
vn 0 1 0 
vn 0 1 0 
vn -0.866142 0 0.503937 
vn -0.866142 0 0.503937 
vn -0.866142 0 0.503937 
vn -0.866142 0 0.503937 
vn -0.503937 0 -0.866142 
vn -0.503937 0 -0.866142 
vn -0.503937 0 -0.866142 
vn -0.503937 0 -0.866142 
vn 0 -1 0 
vn 0 -1 0 
vn 0 -1 0 
vn 0 -1 0 
vn 0.866142 0 -0.503937 
vn 0.866142 0 -0.503937 
vn 0.866142 0 -0.503937 
vn 0.866142 0 -0.503937 

vt 22.6262 3.85296 
vt 8.04095 3.85296 
vt 22.6262 0.264816 
vt 8.04095 0.264816 
vt 16.2248 3.85296 
vt 8.04095 3.85296 
vt 16.2248 -10.7323 
vt 8.04095 -10.7323 
vt 16.2248 3.85296 
vt 8.04095 3.85296 
vt 16.2248 0.264816 
vt 8.04095 0.264816 
vt 22.6262 3.85296 
vt 8.04095 3.85296 
vt 22.6262 0.264816 
vt 8.04095 0.264816 
vt 16.2248 3.85296 
vt 8.04095 3.85296 
vt 16.2248 -10.7323 
vt 8.04095 -10.7323 
vt 16.2248 3.85296 
vt 8.04095 3.85296 
vt 16.2248 0.264816 
vt 8.04095 0.264816 

usemtl Part11Mtl

f 3073/3073/3073 3074/3074/3074 3075/3075/3075 
f 3075/3075/3075 3074/3074/3074 3076/3076/3076 
f 3077/3077/3077 3078/3078/3078 3079/3079/3079 
f 3079/3079/3079 3078/3078/3078 3080/3080/3080 
f 3081/3081/3081 3082/3082/3082 3083/3083/3083 
f 3083/3083/3083 3082/3082/3082 3084/3084/3084 
f 3085/3085/3085 3086/3086/3086 3087/3087/3087 
f 3087/3087/3087 3086/3086/3086 3088/3088/3088 
f 3089/3089/3089 3090/3090/3090 3091/3091/3091 
f 3091/3091/3091 3090/3090/3090 3092/3092/3092 
f 3093/3093/3093 3094/3094/3094 3095/3095/3095 
f 3095/3095/3095 3094/3094/3094 3096/3096/3096 

g Part130

v -176.228 41.2532 -251.725 
v -300.808 41.2532 -179.799 
v -176.228 40.2528 -251.725 
v -300.808 40.2528 -179.799 
v -341.227 41.2532 -249.808 
v -300.808 41.2532 -179.799 
v -216.647 41.2532 -321.734 
v -176.228 41.2532 -251.725 
v -300.808 41.2532 -179.799 
v -341.227 41.2532 -249.808 
v -300.808 40.2528 -179.799 
v -341.227 40.2528 -249.808 
v -341.227 41.2532 -249.808 
v -216.647 41.2532 -321.734 
v -341.227 40.2528 -249.808 
v -216.647 40.2528 -321.734 
v -216.647 40.2528 -321.734 
v -176.228 40.2528 -251.725 
v -341.227 40.2528 -249.808 
v -300.808 40.2528 -179.799 
v -216.647 41.2532 -321.734 
v -176.228 41.2532 -251.725 
v -216.647 40.2528 -321.734 
v -176.228 40.2528 -251.725 

vn 0.503937 0 0.866142 
vn 0.503937 0 0.866142 
vn 0.503937 0 0.866142 
vn 0.503937 0 0.866142 
vn 0 1 0 
vn 0 1 0 
vn 0 1 0 
vn 0 1 0 
vn -0.866142 0 0.503937 
vn -0.866142 0 0.503937 
vn -0.866142 0 0.503937 
vn -0.866142 0 0.503937 
vn -0.503937 0 -0.866142 
vn -0.503937 0 -0.866142 
vn -0.503937 0 -0.866142 
vn -0.503937 0 -0.866142 
vn 0 -1 0 
vn 0 -1 0 
vn 0 -1 0 
vn 0 -1 0 
vn 0.866142 0 -0.503937 
vn 0.866142 0 -0.503937 
vn 0.866142 0 -0.503937 
vn 0.866142 0 -0.503937 

vt 6.98662 -6.53059 
vt -7.3986 -6.53059 
vt 6.98662 -6.63064 
vt -7.3986 -6.63064 
vt 0.685294 -6.53059 
vt -7.3986 -6.53059 
vt 0.685294 -20.9158 
vt -7.3986 -20.9158 
vt 0.685294 -6.53059 
vt -7.3986 -6.53059 
vt 0.685294 -6.63064 
vt -7.3986 -6.63064 
vt 6.98662 -6.53059 
vt -7.3986 -6.53059 
vt 6.98662 -6.63064 
vt -7.3986 -6.63064 
vt 0.685294 -6.53059 
vt -7.3986 -6.53059 
vt 0.685294 -20.9158 
vt -7.3986 -20.9158 
vt 0.685294 -6.53059 
vt -7.3986 -6.53059 
vt 0.685294 -6.63064 
vt -7.3986 -6.63064 

usemtl Part17Mtl

f 3097/3097/3097 3098/3098/3098 3099/3099/3099 
f 3099/3099/3099 3098/3098/3098 3100/3100/3100 
f 3101/3101/3101 3102/3102/3102 3103/3103/3103 
f 3103/3103/3103 3102/3102/3102 3104/3104/3104 
f 3105/3105/3105 3106/3106/3106 3107/3107/3107 
f 3107/3107/3107 3106/3106/3106 3108/3108/3108 
f 3109/3109/3109 3110/3110/3110 3111/3111/3111 
f 3111/3111/3111 3110/3110/3110 3112/3112/3112 
f 3113/3113/3113 3114/3114/3114 3115/3115/3115 
f 3115/3115/3115 3114/3114/3114 3116/3116/3116 
f 3117/3117/3117 3118/3118/3118 3119/3119/3119 
f 3119/3119/3119 3118/3118/3118 3120/3120/3120 

g Part131

v -289.25 19.7005 -155.155 
v -315.658 19.7005 -162.231 
v -289.25 5.38148 -155.155 
v -315.658 5.38148 -162.231 
v -306.04 19.7005 -198.128 
v -315.658 19.7005 -162.231 
v -279.631 19.7005 -191.052 
v -289.25 19.7005 -155.155 
v -315.658 19.7005 -162.231 
v -306.04 19.7005 -198.128 
v -315.658 5.38148 -162.231 
v -306.04 5.38148 -198.128 
v -306.04 19.7005 -198.128 
v -279.631 19.7005 -191.052 
v -306.04 5.38148 -198.128 
v -279.631 5.38148 -191.052 
v -279.631 5.38148 -191.052 
v -289.25 5.38148 -155.155 
v -306.04 5.38148 -198.128 
v -315.658 5.38148 -162.231 
v -279.631 19.7005 -191.052 
v -289.25 19.7005 -155.155 
v -279.631 5.38148 -191.052 
v -289.25 5.38148 -155.155 

vn -0.259843 0 0.968504 
vn -0.259843 0 0.968504 
vn -0.259843 0 0.968504 
vn -0.259843 0 0.968504 
vn 0 1 0 
vn 0 1 0 
vn 0 1 0 
vn 0 1 0 
vn -0.968504 0 -0.259843 
vn -0.968504 0 -0.259843 
vn -0.968504 0 -0.259843 
vn -0.968504 0 -0.259843 
vn 0.259843 0 -0.968504 
vn 0.259843 0 -0.968504 
vn 0.259843 0 -0.968504 
vn 0.259843 0 -0.968504 
vn 0 -1 0 
vn 0 -1 0 
vn 0 -1 0 
vn 0 -1 0 
vn 0.968504 0 0.259843 
vn 0.968504 0 0.259843 
vn 0.968504 0 0.259843 
vn 0.968504 0 0.259843 

vt 0.150018 -2.28103 
vt -2.58396 -2.28103 
vt 0.150018 -3.71293 
vt -2.58396 -3.71293 
vt 1.13244 -2.28103 
vt -2.58396 -2.28103 
vt 1.13244 -5.015 
vt -2.58396 -5.015 
vt 1.13244 -2.28103 
vt -2.58396 -2.28103 
vt 1.13244 -3.71293 
vt -2.58396 -3.71293 
vt 0.150018 -2.28103 
vt -2.58396 -2.28103 
vt 0.150018 -3.71293 
vt -2.58396 -3.71293 
vt 1.13244 -2.28103 
vt -2.58396 -2.28103 
vt 1.13244 -5.015 
vt -2.58396 -5.015 
vt 1.13244 -2.28103 
vt -2.58396 -2.28103 
vt 1.13244 -3.71293 
vt -2.58396 -3.71293 

usemtl Part12Mtl

f 3121/3121/3121 3122/3122/3122 3123/3123/3123 
f 3123/3123/3123 3122/3122/3122 3124/3124/3124 
f 3125/3125/3125 3126/3126/3126 3127/3127/3127 
f 3127/3127/3127 3126/3126/3126 3128/3128/3128 
f 3129/3129/3129 3130/3130/3130 3131/3131/3131 
f 3131/3131/3131 3130/3130/3130 3132/3132/3132 
f 3133/3133/3133 3134/3134/3134 3135/3135/3135 
f 3135/3135/3135 3134/3134/3134 3136/3136/3136 
f 3137/3137/3137 3138/3138/3138 3139/3139/3139 
f 3139/3139/3139 3138/3138/3138 3140/3140/3140 
f 3141/3141/3141 3142/3142/3142 3143/3143/3143 
f 3143/3143/3143 3142/3142/3142 3144/3144/3144 

g Part132

v -153.202 12.2532 -233.843 
v -224.088 12.2532 -192.917 
v -153.202 4.37176 -233.843 
v -224.088 4.37176 -192.917 
v -232.088 12.2532 -206.774 
v -224.088 12.2532 -192.917 
v -161.202 12.2532 -247.7 
v -153.202 12.2532 -233.843 
v -224.088 12.2532 -192.917 
v -232.088 12.2532 -206.774 
v -224.088 4.37176 -192.917 
v -232.088 4.37176 -206.774 
v -232.088 12.2532 -206.774 
v -161.202 12.2532 -247.7 
v -232.088 4.37176 -206.774 
v -161.202 4.37176 -247.7 
v -161.202 4.37176 -247.7 
v -153.202 4.37176 -233.843 
v -232.088 4.37176 -206.774 
v -224.088 4.37176 -192.917 
v -161.202 12.2532 -247.7 
v -153.202 12.2532 -233.843 
v -161.202 4.37176 -247.7 
v -153.202 4.37176 -233.843 

vn 0.503937 0 0.866142 
vn 0.503937 0 0.866142 
vn 0.503937 0 0.866142 
vn 0.503937 0 0.866142 
vn 0 1 0 
vn 0 1 0 
vn 0 1 0 
vn 0 1 0 
vn -0.866142 0 0.503937 
vn -0.866142 0 0.503937 
vn -0.866142 0 0.503937 
vn -0.866142 0 0.503937 
vn -0.503937 0 -0.866142 
vn -0.503937 0 -0.866142 
vn -0.503937 0 -0.866142 
vn -0.503937 0 -0.866142 
vn 0 -1 0 
vn 0 -1 0 
vn 0 -1 0 
vn 0 -1 0 
vn 0.866142 0 -0.503937 
vn 0.866142 0 -0.503937 
vn 0.866142 0 -0.503937 
vn 0.866142 0 -0.503937 

vt 6.2983 -1.03209 
vt -1.88693 -1.03209 
vt 6.2983 -1.82024 
vt -1.88693 -1.82024 
vt -0.286782 -1.03209 
vt -1.88693 -1.03209 
vt -0.286782 -9.21732 
vt -1.88693 -9.21732 
vt -0.286782 -1.03209 
vt -1.88693 -1.03209 
vt -0.286782 -1.82024 
vt -1.88693 -1.82024 
vt 6.2983 -1.03209 
vt -1.88693 -1.03209 
vt 6.2983 -1.82024 
vt -1.88693 -1.82024 
vt -0.286782 -1.03209 
vt -1.88693 -1.03209 
vt -0.286782 -9.21732 
vt -1.88693 -9.21732 
vt -0.286782 -1.03209 
vt -1.88693 -1.03209 
vt -0.286782 -1.82024 
vt -1.88693 -1.82024 

usemtl Part132Mtl

f 3145/3145/3145 3146/3146/3146 3147/3147/3147 
f 3147/3147/3147 3146/3146/3146 3148/3148/3148 
f 3149/3149/3149 3150/3150/3150 3151/3151/3151 
f 3151/3151/3151 3150/3150/3150 3152/3152/3152 
f 3153/3153/3153 3154/3154/3154 3155/3155/3155 
f 3155/3155/3155 3154/3154/3154 3156/3156/3156 
f 3157/3157/3157 3158/3158/3158 3159/3159/3159 
f 3159/3159/3159 3158/3158/3158 3160/3160/3160 
f 3161/3161/3161 3162/3162/3162 3163/3163/3163 
f 3163/3163/3163 3162/3162/3162 3164/3164/3164 
f 3165/3165/3165 3166/3166/3166 3167/3167/3167 
f 3167/3167/3167 3166/3166/3166 3168/3168/3168 

g Part133

v -286.405 63.7005 -175.262 
v -313.78 63.7005 -182.597 
v -286.405 5.38148 -175.262 
v -313.78 5.38148 -182.597 
v -309.337 63.7005 -199.176 
v -313.78 63.7005 -182.597 
v -281.963 63.7005 -191.841 
v -286.405 63.7005 -175.262 
v -313.78 63.7005 -182.597 
v -309.337 63.7005 -199.176 
v -313.78 5.38148 -182.597 
v -309.337 5.38148 -199.176 
v -309.337 63.7005 -199.176 
v -281.963 63.7005 -191.841 
v -309.337 5.38148 -199.176 
v -281.963 5.38148 -191.841 
v -281.963 5.38148 -191.841 
v -286.405 5.38148 -175.262 
v -309.337 5.38148 -199.176 
v -313.78 5.38148 -182.597 
v -281.963 63.7005 -191.841 
v -286.405 63.7005 -175.262 
v -281.963 5.38148 -191.841 
v -286.405 5.38148 -175.262 

vn -0.259843 0 0.968504 
vn -0.259843 0 0.968504 
vn -0.259843 0 0.968504 
vn -0.259843 0 0.968504 
vn 0 1 0 
vn 0 1 0 
vn 0 1 0 
vn 0 1 0 
vn -0.968504 0 -0.259843 
vn -0.968504 0 -0.259843 
vn -0.968504 0 -0.259843 
vn -0.968504 0 -0.259843 
vn 0.259843 0 -0.968504 
vn 0.259843 0 -0.968504 
vn 0.259843 0 -0.968504 
vn 0.259843 0 -0.968504 
vn 0 -1 0 
vn 0 -1 0 
vn 0 -1 0 
vn 0 -1 0 
vn 0.968504 0 0.259843 
vn 0.968504 0 0.259843 
vn 0.968504 0 0.259843 
vn 0.968504 0 0.259843 

vt 1.53665 3.97441 
vt -1.29733 3.97441 
vt 1.53665 -1.85749 
vt -1.29733 -1.85749 
vt 0.41907 3.97441 
vt -1.29733 3.97441 
vt 0.41907 1.14043 
vt -1.29733 1.14043 
vt 0.41907 3.97441 
vt -1.29733 3.97441 
vt 0.41907 -1.85749 
vt -1.29733 -1.85749 
vt 1.53665 3.97441 
vt -1.29733 3.97441 
vt 1.53665 -1.85749 
vt -1.29733 -1.85749 
vt 0.41907 3.97441 
vt -1.29733 3.97441 
vt 0.41907 1.14043 
vt -1.29733 1.14043 
vt 0.41907 3.97441 
vt -1.29733 3.97441 
vt 0.41907 -1.85749 
vt -1.29733 -1.85749 

usemtl Part12Mtl

f 3169/3169/3169 3170/3170/3170 3171/3171/3171 
f 3171/3171/3171 3170/3170/3170 3172/3172/3172 
f 3173/3173/3173 3174/3174/3174 3175/3175/3175 
f 3175/3175/3175 3174/3174/3174 3176/3176/3176 
f 3177/3177/3177 3178/3178/3178 3179/3179/3179 
f 3179/3179/3179 3178/3178/3178 3180/3180/3180 
f 3181/3181/3181 3182/3182/3182 3183/3183/3183 
f 3183/3183/3183 3182/3182/3182 3184/3184/3184 
f 3185/3185/3185 3186/3186/3186 3187/3187/3187 
f 3187/3187/3187 3186/3186/3186 3188/3188/3188 
f 3189/3189/3189 3190/3190/3190 3191/3191/3191 
f 3191/3191/3191 3190/3190/3190 3192/3192/3192 

g Part134

v -280.469 15.7005 -172.472 
v -305.911 15.7005 -179.289 
v -280.469 5.38148 -172.472 
v -305.911 5.38148 -179.289 
v -300.175 15.7005 -200.698 
v -305.911 15.7005 -179.289 
v -274.733 15.7005 -193.881 
v -280.469 15.7005 -172.472 
v -305.911 15.7005 -179.289 
v -300.175 15.7005 -200.698 
v -305.911 5.38148 -179.289 
v -300.175 5.38148 -200.698 
v -300.175 15.7005 -200.698 
v -274.733 15.7005 -193.881 
v -300.175 5.38148 -200.698 
v -274.733 5.38148 -193.881 
v -274.733 5.38148 -193.881 
v -280.469 5.38148 -172.472 
v -300.175 5.38148 -200.698 
v -305.911 5.38148 -179.289 
v -274.733 15.7005 -193.881 
v -280.469 15.7005 -172.472 
v -274.733 5.38148 -193.881 
v -280.469 5.38148 -172.472 

vn -0.259843 0 0.968504 
vn -0.259843 0 0.968504 
vn -0.259843 0 0.968504 
vn -0.259843 0 0.968504 
vn 0 1 0 
vn 0 1 0 
vn 0 1 0 
vn 0 1 0 
vn -0.968504 0 -0.259843 
vn -0.968504 0 -0.259843 
vn -0.968504 0 -0.259843 
vn -0.968504 0 -0.259843 
vn 0.259843 0 -0.968504 
vn 0.259843 0 -0.968504 
vn 0.259843 0 -0.968504 
vn 0.259843 0 -0.968504 
vn 0 -1 0 
vn 0 -1 0 
vn 0 -1 0 
vn 0 -1 0 
vn 0.968504 0 0.259843 
vn 0.968504 0 0.259843 
vn 0.968504 0 0.259843 
vn 0.968504 0 0.259843 

vt 5.50224 -0.914332 
vt 2.86826 -0.914332 
vt 5.50224 -1.94623 
vt 2.86826 -1.94623 
vt 5.08466 -0.914332 
vt 2.86826 -0.914332 
vt 5.08466 -3.54831 
vt 2.86826 -3.54831 
vt 5.08466 -0.914332 
vt 2.86826 -0.914332 
vt 5.08466 -1.94623 
vt 2.86826 -1.94623 
vt 5.50224 -0.914332 
vt 2.86826 -0.914332 
vt 5.50224 -1.94623 
vt 2.86826 -1.94623 
vt 5.08466 -0.914332 
vt 2.86826 -0.914332 
vt 5.08466 -3.54831 
vt 2.86826 -3.54831 
vt 5.08466 -0.914332 
vt 2.86826 -0.914332 
vt 5.08466 -1.94623 
vt 2.86826 -1.94623 

usemtl Part12Mtl

f 3193/3193/3193 3194/3194/3194 3195/3195/3195 
f 3195/3195/3195 3194/3194/3194 3196/3196/3196 
f 3197/3197/3197 3198/3198/3198 3199/3199/3199 
f 3199/3199/3199 3198/3198/3198 3200/3200/3200 
f 3201/3201/3201 3202/3202/3202 3203/3203/3203 
f 3203/3203/3203 3202/3202/3202 3204/3204/3204 
f 3205/3205/3205 3206/3206/3206 3207/3207/3207 
f 3207/3207/3207 3206/3206/3206 3208/3208/3208 
f 3209/3209/3209 3210/3210/3210 3211/3211/3211 
f 3211/3211/3211 3210/3210/3210 3212/3212/3212 
f 3213/3213/3213 3214/3214/3214 3215/3215/3215 
f 3215/3215/3215 3214/3214/3214 3216/3216/3216 

g Part135

v -294.288 17.7005 -144.081 
v -318.764 17.7005 -150.64 
v -294.288 5.38148 -144.081 
v -318.764 5.38148 -150.64 
v -314.322 17.7005 -167.219 
v -318.764 17.7005 -150.64 
v -289.845 17.7005 -160.66 
v -294.288 17.7005 -144.081 
v -318.764 17.7005 -150.64 
v -314.322 17.7005 -167.219 
v -318.764 5.38148 -150.64 
v -314.322 5.38148 -167.219 
v -314.322 17.7005 -167.219 
v -289.845 17.7005 -160.66 
v -314.322 5.38148 -167.219 
v -289.845 5.38148 -160.66 
v -289.845 5.38148 -160.66 
v -294.288 5.38148 -144.081 
v -314.322 5.38148 -167.219 
v -318.764 5.38148 -150.64 
v -289.845 17.7005 -160.66 
v -294.288 17.7005 -144.081 
v -289.845 5.38148 -160.66 
v -294.288 5.38148 -144.081 

vn -0.259843 0 0.968504 
vn -0.259843 0 0.968504 
vn -0.259843 0 0.968504 
vn -0.259843 0 0.968504 
vn 0 1 0 
vn 0 1 0 
vn 0 1 0 
vn 0 1 0 
vn -0.968504 0 -0.259843 
vn -0.968504 0 -0.259843 
vn -0.968504 0 -0.259843 
vn -0.968504 0 -0.259843 
vn 0.259843 0 -0.968504 
vn 0.259843 0 -0.968504 
vn 0.259843 0 -0.968504 
vn 0.259843 0 -0.968504 
vn 0 -1 0 
vn 0 -1 0 
vn 0 -1 0 
vn 0 -1 0 
vn 0.968504 0 0.259843 
vn 0.968504 0 0.259843 
vn 0.968504 0 0.259843 
vn 0.968504 0 0.259843 

vt 5.2591 1.08296 
vt 2.72513 1.08296 
vt 5.2591 -0.148935 
vt 2.72513 -0.148935 
vt 4.44153 1.08296 
vt 2.72513 1.08296 
vt 4.44153 -1.45101 
vt 2.72513 -1.45101 
vt 4.44153 1.08296 
vt 2.72513 1.08296 
vt 4.44153 -0.148935 
vt 2.72513 -0.148935 
vt 5.2591 1.08296 
vt 2.72513 1.08296 
vt 5.2591 -0.148935 
vt 2.72513 -0.148935 
vt 4.44153 1.08296 
vt 2.72513 1.08296 
vt 4.44153 -1.45101 
vt 2.72513 -1.45101 
vt 4.44153 1.08296 
vt 2.72513 1.08296 
vt 4.44153 -0.148935 
vt 2.72513 -0.148935 

usemtl Part12Mtl

f 3217/3217/3217 3218/3218/3218 3219/3219/3219 
f 3219/3219/3219 3218/3218/3218 3220/3220/3220 
f 3221/3221/3221 3222/3222/3222 3223/3223/3223 
f 3223/3223/3223 3222/3222/3222 3224/3224/3224 
f 3225/3225/3225 3226/3226/3226 3227/3227/3227 
f 3227/3227/3227 3226/3226/3226 3228/3228/3228 
f 3229/3229/3229 3230/3230/3230 3231/3231/3231 
f 3231/3231/3231 3230/3230/3230 3232/3232/3232 
f 3233/3233/3233 3234/3234/3234 3235/3235/3235 
f 3235/3235/3235 3234/3234/3234 3236/3236/3236 
f 3237/3237/3237 3238/3238/3238 3239/3239/3239 
f 3239/3239/3239 3238/3238/3238 3240/3240/3240 

g Part136

v -288.527 71.7005 -178.936 
v -299.48 71.7005 -181.871 
v -288.527 63.3815 -178.936 
v -299.48 63.3815 -181.871 
v -296.85 71.7005 -191.689 
v -299.48 71.7005 -181.871 
v -285.896 71.7005 -188.754 
v -288.527 71.7005 -178.936 
v -299.48 71.7005 -181.871 
v -296.85 71.7005 -191.689 
v -299.48 63.3815 -181.871 
v -296.85 63.3815 -191.689 
v -296.85 71.7005 -191.689 
v -285.896 71.7005 -188.754 
v -296.85 63.3815 -191.689 
v -285.896 63.3815 -188.754 
v -285.896 63.3815 -188.754 
v -288.527 63.3815 -178.936 
v -296.85 63.3815 -191.689 
v -299.48 63.3815 -181.871 
v -285.896 71.7005 -188.754 
v -288.527 71.7005 -178.936 
v -285.896 63.3815 -188.754 
v -288.527 63.3815 -178.936 

vn -0.259843 0 0.968504 
vn -0.259843 0 0.968504 
vn -0.259843 0 0.968504 
vn -0.259843 0 0.968504 
vn 0 1 0 
vn 0 1 0 
vn 0 1 0 
vn 0 1 0 
vn -0.968504 0 -0.259843 
vn -0.968504 0 -0.259843 
vn -0.968504 0 -0.259843 
vn -0.968504 0 -0.259843 
vn 0.259843 0 -0.968504 
vn 0.259843 0 -0.968504 
vn 0.259843 0 -0.968504 
vn 0.259843 0 -0.968504 
vn 0 -1 0 
vn 0 -1 0 
vn 0 -1 0 
vn 0 -1 0 
vn 0.968504 0 0.259843 
vn 0.968504 0 0.259843 
vn 0.968504 0 0.259843 
vn 0.968504 0 0.259843 

vt 0.732062 0.555791 
vt -0.401915 0.555791 
vt 0.732062 -0.276108 
vt -0.401915 -0.276108 
vt 0.614482 0.555791 
vt -0.401915 0.555791 
vt 0.614482 -0.578186 
vt -0.401915 -0.578186 
vt 0.614482 0.555791 
vt -0.401915 0.555791 
vt 0.614482 -0.276108 
vt -0.401915 -0.276108 
vt 0.732062 0.555791 
vt -0.401915 0.555791 
vt 0.732062 -0.276108 
vt -0.401915 -0.276108 
vt 0.614482 0.555791 
vt -0.401915 0.555791 
vt 0.614482 -0.578186 
vt -0.401915 -0.578186 
vt 0.614482 0.555791 
vt -0.401915 0.555791 
vt 0.614482 -0.276108 
vt -0.401915 -0.276108 

usemtl Part16Mtl

f 3241/3241/3241 3242/3242/3242 3243/3243/3243 
f 3243/3243/3243 3242/3242/3242 3244/3244/3244 
f 3245/3245/3245 3246/3246/3246 3247/3247/3247 
f 3247/3247/3247 3246/3246/3246 3248/3248/3248 
f 3249/3249/3249 3250/3250/3250 3251/3251/3251 
f 3251/3251/3251 3250/3250/3250 3252/3252/3252 
f 3253/3253/3253 3254/3254/3254 3255/3255/3255 
f 3255/3255/3255 3254/3254/3254 3256/3256/3256 
f 3257/3257/3257 3258/3258/3258 3259/3259/3259 
f 3259/3259/3259 3258/3258/3258 3260/3260/3260 
f 3261/3261/3261 3262/3262/3262 3263/3263/3263 
f 3263/3263/3263 3262/3262/3262 3264/3264/3264 

g Part137

v -290.2 71.7005 -180.42 
v -297.29 71.7005 -182.319 
v -290.2 63.3815 -180.42 
v -297.29 63.3815 -182.319 
v -295.177 71.7005 -190.205 
v -297.29 71.7005 -182.319 
v -288.087 71.7005 -188.305 
v -290.2 71.7005 -180.42 
v -297.29 71.7005 -182.319 
v -295.177 71.7005 -190.205 
v -297.29 63.3815 -182.319 
v -295.177 63.3815 -190.205 
v -295.177 71.7005 -190.205 
v -288.087 71.7005 -188.305 
v -295.177 63.3815 -190.205 
v -288.087 63.3815 -188.305 
v -288.087 63.3815 -188.305 
v -290.2 63.3815 -180.42 
v -295.177 63.3815 -190.205 
v -297.29 63.3815 -182.319 
v -288.087 71.7005 -188.305 
v -290.2 71.7005 -180.42 
v -288.087 63.3815 -188.305 
v -290.2 63.3815 -180.42 

vn -0.259843 0 0.968504 
vn -0.259843 0 0.968504 
vn -0.259843 0 0.968504 
vn -0.259843 0 0.968504 
vn 0 1 0 
vn 0 1 0 
vn 0 1 0 
vn 0 1 0 
vn -0.968504 0 -0.259843 
vn -0.968504 0 -0.259843 
vn -0.968504 0 -0.259843 
vn -0.968504 0 -0.259843 
vn 0.259843 0 -0.968504 
vn 0.259843 0 -0.968504 
vn 0.259843 0 -0.968504 
vn 0.259843 0 -0.968504 
vn 0 -1 0 
vn 0 -1 0 
vn 0 -1 0 
vn 0 -1 0 
vn 0.968504 0 0.259843 
vn 0.968504 0 0.259843 
vn 0.968504 0 0.259843 
vn 0.968504 0 0.259843 

vt 1.8325 0.15497 
vt 1.09853 0.15497 
vt 1.8325 -0.676929 
vt 1.09853 -0.676929 
vt 1.91492 0.15497 
vt 1.09853 0.15497 
vt 1.91492 -0.579006 
vt 1.09853 -0.579006 
vt 1.91492 0.15497 
vt 1.09853 0.15497 
vt 1.91492 -0.676929 
vt 1.09853 -0.676929 
vt 1.8325 0.15497 
vt 1.09853 0.15497 
vt 1.8325 -0.676929 
vt 1.09853 -0.676929 
vt 1.91492 0.15497 
vt 1.09853 0.15497 
vt 1.91492 -0.579006 
vt 1.09853 -0.579006 
vt 1.91492 0.15497 
vt 1.09853 0.15497 
vt 1.91492 -0.676929 
vt 1.09853 -0.676929 

usemtl Part16Mtl

f 3265/3265/3265 3266/3266/3266 3267/3267/3267 
f 3267/3267/3267 3266/3266/3266 3268/3268/3268 
f 3269/3269/3269 3270/3270/3270 3271/3271/3271 
f 3271/3271/3271 3270/3270/3270 3272/3272/3272 
f 3273/3273/3273 3274/3274/3274 3275/3275/3275 
f 3275/3275/3275 3274/3274/3274 3276/3276/3276 
f 3277/3277/3277 3278/3278/3278 3279/3279/3279 
f 3279/3279/3279 3278/3278/3278 3280/3280/3280 
f 3281/3281/3281 3282/3282/3282 3283/3283/3283 
f 3283/3283/3283 3282/3282/3282 3284/3284/3284 
f 3285/3285/3285 3286/3286/3286 3287/3287/3287 
f 3287/3287/3287 3286/3286/3286 3288/3288/3288 

g Part138

v -287.132 75.235 -179.598 
v -293.272 78.9049 -181.243 
v -291.15 68.0306 -180.674 
v -297.29 71.7005 -182.319 
v -291.159 78.9049 -189.128 
v -293.272 78.9049 -181.243 
v -285.019 75.235 -187.483 
v -287.132 75.235 -179.598 
v -293.272 78.9049 -181.243 
v -291.159 78.9049 -189.128 
v -297.29 71.7005 -182.319 
v -295.177 71.7005 -190.205 
v -291.159 78.9049 -189.128 
v -285.019 75.235 -187.483 
v -295.177 71.7005 -190.205 
v -289.037 68.0306 -188.56 
v -289.037 68.0306 -188.56 
v -291.15 68.0306 -180.674 
v -295.177 71.7005 -190.205 
v -297.29 71.7005 -182.319 
v -285.019 75.235 -187.483 
v -287.132 75.235 -179.598 
v -289.037 68.0306 -188.56 
v -291.15 68.0306 -180.674 

vn -0.259843 0 0.968504 
vn -0.259843 0 0.968504 
vn -0.259843 0 0.968504 
vn -0.259843 0 0.968504 
vn 0.480315 0.866142 0.125984 
vn 0.480315 0.866142 0.125984 
vn 0.480315 0.866142 0.125984 
vn 0.480315 0.866142 0.125984 
vn -0.834646 0.503937 -0.220472 
vn -0.834646 0.503937 -0.220472 
vn -0.834646 0.503937 -0.220472 
vn -0.834646 0.503937 -0.220472 
vn 0.259843 0 -0.968504 
vn 0.259843 0 -0.968504 
vn 0.259843 0 -0.968504 
vn 0.259843 0 -0.968504 
vn -0.480315 -0.866142 -0.125984 
vn -0.480315 -0.866142 -0.125984 
vn -0.480315 -0.866142 -0.125984 
vn -0.480315 -0.866142 -0.125984 
vn 0.834646 -0.496063 0.220472 
vn 0.834646 -0.496063 0.220472 
vn 0.834646 -0.496063 0.220472 
vn 0.834646 -0.496063 0.220472 

vt 0.438999 1.52192 
vt -0.294978 1.52192 
vt 0.438999 0.690026 
vt -0.294978 0.690026 
vt 0.521419 1.52192 
vt -0.294978 1.52192 
vt 0.521419 0.787948 
vt -0.294978 0.787948 
vt 0.521419 1.52192 
vt -0.294978 1.52192 
vt 0.521419 0.690026 
vt -0.294978 0.690026 
vt 0.438999 1.52192 
vt -0.294978 1.52192 
vt 0.438999 0.690026 
vt -0.294978 0.690026 
vt 0.521419 1.52192 
vt -0.294978 1.52192 
vt 0.521419 0.787948 
vt -0.294978 0.787948 
vt 0.521419 1.52192 
vt -0.294978 1.52192 
vt 0.521419 0.690026 
vt -0.294978 0.690026 

usemtl Part12Mtl

f 3289/3289/3289 3290/3290/3290 3291/3291/3291 
f 3291/3291/3291 3290/3290/3290 3292/3292/3292 
f 3293/3293/3293 3294/3294/3294 3295/3295/3295 
f 3295/3295/3295 3294/3294/3294 3296/3296/3296 
f 3297/3297/3297 3298/3298/3298 3299/3299/3299 
f 3299/3299/3299 3298/3298/3298 3300/3300/3300 
f 3301/3301/3301 3302/3302/3302 3303/3303/3303 
f 3303/3303/3303 3302/3302/3302 3304/3304/3304 
f 3305/3305/3305 3306/3306/3306 3307/3307/3307 
f 3307/3307/3307 3306/3306/3306 3308/3308/3308 
f 3309/3309/3309 3310/3310/3310 3311/3311/3311 
f 3311/3311/3311 3310/3310/3310 3312/3312/3312 

g Part139

v -285.218 81.0882 -178.144 
v -289.685 83.7581 -179.341 
v -288.542 74.1293 -181.263 
v -293.009 76.7992 -182.46 
v -287.374 85.1397 -184.885 
v -289.685 83.7581 -179.341 
v -282.907 82.4699 -183.688 
v -285.218 81.0882 -178.144 
v -289.685 83.7581 -179.341 
v -287.374 85.1397 -184.885 
v -293.009 76.7992 -182.46 
v -290.697 78.1808 -188.005 
v -287.374 85.1397 -184.885 
v -282.907 82.4699 -183.688 
v -290.697 78.1808 -188.005 
v -286.23 75.5109 -186.808 
v -286.23 75.5109 -186.808 
v -288.542 74.1293 -181.263 
v -290.697 78.1808 -188.005 
v -293.009 76.7992 -182.46 
v -282.907 82.4699 -183.688 
v -285.218 81.0882 -178.144 
v -286.23 75.5109 -186.808 
v -288.542 74.1293 -181.263 

vn -0.377953 -0.220472 0.897638 
vn -0.377953 -0.220472 0.897638 
vn -0.377953 -0.220472 0.897638 
vn -0.377953 -0.220472 0.897638 
vn 0.401575 0.834646 0.377953 
vn 0.401575 0.834646 0.377953 
vn 0.401575 0.834646 0.377953 
vn 0.401575 0.834646 0.377953 
vn -0.834646 0.503937 -0.220472 
vn -0.834646 0.503937 -0.220472 
vn -0.834646 0.503937 -0.220472 
vn -0.834646 0.503937 -0.220472 
vn 0.377953 0.220472 -0.897638 
vn 0.377953 0.220472 -0.897638 
vn 0.377953 0.220472 -0.897638 
vn 0.377953 0.220472 -0.897638 
vn -0.401575 -0.834646 -0.377953 
vn -0.401575 -0.834646 -0.377953 
vn -0.401575 -0.834646 -0.377953 
vn -0.401575 -0.834646 -0.377953 
vn 0.834646 -0.496063 0.220472 
vn 0.834646 -0.496063 0.220472 
vn 0.834646 -0.496063 0.220472 
vn 0.834646 -0.496063 0.220472 

vt 1.2239 0.592007 
vt 0.68992 0.592007 
vt 1.2239 -0.239892 
vt 0.68992 -0.239892 
vt 1.30632 0.592007 
vt 0.68992 0.592007 
vt 1.30632 0.0580305 
vt 0.68992 0.0580305 
vt 1.30632 0.592007 
vt 0.68992 0.592007 
vt 1.30632 -0.239892 
vt 0.68992 -0.239892 
vt 1.2239 0.592007 
vt 0.68992 0.592007 
vt 1.2239 -0.239892 
vt 0.68992 -0.239892 
vt 1.30632 0.592007 
vt 0.68992 0.592007 
vt 1.30632 0.0580305 
vt 0.68992 0.0580305 
vt 1.30632 0.592007 
vt 0.68992 0.592007 
vt 1.30632 -0.239892 
vt 0.68992 -0.239892 

usemtl Part12Mtl

f 3313/3313/3313 3314/3314/3314 3315/3315/3315 
f 3315/3315/3315 3314/3314/3314 3316/3316/3316 
f 3317/3317/3317 3318/3318/3318 3319/3319/3319 
f 3319/3319/3319 3318/3318/3318 3320/3320/3320 
f 3321/3321/3321 3322/3322/3322 3323/3323/3323 
f 3323/3323/3323 3322/3322/3322 3324/3324/3324 
f 3325/3325/3325 3326/3326/3326 3327/3327/3327 
f 3327/3327/3327 3326/3326/3326 3328/3328/3328 
f 3329/3329/3329 3330/3330/3330 3331/3331/3331 
f 3331/3331/3331 3330/3330/3330 3332/3332/3332 
f 3333/3333/3333 3334/3334/3334 3335/3335/3335 
f 3335/3335/3335 3334/3334/3334 3336/3336/3336 

g Part140

v -286.801 18.7005 -156.569 
v -310.311 18.7005 -162.869 
v -286.801 5.38148 -156.569 
v -310.311 5.38148 -162.869 
v -300.692 18.7005 -198.766 
v -310.311 18.7005 -162.869 
v -277.182 18.7005 -192.467 
v -286.801 18.7005 -156.569 
v -310.311 18.7005 -162.869 
v -300.692 18.7005 -198.766 
v -310.311 5.38148 -162.869 
v -300.692 5.38148 -198.766 
v -300.692 18.7005 -198.766 
v -277.182 18.7005 -192.467 
v -300.692 5.38148 -198.766 
v -277.182 5.38148 -192.467 
v -277.182 5.38148 -192.467 
v -286.801 5.38148 -156.569 
v -300.692 5.38148 -198.766 
v -310.311 5.38148 -162.869 
v -277.182 18.7005 -192.467 
v -286.801 18.7005 -156.569 
v -277.182 5.38148 -192.467 
v -286.801 5.38148 -156.569 

vn -0.259843 0 0.968504 
vn -0.259843 0 0.968504 
vn -0.259843 0 0.968504 
vn -0.259843 0 0.968504 
vn 0 1 0 
vn 0 1 0 
vn 0 1 0 
vn 0 1 0 
vn -0.968504 0 -0.259843 
vn -0.968504 0 -0.259843 
vn -0.968504 0 -0.259843 
vn -0.968504 0 -0.259843 
vn 0.259843 0 -0.968504 
vn 0.259843 0 -0.968504 
vn 0.259843 0 -0.968504 
vn 0.259843 0 -0.968504 
vn 0 -1 0 
vn 0 -1 0 
vn 0 -1 0 
vn 0 -1 0 
vn 0.968504 0 0.259843 
vn 0.968504 0 0.259843 
vn 0.968504 0 0.259843 
vn 0.968504 0 0.259843 

vt 2.32075 -1.49659 
vt -0.113229 -1.49659 
vt 2.32075 -2.82849 
vt -0.113229 -2.82849 
vt 3.60317 -1.49659 
vt -0.113229 -1.49659 
vt 3.60317 -3.93056 
vt -0.113229 -3.93056 
vt 3.60317 -1.49659 
vt -0.113229 -1.49659 
vt 3.60317 -2.82849 
vt -0.113229 -2.82849 
vt 2.32075 -1.49659 
vt -0.113229 -1.49659 
vt 2.32075 -2.82849 
vt -0.113229 -2.82849 
vt 3.60317 -1.49659 
vt -0.113229 -1.49659 
vt 3.60317 -3.93056 
vt -0.113229 -3.93056 
vt 3.60317 -1.49659 
vt -0.113229 -1.49659 
vt 3.60317 -2.82849 
vt -0.113229 -2.82849 

usemtl Part16Mtl

f 3337/3337/3337 3338/3338/3338 3339/3339/3339 
f 3339/3339/3339 3338/3338/3338 3340/3340/3340 
f 3341/3341/3341 3342/3342/3342 3343/3343/3343 
f 3343/3343/3343 3342/3342/3342 3344/3344/3344 
f 3345/3345/3345 3346/3346/3346 3347/3347/3347 
f 3347/3347/3347 3346/3346/3346 3348/3348/3348 
f 3349/3349/3349 3350/3350/3350 3351/3351/3351 
f 3351/3351/3351 3350/3350/3350 3352/3352/3352 
f 3353/3353/3353 3354/3354/3354 3355/3355/3355 
f 3355/3355/3355 3354/3354/3354 3356/3356/3356 
f 3357/3357/3357 3358/3358/3358 3359/3359/3359 
f 3359/3359/3359 3358/3358/3358 3360/3360/3360 

g Part141

v -13.4125 -99.181 -121.931 
v -25.8311 -99.181 -129.1 
v -13.4125 -101.5 -121.931 
v -25.8311 -101.5 -129.1 
v -14.2492 -99.181 -149.161 
v -25.8311 -99.181 -129.1 
v -1.83059 -99.181 -141.991 
v -13.4125 -99.181 -121.931 
v -25.8311 -99.181 -129.1 
v -14.2492 -99.181 -149.161 
v -25.8311 -101.5 -129.1 
v -14.2492 -101.5 -149.161 
v -14.2492 -99.181 -149.161 
v -1.83059 -99.181 -141.991 
v -14.2492 -101.5 -149.161 
v -1.83059 -101.5 -141.991 
v -1.83059 -101.5 -141.991 
v -13.4125 -101.5 -121.931 
v -14.2492 -101.5 -149.161 
v -25.8311 -101.5 -129.1 
v -1.83059 -99.181 -141.991 
v -13.4125 -99.181 -121.931 
v -1.83059 -101.5 -141.991 
v -13.4125 -101.5 -121.931 

vn -0.496063 0 0.866142 
vn -0.496063 0 0.866142 
vn -0.496063 0 0.866142 
vn -0.496063 0 0.866142 
vn 0 1 0 
vn 0 1 0 
vn 0 1 0 
vn 0 1 0 
vn -0.866142 0 -0.496063 
vn -0.866142 0 -0.496063 
vn -0.866142 0 -0.496063 
vn -0.866142 0 -0.496063 
vn 0.496063 0 -0.866142 
vn 0.496063 0 -0.866142 
vn 0.496063 0 -0.866142 
vn 0.496063 0 -0.866142 
vn 0 -1 0 
vn 0 -1 0 
vn 0 -1 0 
vn 0 -1 0 
vn 0.866142 0 0.496063 
vn 0.866142 0 0.496063 
vn 0.866142 0 0.496063 
vn 0.866142 0 0.496063 

vt 1.00293 2.77927 
vt -0.431049 2.77927 
vt 1.00293 2.54737 
vt -0.431049 2.54737 
vt 1.88535 2.77927 
vt -0.431049 2.77927 
vt 1.88535 1.34529 
vt -0.431049 1.34529 
vt 1.88535 2.77927 
vt -0.431049 2.77927 
vt 1.88535 2.54737 
vt -0.431049 2.54737 
vt 1.00293 2.77927 
vt -0.431049 2.77927 
vt 1.00293 2.54737 
vt -0.431049 2.54737 
vt 1.88535 2.77927 
vt -0.431049 2.77927 
vt 1.88535 1.34529 
vt -0.431049 1.34529 
vt 1.88535 2.77927 
vt -0.431049 2.77927 
vt 1.88535 2.54737 
vt -0.431049 2.54737 

usemtl Part12Mtl

f 3361/3361/3361 3362/3362/3362 3363/3363/3363 
f 3363/3363/3363 3362/3362/3362 3364/3364/3364 
f 3365/3365/3365 3366/3366/3366 3367/3367/3367 
f 3367/3367/3367 3366/3366/3366 3368/3368/3368 
f 3369/3369/3369 3370/3370/3370 3371/3371/3371 
f 3371/3371/3371 3370/3370/3370 3372/3372/3372 
f 3373/3373/3373 3374/3374/3374 3375/3375/3375 
f 3375/3375/3375 3374/3374/3374 3376/3376/3376 
f 3377/3377/3377 3378/3378/3378 3379/3379/3379 
f 3379/3379/3379 3378/3378/3378 3380/3380/3380 
f 3381/3381/3381 3382/3382/3382 3383/3383/3383 
f 3383/3383/3383 3382/3382/3382 3384/3384/3384 

g Part142

v -158.202 18.2532 -242.503 
v -229.088 18.2532 -201.577 
v -158.202 4.37176 -242.503 
v -229.088 4.37176 -201.577 
v -237.088 18.2532 -215.435 
v -229.088 18.2532 -201.577 
v -166.202 18.2532 -256.361 
v -158.202 18.2532 -242.503 
v -229.088 18.2532 -201.577 
v -237.088 18.2532 -215.435 
v -229.088 4.37176 -201.577 
v -237.088 4.37176 -215.435 
v -237.088 18.2532 -215.435 
v -166.202 18.2532 -256.361 
v -237.088 4.37176 -215.435 
v -166.202 4.37176 -256.361 
v -166.202 4.37176 -256.361 
v -158.202 4.37176 -242.503 
v -237.088 4.37176 -215.435 
v -229.088 4.37176 -201.577 
v -166.202 18.2532 -256.361 
v -158.202 18.2532 -242.503 
v -166.202 4.37176 -256.361 
v -158.202 4.37176 -242.503 

vn 0.503937 0 0.866142 
vn 0.503937 0 0.866142 
vn 0.503937 0 0.866142 
vn 0.503937 0 0.866142 
vn 0 1 0 
vn 0 1 0 
vn 0 1 0 
vn 0 1 0 
vn -0.866142 0 0.503937 
vn -0.866142 0 0.503937 
vn -0.866142 0 0.503937 
vn -0.866142 0 0.503937 
vn -0.503937 0 -0.866142 
vn -0.503937 0 -0.866142 
vn -0.503937 0 -0.866142 
vn -0.503937 0 -0.866142 
vn 0 -1 0 
vn 0 -1 0 
vn 0 -1 0 
vn 0 -1 0 
vn 0.866142 0 -0.503937 
vn 0.866142 0 -0.503937 
vn 0.866142 0 -0.503937 
vn 0.866142 0 -0.503937 

vt 6.74717 -3.48831 
vt -1.43805 -3.48831 
vt 6.74717 -4.87646 
vt -1.43805 -4.87646 
vt 0.162092 -3.48831 
vt -1.43805 -3.48831 
vt 0.162092 -11.6735 
vt -1.43805 -11.6735 
vt 0.162092 -3.48831 
vt -1.43805 -3.48831 
vt 0.162092 -4.87646 
vt -1.43805 -4.87646 
vt 6.74717 -3.48831 
vt -1.43805 -3.48831 
vt 6.74717 -4.87646 
vt -1.43805 -4.87646 
vt 0.162092 -3.48831 
vt -1.43805 -3.48831 
vt 0.162092 -11.6735 
vt -1.43805 -11.6735 
vt 0.162092 -3.48831 
vt -1.43805 -3.48831 
vt 0.162092 -4.87646 
vt -1.43805 -4.87646 

usemtl Part15Mtl

f 3385/3385/3385 3386/3386/3386 3387/3387/3387 
f 3387/3387/3387 3386/3386/3386 3388/3388/3388 
f 3389/3389/3389 3390/3390/3390 3391/3391/3391 
f 3391/3391/3391 3390/3390/3390 3392/3392/3392 
f 3393/3393/3393 3394/3394/3394 3395/3395/3395 
f 3395/3395/3395 3394/3394/3394 3396/3396/3396 
f 3397/3397/3397 3398/3398/3398 3399/3399/3399 
f 3399/3399/3399 3398/3398/3398 3400/3400/3400 
f 3401/3401/3401 3402/3402/3402 3403/3403/3403 
f 3403/3403/3403 3402/3402/3402 3404/3404/3404 
f 3405/3405/3405 3406/3406/3406 3407/3407/3407 
f 3407/3407/3407 3406/3406/3406 3408/3408/3408 

g Part143

v -217.689 25.2532 -203.539 
v -242.676 25.2532 -189.113 
v -217.689 4.37176 -203.539 
v -242.676 4.37176 -189.113 
v -252.677 25.2532 -206.435 
v -242.676 25.2532 -189.113 
v -227.69 25.2532 -220.861 
v -217.689 25.2532 -203.539 
v -242.676 25.2532 -189.113 
v -252.677 25.2532 -206.435 
v -242.676 4.37176 -189.113 
v -252.677 4.37176 -206.435 
v -252.677 25.2532 -206.435 
v -227.69 25.2532 -220.861 
v -252.677 4.37176 -206.435 
v -227.69 4.37176 -220.861 
v -227.69 4.37176 -220.861 
v -217.689 4.37176 -203.539 
v -252.677 4.37176 -206.435 
v -242.676 4.37176 -189.113 
v -227.69 25.2532 -220.861 
v -217.689 25.2532 -203.539 
v -227.69 4.37176 -220.861 
v -217.689 4.37176 -203.539 

vn 0.503937 0 0.866142 
vn 0.503937 0 0.866142 
vn 0.503937 0 0.866142 
vn 0.503937 0 0.866142 
vn 0 1 0 
vn 0 1 0 
vn 0 1 0 
vn 0 1 0 
vn -0.866142 0 0.503937 
vn -0.866142 0 0.503937 
vn -0.866142 0 0.503937 
vn -0.866142 0 0.503937 
vn -0.503937 0 -0.866142 
vn -0.503937 0 -0.866142 
vn -0.503937 0 -0.866142 
vn -0.503937 0 -0.866142 
vn 0 -1 0 
vn 0 -1 0 
vn 0 -1 0 
vn 0 -1 0 
vn 0.866142 0 -0.503937 
vn 0.866142 0 -0.503937 
vn 0.866142 0 -0.503937 
vn 0.866142 0 -0.503937 

vt 5.78798 2.3309 
vt 2.90276 2.3309 
vt 5.78798 0.242748 
vt 2.90276 0.242748 
vt 4.9029 2.3309 
vt 2.90276 2.3309 
vt 4.9029 -0.55433 
vt 2.90276 -0.55433 
vt 4.9029 2.3309 
vt 2.90276 2.3309 
vt 4.9029 0.242748 
vt 2.90276 0.242748 
vt 5.78798 2.3309 
vt 2.90276 2.3309 
vt 5.78798 0.242748 
vt 2.90276 0.242748 
vt 4.9029 2.3309 
vt 2.90276 2.3309 
vt 4.9029 -0.55433 
vt 2.90276 -0.55433 
vt 4.9029 2.3309 
vt 2.90276 2.3309 
vt 4.9029 0.242748 
vt 2.90276 0.242748 

usemtl Part132Mtl

f 3409/3409/3409 3410/3410/3410 3411/3411/3411 
f 3411/3411/3411 3410/3410/3410 3412/3412/3412 
f 3413/3413/3413 3414/3414/3414 3415/3415/3415 
f 3415/3415/3415 3414/3414/3414 3416/3416/3416 
f 3417/3417/3417 3418/3418/3418 3419/3419/3419 
f 3419/3419/3419 3418/3418/3418 3420/3420/3420 
f 3421/3421/3421 3422/3422/3422 3423/3423/3423 
f 3423/3423/3423 3422/3422/3422 3424/3424/3424 
f 3425/3425/3425 3426/3426/3426 3427/3427/3427 
f 3427/3427/3427 3426/3426/3426 3428/3428/3428 
f 3429/3429/3429 3430/3430/3430 3431/3431/3431 
f 3431/3431/3431 3430/3430/3430 3432/3432/3432 

g Part144

v 266.219 21.2532 -177.433 
v 126.05 21.2532 -258.359 
v 266.219 -1.62824 -177.433 
v 126.05 -1.62824 -258.359 
v 166.97 21.2532 -329.234 
v 126.05 21.2532 -258.359 
v 307.138 21.2532 -248.308 
v 266.219 21.2532 -177.433 
v 126.05 21.2532 -258.359 
v 166.97 21.2532 -329.234 
v 126.05 -1.62824 -258.359 
v 166.97 -1.62824 -329.234 
v 166.97 21.2532 -329.234 
v 307.138 21.2532 -248.308 
v 166.97 -1.62824 -329.234 
v 307.138 -1.62824 -248.308 
v 307.138 -1.62824 -248.308 
v 266.219 -1.62824 -177.433 
v 166.97 -1.62824 -329.234 
v 126.05 -1.62824 -258.359 
v 307.138 21.2532 -248.308 
v 266.219 21.2532 -177.433 
v 307.138 -1.62824 -248.308 
v 266.219 -1.62824 -177.433 

vn -0.496063 0 0.866142 
vn -0.496063 0 0.866142 
vn -0.496063 0 0.866142 
vn -0.496063 0 0.866142 
vn 0 1 0 
vn 0 1 0 
vn 0 1 0 
vn 0 1 0 
vn -0.866142 0 -0.496063 
vn -0.866142 0 -0.496063 
vn -0.866142 0 -0.496063 
vn -0.866142 0 -0.496063 
vn 0.496063 0 -0.866142 
vn 0.496063 0 -0.866142 
vn 0.496063 0 -0.866142 
vn 0.496063 0 -0.866142 
vn 0 -1 0 
vn 0 -1 0 
vn 0 -1 0 
vn 0 -1 0 
vn 0.866142 0 0.496063 
vn 0.866142 0 0.496063 
vn 0.866142 0 0.496063 
vn 0.866142 0 0.496063 

vt 28.1236 -5.41558 
vt 11.9383 -5.41558 
vt 28.1236 -7.70373 
vt 11.9383 -7.70373 
vt 20.1222 -5.41558 
vt 11.9383 -5.41558 
vt 20.1222 -21.6008 
vt 11.9383 -21.6008 
vt 20.1222 -5.41558 
vt 11.9383 -5.41558 
vt 20.1222 -7.70373 
vt 11.9383 -7.70373 
vt 28.1236 -5.41558 
vt 11.9383 -5.41558 
vt 28.1236 -7.70373 
vt 11.9383 -7.70373 
vt 20.1222 -5.41558 
vt 11.9383 -5.41558 
vt 20.1222 -21.6008 
vt 11.9383 -21.6008 
vt 20.1222 -5.41558 
vt 11.9383 -5.41558 
vt 20.1222 -7.70373 
vt 11.9383 -7.70373 

usemtl Part11Mtl

f 3433/3433/3433 3434/3434/3434 3435/3435/3435 
f 3435/3435/3435 3434/3434/3434 3436/3436/3436 
f 3437/3437/3437 3438/3438/3438 3439/3439/3439 
f 3439/3439/3439 3438/3438/3438 3440/3440/3440 
f 3441/3441/3441 3442/3442/3442 3443/3443/3443 
f 3443/3443/3443 3442/3442/3442 3444/3444/3444 
f 3445/3445/3445 3446/3446/3446 3447/3447/3447 
f 3447/3447/3447 3446/3446/3446 3448/3448/3448 
f 3449/3449/3449 3450/3450/3450 3451/3451/3451 
f 3451/3451/3451 3450/3450/3450 3452/3452/3452 
f 3453/3453/3453 3454/3454/3454 3455/3455/3455 
f 3455/3455/3455 3454/3454/3454 3456/3456/3456 

g Part145

v 266.719 22.2532 -178.299 
v 126.55 22.2532 -259.225 
v 266.719 21.2528 -178.299 
v 126.55 21.2528 -259.225 
v 166.97 22.2532 -329.234 
v 126.55 22.2532 -259.225 
v 307.138 22.2532 -248.308 
v 266.719 22.2532 -178.299 
v 126.55 22.2532 -259.225 
v 166.97 22.2532 -329.234 
v 126.55 21.2528 -259.225 
v 166.97 21.2528 -329.234 
v 166.97 22.2532 -329.234 
v 307.138 22.2532 -248.308 
v 166.97 21.2528 -329.234 
v 307.138 21.2528 -248.308 
v 307.138 21.2528 -248.308 
v 266.719 21.2528 -178.299 
v 166.97 21.2528 -329.234 
v 126.55 21.2528 -259.225 
v 307.138 22.2532 -248.308 
v 266.719 22.2532 -178.299 
v 307.138 21.2528 -248.308 
v 266.719 21.2528 -178.299 

vn -0.496063 0 0.866142 
vn -0.496063 0 0.866142 
vn -0.496063 0 0.866142 
vn -0.496063 0 0.866142 
vn 0 1 0 
vn 0 1 0 
vn 0 1 0 
vn 0 1 0 
vn -0.866142 0 -0.496063 
vn -0.866142 0 -0.496063 
vn -0.866142 0 -0.496063 
vn -0.866142 0 -0.496063 
vn 0.496063 0 -0.866142 
vn 0.496063 0 -0.866142 
vn 0.496063 0 -0.866142 
vn 0.496063 0 -0.866142 
vn 0 -1 0 
vn 0 -1 0 
vn 0 -1 0 
vn 0 -1 0 
vn 0.866142 0 0.496063 
vn 0.866142 0 0.496063 
vn 0.866142 0 0.496063 
vn 0.866142 0 0.496063 

vt 20.5782 -10.2373 
vt 4.39301 -10.2373 
vt 20.5782 -10.3373 
vt 4.39301 -10.3373 
vt 12.4769 -10.2373 
vt 4.39301 -10.2373 
vt 12.4769 -26.4225 
vt 4.39301 -26.4225 
vt 12.4769 -10.2373 
vt 4.39301 -10.2373 
vt 12.4769 -10.3373 
vt 4.39301 -10.3373 
vt 20.5782 -10.2373 
vt 4.39301 -10.2373 
vt 20.5782 -10.3373 
vt 4.39301 -10.3373 
vt 12.4769 -10.2373 
vt 4.39301 -10.2373 
vt 12.4769 -26.4225 
vt 4.39301 -26.4225 
vt 12.4769 -10.2373 
vt 4.39301 -10.2373 
vt 12.4769 -10.3373 
vt 4.39301 -10.3373 

usemtl Part17Mtl

f 3457/3457/3457 3458/3458/3458 3459/3459/3459 
f 3459/3459/3459 3458/3458/3458 3460/3460/3460 
f 3461/3461/3461 3462/3462/3462 3463/3463/3463 
f 3463/3463/3463 3462/3462/3462 3464/3464/3464 
f 3465/3465/3465 3466/3466/3466 3467/3467/3467 
f 3467/3467/3467 3466/3466/3466 3468/3468/3468 
f 3469/3469/3469 3470/3470/3470 3471/3471/3471 
f 3471/3471/3471 3470/3470/3470 3472/3472/3472 
f 3473/3473/3473 3474/3474/3474 3475/3475/3475 
f 3475/3475/3475 3474/3474/3474 3476/3476/3476 
f 3477/3477/3477 3478/3478/3478 3479/3479/3479 
f 3479/3479/3479 3478/3478/3478 3480/3480/3480 

g Part146

v 49.0245 1.81849 46.8214 
v 49.0245 1.81849 17.4817 
v 49.0245 -102.5 46.8214 
v 49.0245 -102.5 17.4817 
v 65.1885 1.81849 17.4817 
v 49.0245 1.81849 17.4817 
v 65.1885 1.81849 46.8214 
v 49.0245 1.81849 46.8214 
v 49.0245 1.81849 17.4817 
v 65.1885 1.81849 17.4817 
v 49.0245 -102.5 17.4817 
v 65.1885 -102.5 17.4817 
v 65.1885 1.81849 17.4817 
v 65.1885 1.81849 46.8214 
v 65.1885 -102.5 17.4817 
v 65.1885 -102.5 46.8214 
v 65.1885 -102.5 46.8214 
v 49.0245 -102.5 46.8214 
v 65.1885 -102.5 17.4817 
v 49.0245 -102.5 17.4817 
v 65.1885 1.81849 46.8214 
v 49.0245 1.81849 46.8214 
v 65.1885 -102.5 46.8214 
v 49.0245 -102.5 46.8214 

vn -1 0 0 
vn -1 0 0 
vn -1 0 0 
vn -1 0 0 
vn 0 1 0 
vn 0 1 0 
vn 0 1 0 
vn 0 1 0 
vn 0 0 -1 
vn 0 0 -1 
vn 0 0 -1 
vn 0 0 -1 
vn 1 0 0 
vn 1 0 0 
vn 1 0 0 
vn 1 0 0 
vn 0 -1 0 
vn 0 -1 0 
vn 0 -1 0 
vn 0 -1 0 
vn 0 0 1 
vn 0 0 1 
vn 0 0 1 
vn 0 0 1 

vt -1.54055 3.67369 
vt -4.47453 3.67369 
vt -1.54055 -6.75811 
vt -4.47453 -6.75811 
vt -2.85813 3.67369 
vt -4.47453 3.67369 
vt -2.85813 0.739712 
vt -4.47453 0.739712 
vt -2.85813 3.67369 
vt -4.47453 3.67369 
vt -2.85813 -6.75811 
vt -4.47453 -6.75811 
vt -1.54055 3.67369 
vt -4.47453 3.67369 
vt -1.54055 -6.75811 
vt -4.47453 -6.75811 
vt -2.85813 3.67369 
vt -4.47453 3.67369 
vt -2.85813 0.739712 
vt -4.47453 0.739712 
vt -2.85813 3.67369 
vt -4.47453 3.67369 
vt -2.85813 -6.75811 
vt -4.47453 -6.75811 

usemtl Part13Mtl

f 3481/3481/3481 3482/3482/3482 3483/3483/3483 
f 3483/3483/3483 3482/3482/3482 3484/3484/3484 
f 3485/3485/3485 3486/3486/3486 3487/3487/3487 
f 3487/3487/3487 3486/3486/3486 3488/3488/3488 
f 3489/3489/3489 3490/3490/3490 3491/3491/3491 
f 3491/3491/3491 3490/3490/3490 3492/3492/3492 
f 3493/3493/3493 3494/3494/3494 3495/3495/3495 
f 3495/3495/3495 3494/3494/3494 3496/3496/3496 
f 3497/3497/3497 3498/3498/3498 3499/3499/3499 
f 3499/3499/3499 3498/3498/3498 3500/3500/3500 
f 3501/3501/3501 3502/3502/3502 3503/3503/3503 
f 3503/3503/3503 3502/3502/3502 3504/3504/3504 

g Part147

v 45.503 2.81849 19.2298 
v 51.5438 2.81849 -3.31467 
v 45.503 -102.5 19.2298 
v 51.5438 -102.5 -3.31467 
v 72.9526 2.81849 2.42178 
v 51.5438 2.81849 -3.31467 
v 66.9118 2.81849 24.9663 
v 45.503 2.81849 19.2298 
v 51.5438 2.81849 -3.31467 
v 72.9526 2.81849 2.42178 
v 51.5438 -102.5 -3.31467 
v 72.9526 -102.5 2.42178 
v 72.9526 2.81849 2.42178 
v 66.9118 2.81849 24.9663 
v 72.9526 -102.5 2.42178 
v 66.9118 -102.5 24.9663 
v 66.9118 -102.5 24.9663 
v 45.503 -102.5 19.2298 
v 72.9526 -102.5 2.42178 
v 51.5438 -102.5 -3.31467 
v 66.9118 2.81849 24.9663 
v 45.503 2.81849 19.2298 
v 66.9118 -102.5 24.9663 
v 45.503 -102.5 19.2298 

vn -0.968504 0 -0.259843 
vn -0.968504 0 -0.259843 
vn -0.968504 0 -0.259843 
vn -0.968504 0 -0.259843 
vn 0 1 0 
vn 0 1 0 
vn 0 1 0 
vn 0 1 0 
vn 0.259843 0 -0.968504 
vn 0.259843 0 -0.968504 
vn 0.259843 0 -0.968504 
vn 0.259843 0 -0.968504 
vn 0.968504 0 0.259843 
vn 0.968504 0 0.259843 
vn 0.968504 0 0.259843 
vn 0.968504 0 0.259843 
vn 0 -1 0 
vn 0 -1 0 
vn 0 -1 0 
vn 0 -1 0 
vn -0.259843 0 0.968504 
vn -0.259843 0 0.968504 
vn -0.259843 0 0.968504 
vn -0.259843 0 0.968504 

vt 9.08845 4.84149 
vt 6.75448 4.84149 
vt 9.08845 -5.69031 
vt 6.75448 -5.69031 
vt 8.97087 4.84149 
vt 6.75448 4.84149 
vt 8.97087 2.50751 
vt 6.75448 2.50751 
vt 8.97087 4.84149 
vt 6.75448 4.84149 
vt 8.97087 -5.69031 
vt 6.75448 -5.69031 
vt 9.08845 4.84149 
vt 6.75448 4.84149 
vt 9.08845 -5.69031 
vt 6.75448 -5.69031 
vt 8.97087 4.84149 
vt 6.75448 4.84149 
vt 8.97087 2.50751 
vt 6.75448 2.50751 
vt 8.97087 4.84149 
vt 6.75448 4.84149 
vt 8.97087 -5.69031 
vt 6.75448 -5.69031 

usemtl Part11Mtl

f 3505/3505/3505 3506/3506/3506 3507/3507/3507 
f 3507/3507/3507 3506/3506/3506 3508/3508/3508 
f 3509/3509/3509 3510/3510/3510 3511/3511/3511 
f 3511/3511/3511 3510/3510/3510 3512/3512/3512 
f 3513/3513/3513 3514/3514/3514 3515/3515/3515 
f 3515/3515/3515 3514/3514/3514 3516/3516/3516 
f 3517/3517/3517 3518/3518/3518 3519/3519/3519 
f 3519/3519/3519 3518/3518/3518 3520/3520/3520 
f 3521/3521/3521 3522/3522/3522 3523/3523/3523 
f 3523/3523/3523 3522/3522/3522 3524/3524/3524 
f 3525/3525/3525 3526/3526/3526 3527/3527/3527 
f 3527/3527/3527 3526/3526/3526 3528/3528/3528 

g Part148

v 48.1458 6.81849 5.49568 
v 48.1458 6.81849 -13.8441 
v 48.1458 -102.5 5.49568 
v 48.1458 -102.5 -13.8441 
v 70.3098 6.81849 -13.8441 
v 48.1458 6.81849 -13.8441 
v 70.3098 6.81849 5.49568 
v 48.1458 6.81849 5.49568 
v 48.1458 6.81849 -13.8441 
v 70.3098 6.81849 -13.8441 
v 48.1458 -102.5 -13.8441 
v 70.3098 -102.5 -13.8441 
v 70.3098 6.81849 -13.8441 
v 70.3098 6.81849 5.49568 
v 70.3098 -102.5 -13.8441 
v 70.3098 -102.5 5.49568 
v 70.3098 -102.5 5.49568 
v 48.1458 -102.5 5.49568 
v 70.3098 -102.5 -13.8441 
v 48.1458 -102.5 -13.8441 
v 70.3098 6.81849 5.49568 
v 48.1458 6.81849 5.49568 
v 70.3098 -102.5 5.49568 
v 48.1458 -102.5 5.49568 

vn -1 0 0 
vn -1 0 0 
vn -1 0 0 
vn -1 0 0 
vn 0 1 0 
vn 0 1 0 
vn 0 1 0 
vn 0 1 0 
vn 0 0 -1 
vn 0 0 -1 
vn 0 0 -1 
vn 0 0 -1 
vn 1 0 0 
vn 1 0 0 
vn 1 0 0 
vn 1 0 0 
vn 0 -1 0 
vn 0 -1 0 
vn 0 -1 0 
vn 0 -1 0 
vn 0 0 1 
vn 0 0 1 
vn 0 0 1 
vn 0 0 1 

vt 6.84233 -1.8986 
vt 4.90836 -1.8986 
vt 6.84233 -12.8304 
vt 4.90836 -12.8304 
vt 7.12475 -1.8986 
vt 4.90836 -1.8986 
vt 7.12475 -3.83257 
vt 4.90836 -3.83257 
vt 7.12475 -1.8986 
vt 4.90836 -1.8986 
vt 7.12475 -12.8304 
vt 4.90836 -12.8304 
vt 6.84233 -1.8986 
vt 4.90836 -1.8986 
vt 6.84233 -12.8304 
vt 4.90836 -12.8304 
vt 7.12475 -1.8986 
vt 4.90836 -1.8986 
vt 7.12475 -3.83257 
vt 4.90836 -3.83257 
vt 7.12475 -1.8986 
vt 4.90836 -1.8986 
vt 7.12475 -12.8304 
vt 4.90836 -12.8304 

usemtl Part116Mtl

f 3529/3529/3529 3530/3530/3530 3531/3531/3531 
f 3531/3531/3531 3530/3530/3530 3532/3532/3532 
f 3533/3533/3533 3534/3534/3534 3535/3535/3535 
f 3535/3535/3535 3534/3534/3534 3536/3536/3536 
f 3537/3537/3537 3538/3538/3538 3539/3539/3539 
f 3539/3539/3539 3538/3538/3538 3540/3540/3540 
f 3541/3541/3541 3542/3542/3542 3543/3543/3543 
f 3543/3543/3543 3542/3542/3542 3544/3544/3544 
f 3545/3545/3545 3546/3546/3546 3547/3547/3547 
f 3547/3547/3547 3546/3546/3546 3548/3548/3548 
f 3549/3549/3549 3550/3550/3550 3551/3551/3551 
f 3551/3551/3551 3550/3550/3550 3552/3552/3552 

g Part149

v 40.3114 5.81849 -17.9301 
v 58.2293 5.81849 -35.848 
v 40.3114 -102.5 -17.9301 
v 58.2293 -102.5 -35.848 
v 73.9016 5.81849 -20.1757 
v 58.2293 5.81849 -35.848 
v 55.9837 5.81849 -2.25778 
v 40.3114 5.81849 -17.9301 
v 58.2293 5.81849 -35.848 
v 73.9016 5.81849 -20.1757 
v 58.2293 -102.5 -35.848 
v 73.9016 -102.5 -20.1757 
v 73.9016 5.81849 -20.1757 
v 55.9837 5.81849 -2.25778 
v 73.9016 -102.5 -20.1757 
v 55.9837 -102.5 -2.25778 
v 55.9837 -102.5 -2.25778 
v 40.3114 -102.5 -17.9301 
v 73.9016 -102.5 -20.1757 
v 58.2293 -102.5 -35.848 
v 55.9837 5.81849 -2.25778 
v 40.3114 5.81849 -17.9301 
v 55.9837 -102.5 -2.25778 
v 40.3114 -102.5 -17.9301 

vn -0.708661 0 -0.708661 
vn -0.708661 0 -0.708661 
vn -0.708661 0 -0.708661 
vn -0.708661 0 -0.708661 
vn 0 1 0 
vn 0 1 0 
vn 0 1 0 
vn 0 1 0 
vn 0.708661 0 -0.708661 
vn 0.708661 0 -0.708661 
vn 0.708661 0 -0.708661 
vn 0.708661 0 -0.708661 
vn 0.708661 0 0.708661 
vn 0.708661 0 0.708661 
vn 0.708661 0 0.708661 
vn 0.708661 0 0.708661 
vn 0 -1 0 
vn 0 -1 0 
vn 0 -1 0 
vn 0 -1 0 
vn -0.708661 0 0.708661 
vn -0.708661 0 0.708661 
vn -0.708661 0 0.708661 
vn -0.708661 0 0.708661 

vt 6.18912 5.55606 
vt 3.65514 5.55606 
vt 6.18912 -5.27574 
vt 3.65514 -5.27574 
vt 5.87154 5.55606 
vt 3.65514 5.55606 
vt 5.87154 3.02208 
vt 3.65514 3.02208 
vt 5.87154 5.55606 
vt 3.65514 5.55606 
vt 5.87154 -5.27574 
vt 3.65514 -5.27574 
vt 6.18912 5.55606 
vt 3.65514 5.55606 
vt 6.18912 -5.27574 
vt 3.65514 -5.27574 
vt 5.87154 5.55606 
vt 3.65514 5.55606 
vt 5.87154 3.02208 
vt 3.65514 3.02208 
vt 5.87154 5.55606 
vt 3.65514 5.55606 
vt 5.87154 -5.27574 
vt 3.65514 -5.27574 

usemtl Part13Mtl

f 3553/3553/3553 3554/3554/3554 3555/3555/3555 
f 3555/3555/3555 3554/3554/3554 3556/3556/3556 
f 3557/3557/3557 3558/3558/3558 3559/3559/3559 
f 3559/3559/3559 3558/3558/3558 3560/3560/3560 
f 3561/3561/3561 3562/3562/3562 3563/3563/3563 
f 3563/3563/3563 3562/3562/3562 3564/3564/3564 
f 3565/3565/3565 3566/3566/3566 3567/3567/3567 
f 3567/3567/3567 3566/3566/3566 3568/3568/3568 
f 3569/3569/3569 3570/3570/3570 3571/3571/3571 
f 3571/3571/3571 3570/3570/3570 3572/3572/3572 
f 3573/3573/3573 3574/3574/3574 3575/3575/3575 
f 3575/3575/3575 3574/3574/3574 3576/3576/3576 

g Part150

v 46.0245 4.81849 -27.383 
v 46.0245 4.81849 -59.7228 
v 46.0245 -102.5 -27.383 
v 46.0245 -102.5 -59.7228 
v 68.1885 4.81849 -59.7228 
v 46.0245 4.81849 -59.7228 
v 68.1885 4.81849 -27.383 
v 46.0245 4.81849 -27.383 
v 46.0245 4.81849 -59.7228 
v 68.1885 4.81849 -59.7228 
v 46.0245 -102.5 -59.7228 
v 68.1885 -102.5 -59.7228 
v 68.1885 4.81849 -59.7228 
v 68.1885 4.81849 -27.383 
v 68.1885 -102.5 -59.7228 
v 68.1885 -102.5 -27.383 
v 68.1885 -102.5 -27.383 
v 46.0245 -102.5 -27.383 
v 68.1885 -102.5 -59.7228 
v 46.0245 -102.5 -59.7228 
v 68.1885 4.81849 -27.383 
v 46.0245 4.81849 -27.383 
v 68.1885 -102.5 -27.383 
v 46.0245 -102.5 -27.383 

vn -1 0 0 
vn -1 0 0 
vn -1 0 0 
vn -1 0 0 
vn 0 1 0 
vn 0 1 0 
vn 0 1 0 
vn 0 1 0 
vn 0 0 -1 
vn 0 0 -1 
vn 0 0 -1 
vn 0 0 -1 
vn 1 0 0 
vn 1 0 0 
vn 1 0 0 
vn 1 0 0 
vn 0 -1 0 
vn 0 -1 0 
vn 0 -1 0 
vn 0 -1 0 
vn 0 0 1 
vn 0 0 1 
vn 0 0 1 
vn 0 0 1 

vt 4.35398 -4.39946 
vt 1.12 -4.39946 
vt 4.35398 -15.1313 
vt 1.12 -15.1313 
vt 3.3364 -4.39946 
vt 1.12 -4.39946 
vt 3.3364 -7.63343 
vt 1.12 -7.63343 
vt 3.3364 -4.39946 
vt 1.12 -4.39946 
vt 3.3364 -15.1313 
vt 1.12 -15.1313 
vt 4.35398 -4.39946 
vt 1.12 -4.39946 
vt 4.35398 -15.1313 
vt 1.12 -15.1313 
vt 3.3364 -4.39946 
vt 1.12 -4.39946 
vt 3.3364 -7.63343 
vt 1.12 -7.63343 
vt 3.3364 -4.39946 
vt 1.12 -4.39946 
vt 3.3364 -15.1313 
vt 1.12 -15.1313 

usemtl Part116Mtl

f 3577/3577/3577 3578/3578/3578 3579/3579/3579 
f 3579/3579/3579 3578/3578/3578 3580/3580/3580 
f 3581/3581/3581 3582/3582/3582 3583/3583/3583 
f 3583/3583/3583 3582/3582/3582 3584/3584/3584 
f 3585/3585/3585 3586/3586/3586 3587/3587/3587 
f 3587/3587/3587 3586/3586/3586 3588/3588/3588 
f 3589/3589/3589 3590/3590/3590 3591/3591/3591 
f 3591/3591/3591 3590/3590/3590 3592/3592/3592 
f 3593/3593/3593 3594/3594/3594 3595/3595/3595 
f 3595/3595/3595 3594/3594/3594 3596/3596/3596 
f 3597/3597/3597 3598/3598/3598 3599/3599/3599 
f 3599/3599/3599 3598/3598/3598 3600/3600/3600 

g Part151

v 41.9759 8.81849 -81.9021 
v 49.8284 8.81849 -111.208 
v 41.9759 -102.5 -81.9021 
v 49.8284 -102.5 -111.208 
v 71.2371 8.81849 -105.472 
v 49.8284 8.81849 -111.208 
v 63.3846 8.81849 -76.1656 
v 41.9759 8.81849 -81.9021 
v 49.8284 8.81849 -111.208 
v 71.2371 8.81849 -105.472 
v 49.8284 -102.5 -111.208 
v 71.2371 -102.5 -105.472 
v 71.2371 8.81849 -105.472 
v 63.3846 8.81849 -76.1656 
v 71.2371 -102.5 -105.472 
v 63.3846 -102.5 -76.1656 
v 63.3846 -102.5 -76.1656 
v 41.9759 -102.5 -81.9021 
v 71.2371 -102.5 -105.472 
v 49.8284 -102.5 -111.208 
v 63.3846 8.81849 -76.1656 
v 41.9759 8.81849 -81.9021 
v 63.3846 -102.5 -76.1656 
v 41.9759 -102.5 -81.9021 

vn -0.968504 0 -0.259843 
vn -0.968504 0 -0.259843 
vn -0.968504 0 -0.259843 
vn -0.968504 0 -0.259843 
vn 0 1 0 
vn 0 1 0 
vn 0 1 0 
vn 0 1 0 
vn 0.259843 0 -0.968504 
vn 0.259843 0 -0.968504 
vn 0.259843 0 -0.968504 
vn 0.259843 0 -0.968504 
vn 0.968504 0 0.259843 
vn 0.968504 0 0.259843 
vn 0.968504 0 0.259843 
vn 0.968504 0 0.259843 
vn 0 -1 0 
vn 0 -1 0 
vn 0 -1 0 
vn 0 -1 0 
vn -0.259843 0 0.968504 
vn -0.259843 0 0.968504 
vn -0.259843 0 0.968504 
vn -0.259843 0 0.968504 

vt 8.38544 2.24622 
vt 5.35147 2.24622 
vt 8.38544 -8.88558 
vt 5.35147 -8.88558 
vt 7.56786 2.24622 
vt 5.35147 2.24622 
vt 7.56786 -0.787752 
vt 5.35147 -0.787752 
vt 7.56786 2.24622 
vt 5.35147 2.24622 
vt 7.56786 -8.88558 
vt 5.35147 -8.88558 
vt 8.38544 2.24622 
vt 5.35147 2.24622 
vt 8.38544 -8.88558 
vt 5.35147 -8.88558 
vt 7.56786 2.24622 
vt 5.35147 2.24622 
vt 7.56786 -0.787752 
vt 5.35147 -0.787752 
vt 7.56786 2.24622 
vt 5.35147 2.24622 
vt 7.56786 -8.88558 
vt 5.35147 -8.88558 

usemtl Part13Mtl

f 3601/3601/3601 3602/3602/3602 3603/3603/3603 
f 3603/3603/3603 3602/3602/3602 3604/3604/3604 
f 3605/3605/3605 3606/3606/3606 3607/3607/3607 
f 3607/3607/3607 3606/3606/3606 3608/3608/3608 
f 3609/3609/3609 3610/3610/3610 3611/3611/3611 
f 3611/3611/3611 3610/3610/3610 3612/3612/3612 
f 3613/3613/3613 3614/3614/3614 3615/3615/3615 
f 3615/3615/3615 3614/3614/3614 3616/3616/3616 
f 3617/3617/3617 3618/3618/3618 3619/3619/3619 
f 3619/3619/3619 3618/3618/3618 3620/3620/3620 
f 3621/3621/3621 3622/3622/3622 3623/3623/3623 
f 3623/3623/3623 3622/3622/3622 3624/3624/3624 

g Part152

v 39.4243 6.81849 -63.0903 
v 54.5941 6.81849 -89.3653 
v 39.4243 -102.5 -63.0903 
v 54.5941 -102.5 -89.3653 
v 73.7887 6.81849 -78.2834 
v 54.5941 6.81849 -89.3653 
v 58.6188 6.81849 -52.0084 
v 39.4243 6.81849 -63.0903 
v 54.5941 6.81849 -89.3653 
v 73.7887 6.81849 -78.2834 
v 54.5941 -102.5 -89.3653 
v 73.7887 -102.5 -78.2834 
v 73.7887 6.81849 -78.2834 
v 58.6188 6.81849 -52.0084 
v 73.7887 -102.5 -78.2834 
v 58.6188 -102.5 -52.0084 
v 58.6188 -102.5 -52.0084 
v 39.4243 -102.5 -63.0903 
v 73.7887 -102.5 -78.2834 
v 54.5941 -102.5 -89.3653 
v 58.6188 6.81849 -52.0084 
v 39.4243 6.81849 -63.0903 
v 58.6188 -102.5 -52.0084 
v 39.4243 -102.5 -63.0903 

vn -0.866142 0 -0.496063 
vn -0.866142 0 -0.496063 
vn -0.866142 0 -0.496063 
vn -0.866142 0 -0.496063 
vn 0 1 0 
vn 0 1 0 
vn 0 1 0 
vn 0 1 0 
vn 0.503937 0 -0.866142 
vn 0.503937 0 -0.866142 
vn 0.503937 0 -0.866142 
vn 0.503937 0 -0.866142 
vn 0.866142 0 0.503937 
vn 0.866142 0 0.503937 
vn 0.866142 0 0.503937 
vn 0.866142 0 0.503937 
vn 0 -1 0 
vn 0 -1 0 
vn 0 -1 0 
vn 0 -1 0 
vn -0.496063 0 0.866142 
vn -0.496063 0 0.866142 
vn -0.496063 0 0.866142 
vn -0.496063 0 0.866142 

vt 1.28239 -6.46202 
vt -1.75159 -6.46202 
vt 1.28239 -17.3938 
vt -1.75159 -17.3938 
vt 0.464806 -6.46202 
vt -1.75159 -6.46202 
vt 0.464806 -9.496 
vt -1.75159 -9.496 
vt 0.464806 -6.46202 
vt -1.75159 -6.46202 
vt 0.464806 -17.3938 
vt -1.75159 -17.3938 
vt 1.28239 -6.46202 
vt -1.75159 -6.46202 
vt 1.28239 -17.3938 
vt -1.75159 -17.3938 
vt 0.464806 -6.46202 
vt -1.75159 -6.46202 
vt 0.464806 -9.496 
vt -1.75159 -9.496 
vt 0.464806 -6.46202 
vt -1.75159 -6.46202 
vt 0.464806 -17.3938 
vt -1.75159 -17.3938 

usemtl Part13Mtl

f 3625/3625/3625 3626/3626/3626 3627/3627/3627 
f 3627/3627/3627 3626/3626/3626 3628/3628/3628 
f 3629/3629/3629 3630/3630/3630 3631/3631/3631 
f 3631/3631/3631 3630/3630/3630 3632/3632/3632 
f 3633/3633/3633 3634/3634/3634 3635/3635/3635 
f 3635/3635/3635 3634/3634/3634 3636/3636/3636 
f 3637/3637/3637 3638/3638/3638 3639/3639/3639 
f 3639/3639/3639 3638/3638/3638 3640/3640/3640 
f 3641/3641/3641 3642/3642/3642 3643/3643/3643 
f 3643/3643/3643 3642/3642/3642 3644/3644/3644 
f 3645/3645/3645 3646/3646/3646 3647/3647/3647 
f 3647/3647/3647 3646/3646/3646 3648/3648/3648 

g Part153

v 36.3114 5.81849 -123.93 
v 54.2293 5.81849 -141.848 
v 36.3114 -102.5 -123.93 
v 54.2293 -102.5 -141.848 
v 69.9016 5.81849 -126.176 
v 54.2293 5.81849 -141.848 
v 51.9837 5.81849 -108.258 
v 36.3114 5.81849 -123.93 
v 54.2293 5.81849 -141.848 
v 69.9016 5.81849 -126.176 
v 54.2293 -102.5 -141.848 
v 69.9016 -102.5 -126.176 
v 69.9016 5.81849 -126.176 
v 51.9837 5.81849 -108.258 
v 69.9016 -102.5 -126.176 
v 51.9837 -102.5 -108.258 
v 51.9837 -102.5 -108.258 
v 36.3114 -102.5 -123.93 
v 69.9016 -102.5 -126.176 
v 54.2293 -102.5 -141.848 
v 51.9837 5.81849 -108.258 
v 36.3114 5.81849 -123.93 
v 51.9837 -102.5 -108.258 
v 36.3114 -102.5 -123.93 

vn -0.708661 0 -0.708661 
vn -0.708661 0 -0.708661 
vn -0.708661 0 -0.708661 
vn -0.708661 0 -0.708661 
vn 0 1 0 
vn 0 1 0 
vn 0 1 0 
vn 0 1 0 
vn 0.708661 0 -0.708661 
vn 0.708661 0 -0.708661 
vn 0.708661 0 -0.708661 
vn 0.708661 0 -0.708661 
vn 0.708661 0 0.708661 
vn 0.708661 0 0.708661 
vn 0.708661 0 0.708661 
vn 0.708661 0 0.708661 
vn 0 -1 0 
vn 0 -1 0 
vn 0 -1 0 
vn 0 -1 0 
vn -0.708661 0 0.708661 
vn -0.708661 0 0.708661 
vn -0.708661 0 0.708661 
vn -0.708661 0 0.708661 

vt 7.28771 5.55606 
vt 4.75373 5.55606 
vt 7.28771 -5.27574 
vt 4.75373 -5.27574 
vt 6.97013 5.55606 
vt 4.75373 5.55606 
vt 6.97013 3.02208 
vt 4.75373 3.02208 
vt 6.97013 5.55606 
vt 4.75373 5.55606 
vt 6.97013 -5.27574 
vt 4.75373 -5.27574 
vt 7.28771 5.55606 
vt 4.75373 5.55606 
vt 7.28771 -5.27574 
vt 4.75373 -5.27574 
vt 6.97013 5.55606 
vt 4.75373 5.55606 
vt 6.97013 3.02208 
vt 4.75373 3.02208 
vt 6.97013 5.55606 
vt 4.75373 5.55606 
vt 6.97013 -5.27574 
vt 4.75373 -5.27574 

usemtl Part11Mtl

f 3649/3649/3649 3650/3650/3650 3651/3651/3651 
f 3651/3651/3651 3650/3650/3650 3652/3652/3652 
f 3653/3653/3653 3654/3654/3654 3655/3655/3655 
f 3655/3655/3655 3654/3654/3654 3656/3656/3656 
f 3657/3657/3657 3658/3658/3658 3659/3659/3659 
f 3659/3659/3659 3658/3658/3658 3660/3660/3660 
f 3661/3661/3661 3662/3662/3662 3663/3663/3663 
f 3663/3663/3663 3662/3662/3662 3664/3664/3664 
f 3665/3665/3665 3666/3666/3666 3667/3667/3667 
f 3667/3667/3667 3666/3666/3666 3668/3668/3668 
f 3669/3669/3669 3670/3670/3670 3671/3671/3671 
f 3671/3671/3671 3670/3670/3670 3672/3672/3672 

g Part154

v 44.1458 6.81849 -100.504 
v 44.1458 6.81849 -119.844 
v 44.1458 -102.5 -100.504 
v 44.1458 -102.5 -119.844 
v 66.3098 6.81849 -119.844 
v 44.1458 6.81849 -119.844 
v 66.3098 6.81849 -100.504 
v 44.1458 6.81849 -100.504 
v 44.1458 6.81849 -119.844 
v 66.3098 6.81849 -119.844 
v 44.1458 -102.5 -119.844 
v 66.3098 -102.5 -119.844 
v 66.3098 6.81849 -119.844 
v 66.3098 6.81849 -100.504 
v 66.3098 -102.5 -119.844 
v 66.3098 -102.5 -100.504 
v 66.3098 -102.5 -100.504 
v 44.1458 -102.5 -100.504 
v 66.3098 -102.5 -119.844 
v 44.1458 -102.5 -119.844 
v 66.3098 6.81849 -100.504 
v 44.1458 6.81849 -100.504 
v 66.3098 -102.5 -100.504 
v 44.1458 -102.5 -100.504 

vn -1 0 0 
vn -1 0 0 
vn -1 0 0 
vn -1 0 0 
vn 0 1 0 
vn 0 1 0 
vn 0 1 0 
vn 0 1 0 
vn 0 0 -1 
vn 0 0 -1 
vn 0 0 -1 
vn 0 0 -1 
vn 1 0 0 
vn 1 0 0 
vn 1 0 0 
vn 1 0 0 
vn 0 -1 0 
vn 0 -1 0 
vn 0 -1 0 
vn 0 -1 0 
vn 0 0 1 
vn 0 0 1 
vn 0 0 1 
vn 0 0 1 

vt 6.9664 -4.34989 
vt 5.03242 -4.34989 
vt 6.9664 -15.2817 
vt 5.03242 -15.2817 
vt 7.24882 -4.34989 
vt 5.03242 -4.34989 
vt 7.24882 -6.28386 
vt 5.03242 -6.28386 
vt 7.24882 -4.34989 
vt 5.03242 -4.34989 
vt 7.24882 -15.2817 
vt 5.03242 -15.2817 
vt 6.9664 -4.34989 
vt 5.03242 -4.34989 
vt 6.9664 -15.2817 
vt 5.03242 -15.2817 
vt 7.24882 -4.34989 
vt 5.03242 -4.34989 
vt 7.24882 -6.28386 
vt 5.03242 -6.28386 
vt 7.24882 -4.34989 
vt 5.03242 -4.34989 
vt 7.24882 -15.2817 
vt 5.03242 -15.2817 

usemtl Part11Mtl

f 3673/3673/3673 3674/3674/3674 3675/3675/3675 
f 3675/3675/3675 3674/3674/3674 3676/3676/3676 
f 3677/3677/3677 3678/3678/3678 3679/3679/3679 
f 3679/3679/3679 3678/3678/3678 3680/3680/3680 
f 3681/3681/3681 3682/3682/3682 3683/3683/3683 
f 3683/3683/3683 3682/3682/3682 3684/3684/3684 
f 3685/3685/3685 3686/3686/3686 3687/3687/3687 
f 3687/3687/3687 3686/3686/3686 3688/3688/3688 
f 3689/3689/3689 3690/3690/3690 3691/3691/3691 
f 3691/3691/3691 3690/3690/3690 3692/3692/3692 
f 3693/3693/3693 3694/3694/3694 3695/3695/3695 
f 3695/3695/3695 3694/3694/3694 3696/3696/3696 

g Part155

v 42.0245 4.81849 -133.383 
v 42.0245 4.81849 -165.723 
v 42.0245 -102.5 -133.383 
v 42.0245 -102.5 -165.723 
v 64.1885 4.81849 -165.723 
v 42.0245 4.81849 -165.723 
v 64.1885 4.81849 -133.383 
v 42.0245 4.81849 -133.383 
v 42.0245 4.81849 -165.723 
v 64.1885 4.81849 -165.723 
v 42.0245 -102.5 -165.723 
v 64.1885 -102.5 -165.723 
v 64.1885 4.81849 -165.723 
v 64.1885 4.81849 -133.383 
v 64.1885 -102.5 -165.723 
v 64.1885 -102.5 -133.383 
v 64.1885 -102.5 -133.383 
v 42.0245 -102.5 -133.383 
v 64.1885 -102.5 -165.723 
v 42.0245 -102.5 -165.723 
v 64.1885 4.81849 -133.383 
v 42.0245 4.81849 -133.383 
v 64.1885 -102.5 -133.383 
v 42.0245 -102.5 -133.383 

vn -1 0 0 
vn -1 0 0 
vn -1 0 0 
vn -1 0 0 
vn 0 1 0 
vn 0 1 0 
vn 0 1 0 
vn 0 1 0 
vn 0 0 -1 
vn 0 0 -1 
vn 0 0 -1 
vn 0 0 -1 
vn 1 0 0 
vn 1 0 0 
vn 1 0 0 
vn 1 0 0 
vn 0 -1 0 
vn 0 -1 0 
vn 0 -1 0 
vn 0 -1 0 
vn 0 0 1 
vn 0 0 1 
vn 0 0 1 
vn 0 0 1 

vt 6.4675 -4.28613 
vt 3.23352 -4.28613 
vt 6.4675 -15.0179 
vt 3.23352 -15.0179 
vt 5.44992 -4.28613 
vt 3.23352 -4.28613 
vt 5.44992 -7.52011 
vt 3.23352 -7.52011 
vt 5.44992 -4.28613 
vt 3.23352 -4.28613 
vt 5.44992 -15.0179 
vt 3.23352 -15.0179 
vt 6.4675 -4.28613 
vt 3.23352 -4.28613 
vt 6.4675 -15.0179 
vt 3.23352 -15.0179 
vt 5.44992 -4.28613 
vt 3.23352 -4.28613 
vt 5.44992 -7.52011 
vt 3.23352 -7.52011 
vt 5.44992 -4.28613 
vt 3.23352 -4.28613 
vt 5.44992 -15.0179 
vt 3.23352 -15.0179 

usemtl Part11Mtl

f 3697/3697/3697 3698/3698/3698 3699/3699/3699 
f 3699/3699/3699 3698/3698/3698 3700/3700/3700 
f 3701/3701/3701 3702/3702/3702 3703/3703/3703 
f 3703/3703/3703 3702/3702/3702 3704/3704/3704 
f 3705/3705/3705 3706/3706/3706 3707/3707/3707 
f 3707/3707/3707 3706/3706/3706 3708/3708/3708 
f 3709/3709/3709 3710/3710/3710 3711/3711/3711 
f 3711/3711/3711 3710/3710/3710 3712/3712/3712 
f 3713/3713/3713 3714/3714/3714 3715/3715/3715 
f 3715/3715/3715 3714/3714/3714 3716/3716/3716 
f 3717/3717/3717 3718/3718/3718 3719/3719/3719 
f 3719/3719/3719 3718/3718/3718 3720/3720/3720 

g Part156

v 39.4243 6.81849 -192.09 
v 54.5941 6.81849 -218.365 
v 39.4243 -102.5 -192.09 
v 54.5941 -102.5 -218.365 
v 73.7887 6.81849 -207.283 
v 54.5941 6.81849 -218.365 
v 58.6188 6.81849 -181.008 
v 39.4243 6.81849 -192.09 
v 54.5941 6.81849 -218.365 
v 73.7887 6.81849 -207.283 
v 54.5941 -102.5 -218.365 
v 73.7887 -102.5 -207.283 
v 73.7887 6.81849 -207.283 
v 58.6188 6.81849 -181.008 
v 73.7887 -102.5 -207.283 
v 58.6188 -102.5 -181.008 
v 58.6188 -102.5 -181.008 
v 39.4243 -102.5 -192.09 
v 73.7887 -102.5 -207.283 
v 54.5941 -102.5 -218.365 
v 58.6188 6.81849 -181.008 
v 39.4243 6.81849 -192.09 
v 58.6188 -102.5 -181.008 
v 39.4243 -102.5 -192.09 

vn -0.866142 0 -0.496063 
vn -0.866142 0 -0.496063 
vn -0.866142 0 -0.496063 
vn -0.866142 0 -0.496063 
vn 0 1 0 
vn 0 1 0 
vn 0 1 0 
vn 0 1 0 
vn 0.503937 0 -0.866142 
vn 0.503937 0 -0.866142 
vn 0.503937 0 -0.866142 
vn 0.503937 0 -0.866142 
vn 0.866142 0 0.503937 
vn 0.866142 0 0.503937 
vn 0.866142 0 0.503937 
vn 0.866142 0 0.503937 
vn 0 -1 0 
vn 0 -1 0 
vn 0 -1 0 
vn 0 -1 0 
vn -0.496063 0 0.866142 
vn -0.496063 0 0.866142 
vn -0.496063 0 0.866142 
vn -0.496063 0 0.866142 

vt 0.890227 3.59934 
vt -2.14375 3.59934 
vt 0.890227 -7.33246 
vt -2.14375 -7.33246 
vt 0.0726475 3.59934 
vt -2.14375 3.59934 
vt 0.0726475 0.565366 
vt -2.14375 0.565366 
vt 0.0726475 3.59934 
vt -2.14375 3.59934 
vt 0.0726475 -7.33246 
vt -2.14375 -7.33246 
vt 0.890227 3.59934 
vt -2.14375 3.59934 
vt 0.890227 -7.33246 
vt -2.14375 -7.33246 
vt 0.0726475 3.59934 
vt -2.14375 3.59934 
vt 0.0726475 0.565366 
vt -2.14375 0.565366 
vt 0.0726475 3.59934 
vt -2.14375 3.59934 
vt 0.0726475 -7.33246 
vt -2.14375 -7.33246 

usemtl Part23Mtl

f 3721/3721/3721 3722/3722/3722 3723/3723/3723 
f 3723/3723/3723 3722/3722/3722 3724/3724/3724 
f 3725/3725/3725 3726/3726/3726 3727/3727/3727 
f 3727/3727/3727 3726/3726/3726 3728/3728/3728 
f 3729/3729/3729 3730/3730/3730 3731/3731/3731 
f 3731/3731/3731 3730/3730/3730 3732/3732/3732 
f 3733/3733/3733 3734/3734/3734 3735/3735/3735 
f 3735/3735/3735 3734/3734/3734 3736/3736/3736 
f 3737/3737/3737 3738/3738/3738 3739/3739/3739 
f 3739/3739/3739 3738/3738/3738 3740/3740/3740 
f 3741/3741/3741 3742/3742/3742 3743/3743/3743 
f 3743/3743/3743 3742/3742/3742 3744/3744/3744 

g Part157

v 46.0245 7.81849 -156.383 
v 46.0245 7.81849 -188.723 
v 46.0245 -102.5 -156.383 
v 46.0245 -102.5 -188.723 
v 68.1885 7.81849 -188.723 
v 46.0245 7.81849 -188.723 
v 68.1885 7.81849 -156.383 
v 46.0245 7.81849 -156.383 
v 46.0245 7.81849 -188.723 
v 68.1885 7.81849 -188.723 
v 46.0245 -102.5 -188.723 
v 68.1885 -102.5 -188.723 
v 68.1885 7.81849 -188.723 
v 68.1885 7.81849 -156.383 
v 68.1885 -102.5 -188.723 
v 68.1885 -102.5 -156.383 
v 68.1885 -102.5 -156.383 
v 46.0245 -102.5 -156.383 
v 68.1885 -102.5 -188.723 
v 46.0245 -102.5 -188.723 
v 68.1885 7.81849 -156.383 
v 46.0245 7.81849 -156.383 
v 68.1885 -102.5 -156.383 
v 46.0245 -102.5 -156.383 

vn -1 0 0 
vn -1 0 0 
vn -1 0 0 
vn -1 0 0 
vn 0 1 0 
vn 0 1 0 
vn 0 1 0 
vn 0 1 0 
vn 0 0 -1 
vn 0 0 -1 
vn 0 0 -1 
vn 0 0 -1 
vn 1 0 0 
vn 1 0 0 
vn 1 0 0 
vn 1 0 0 
vn 0 -1 0 
vn 0 -1 0 
vn 0 -1 0 
vn 0 -1 0 
vn 0 0 1 
vn 0 0 1 
vn 0 0 1 
vn 0 0 1 

vt 2.49173 3.12129 
vt -0.742242 3.12129 
vt 2.49173 -7.91051 
vt -0.742242 -7.91051 
vt 1.47416 3.12129 
vt -0.742242 3.12129 
vt 1.47416 -0.112687 
vt -0.742242 -0.112687 
vt 1.47416 3.12129 
vt -0.742242 3.12129 
vt 1.47416 -7.91051 
vt -0.742242 -7.91051 
vt 2.49173 3.12129 
vt -0.742242 3.12129 
vt 2.49173 -7.91051 
vt -0.742242 -7.91051 
vt 1.47416 3.12129 
vt -0.742242 3.12129 
vt 1.47416 -0.112687 
vt -0.742242 -0.112687 
vt 1.47416 3.12129 
vt -0.742242 3.12129 
vt 1.47416 -7.91051 
vt -0.742242 -7.91051 

usemtl Part13Mtl

f 3745/3745/3745 3746/3746/3746 3747/3747/3747 
f 3747/3747/3747 3746/3746/3746 3748/3748/3748 
f 3749/3749/3749 3750/3750/3750 3751/3751/3751 
f 3751/3751/3751 3750/3750/3750 3752/3752/3752 
f 3753/3753/3753 3754/3754/3754 3755/3755/3755 
f 3755/3755/3755 3754/3754/3754 3756/3756/3756 
f 3757/3757/3757 3758/3758/3758 3759/3759/3759 
f 3759/3759/3759 3758/3758/3758 3760/3760/3760 
f 3761/3761/3761 3762/3762/3762 3763/3763/3763 
f 3763/3763/3763 3762/3762/3762 3764/3764/3764 
f 3765/3765/3765 3766/3766/3766 3767/3767/3767 
f 3767/3767/3767 3766/3766/3766 3768/3768/3768 

g Part158

v 44.1458 5.81849 -215.504 
v 44.1458 5.81849 -234.844 
v 44.1458 -102.5 -215.504 
v 44.1458 -102.5 -234.844 
v 66.3098 5.81849 -234.844 
v 44.1458 5.81849 -234.844 
v 66.3098 5.81849 -215.504 
v 44.1458 5.81849 -215.504 
v 44.1458 5.81849 -234.844 
v 66.3098 5.81849 -234.844 
v 44.1458 -102.5 -234.844 
v 66.3098 -102.5 -234.844 
v 66.3098 5.81849 -234.844 
v 66.3098 5.81849 -215.504 
v 66.3098 -102.5 -234.844 
v 66.3098 -102.5 -215.504 
v 66.3098 -102.5 -215.504 
v 44.1458 -102.5 -215.504 
v 66.3098 -102.5 -234.844 
v 44.1458 -102.5 -234.844 
v 66.3098 5.81849 -215.504 
v 44.1458 5.81849 -215.504 
v 66.3098 -102.5 -215.504 
v 44.1458 -102.5 -215.504 

vn -1 0 0 
vn -1 0 0 
vn -1 0 0 
vn -1 0 0 
vn 0 1 0 
vn 0 1 0 
vn 0 1 0 
vn 0 1 0 
vn 0 0 -1 
vn 0 0 -1 
vn 0 0 -1 
vn 0 0 -1 
vn 1 0 0 
vn 1 0 0 
vn 1 0 0 
vn 1 0 0 
vn 0 -1 0 
vn 0 -1 0 
vn 0 -1 0 
vn 0 -1 0 
vn 0 0 1 
vn 0 0 1 
vn 0 0 1 
vn 0 0 1 

vt 5.44837 -4.21447 
vt 3.5144 -4.21447 
vt 5.44837 -15.0463 
vt 3.5144 -15.0463 
vt 5.7308 -4.21447 
vt 3.5144 -4.21447 
vt 5.7308 -6.14845 
vt 3.5144 -6.14845 
vt 5.7308 -4.21447 
vt 3.5144 -4.21447 
vt 5.7308 -15.0463 
vt 3.5144 -15.0463 
vt 5.44837 -4.21447 
vt 3.5144 -4.21447 
vt 5.44837 -15.0463 
vt 3.5144 -15.0463 
vt 5.7308 -4.21447 
vt 3.5144 -4.21447 
vt 5.7308 -6.14845 
vt 3.5144 -6.14845 
vt 5.7308 -4.21447 
vt 3.5144 -4.21447 
vt 5.7308 -15.0463 
vt 3.5144 -15.0463 

usemtl Part13Mtl

f 3769/3769/3769 3770/3770/3770 3771/3771/3771 
f 3771/3771/3771 3770/3770/3770 3772/3772/3772 
f 3773/3773/3773 3774/3774/3774 3775/3775/3775 
f 3775/3775/3775 3774/3774/3774 3776/3776/3776 
f 3777/3777/3777 3778/3778/3778 3779/3779/3779 
f 3779/3779/3779 3778/3778/3778 3780/3780/3780 
f 3781/3781/3781 3782/3782/3782 3783/3783/3783 
f 3783/3783/3783 3782/3782/3782 3784/3784/3784 
f 3785/3785/3785 3786/3786/3786 3787/3787/3787 
f 3787/3787/3787 3786/3786/3786 3788/3788/3788 
f 3789/3789/3789 3790/3790/3790 3791/3791/3791 
f 3791/3791/3791 3790/3790/3790 3792/3792/3792 

g Part159

v 39.1369 3.81849 -260.865 
v 57.8177 3.81849 -265.87 
v 39.1369 -102.5 -260.865 
v 57.8177 -102.5 -265.87 
v 67.4364 3.81849 -229.973 
v 57.8177 3.81849 -265.87 
v 48.7556 3.81849 -224.967 
v 39.1369 3.81849 -260.865 
v 57.8177 3.81849 -265.87 
v 67.4364 3.81849 -229.973 
v 57.8177 -102.5 -265.87 
v 67.4364 -102.5 -229.973 
v 67.4364 3.81849 -229.973 
v 48.7556 3.81849 -224.967 
v 67.4364 -102.5 -229.973 
v 48.7556 -102.5 -224.967 
v 48.7556 -102.5 -224.967 
v 39.1369 -102.5 -260.865 
v 67.4364 -102.5 -229.973 
v 57.8177 -102.5 -265.87 
v 48.7556 3.81849 -224.967 
v 39.1369 3.81849 -260.865 
v 48.7556 -102.5 -224.967 
v 39.1369 -102.5 -260.865 

vn -0.259843 0 -0.968504 
vn -0.259843 0 -0.968504 
vn -0.259843 0 -0.968504 
vn -0.259843 0 -0.968504 
vn 0 1 0 
vn 0 1 0 
vn 0 1 0 
vn 0 1 0 
vn 0.968504 0 -0.259843 
vn 0.968504 0 -0.259843 
vn 0.968504 0 -0.259843 
vn 0.968504 0 -0.259843 
vn 0.259843 0 0.968504 
vn 0.259843 0 0.968504 
vn 0.259843 0 0.968504 
vn 0.259843 0 0.968504 
vn 0 -1 0 
vn 0 -1 0 
vn 0 -1 0 
vn 0 -1 0 
vn -0.968504 0 0.259843 
vn -0.968504 0 0.259843 
vn -0.968504 0 0.259843 
vn -0.968504 0 0.259843 

vt 5.0632 9.11044 
vt 3.12922 9.11044 
vt 5.0632 -1.52136 
vt 3.12922 -1.52136 
vt 6.84562 9.11044 
vt 3.12922 9.11044 
vt 6.84562 7.17647 
vt 3.12922 7.17647 
vt 6.84562 9.11044 
vt 3.12922 9.11044 
vt 6.84562 -1.52136 
vt 3.12922 -1.52136 
vt 5.0632 9.11044 
vt 3.12922 9.11044 
vt 5.0632 -1.52136 
vt 3.12922 -1.52136 
vt 6.84562 9.11044 
vt 3.12922 9.11044 
vt 6.84562 7.17647 
vt 3.12922 7.17647 
vt 6.84562 9.11044 
vt 3.12922 9.11044 
vt 6.84562 -1.52136 
vt 3.12922 -1.52136 

usemtl Part11Mtl

f 3793/3793/3793 3794/3794/3794 3795/3795/3795 
f 3795/3795/3795 3794/3794/3794 3796/3796/3796 
f 3797/3797/3797 3798/3798/3798 3799/3799/3799 
f 3799/3799/3799 3798/3798/3798 3800/3800/3800 
f 3801/3801/3801 3802/3802/3802 3803/3803/3803 
f 3803/3803/3803 3802/3802/3802 3804/3804/3804 
f 3805/3805/3805 3806/3806/3806 3807/3807/3807 
f 3807/3807/3807 3806/3806/3806 3808/3808/3808 
f 3809/3809/3809 3810/3810/3810 3811/3811/3811 
f 3811/3811/3811 3810/3810/3810 3812/3812/3812 
f 3813/3813/3813 3814/3814/3814 3815/3815/3815 
f 3815/3815/3815 3814/3814/3814 3816/3816/3816 

g Part160

v -24.8115 4.81849 -86.6658 
v -24.8115 4.81849 -54.326 
v -24.8115 -102.5 -86.6658 
v -24.8115 -102.5 -54.326 
v -46.9755 4.81849 -54.326 
v -24.8115 4.81849 -54.326 
v -46.9755 4.81849 -86.6658 
v -24.8115 4.81849 -86.6658 
v -24.8115 4.81849 -54.326 
v -46.9755 4.81849 -54.326 
v -24.8115 -102.5 -54.326 
v -46.9755 -102.5 -54.326 
v -46.9755 4.81849 -54.326 
v -46.9755 4.81849 -86.6658 
v -46.9755 -102.5 -54.326 
v -46.9755 -102.5 -86.6658 
v -46.9755 -102.5 -86.6658 
v -24.8115 -102.5 -86.6658 
v -46.9755 -102.5 -54.326 
v -24.8115 -102.5 -54.326 
v -46.9755 4.81849 -86.6658 
v -24.8115 4.81849 -86.6658 
v -46.9755 -102.5 -86.6658 
v -24.8115 -102.5 -86.6658 

vn 1 0 0 
vn 1 0 0 
vn 1 0 0 
vn 1 0 0 
vn 0 1 0 
vn 0 1 0 
vn 0 1 0 
vn 0 1 0 
vn 0 0 1 
vn 0 0 1 
vn 0 0 1 
vn 0 0 1 
vn -1 0 0 
vn -1 0 0 
vn -1 0 0 
vn -1 0 0 
vn 0 -1 0 
vn 0 -1 0 
vn 0 -1 0 
vn 0 -1 0 
vn 0 0 -1 
vn 0 0 -1 
vn 0 0 -1 
vn 0 0 -1 

vt 0.634634 -5.73589 
vt -2.59934 -5.73589 
vt 0.634634 -16.4677 
vt -2.59934 -16.4677 
vt -0.382945 -5.73589 
vt -2.59934 -5.73589 
vt -0.382945 -8.96987 
vt -2.59934 -8.96987 
vt -0.382945 -5.73589 
vt -2.59934 -5.73589 
vt -0.382945 -16.4677 
vt -2.59934 -16.4677 
vt 0.634634 -5.73589 
vt -2.59934 -5.73589 
vt 0.634634 -16.4677 
vt -2.59934 -16.4677 
vt -0.382945 -5.73589 
vt -2.59934 -5.73589 
vt -0.382945 -8.96987 
vt -2.59934 -8.96987 
vt -0.382945 -5.73589 
vt -2.59934 -5.73589 
vt -0.382945 -16.4677 
vt -2.59934 -16.4677 

usemtl Part116Mtl

f 3817/3817/3817 3818/3818/3818 3819/3819/3819 
f 3819/3819/3819 3818/3818/3818 3820/3820/3820 
f 3821/3821/3821 3822/3822/3822 3823/3823/3823 
f 3823/3823/3823 3822/3822/3822 3824/3824/3824 
f 3825/3825/3825 3826/3826/3826 3827/3827/3827 
f 3827/3827/3827 3826/3826/3826 3828/3828/3828 
f 3829/3829/3829 3830/3830/3830 3831/3831/3831 
f 3831/3831/3831 3830/3830/3830 3832/3832/3832 
f 3833/3833/3833 3834/3834/3834 3835/3835/3835 
f 3835/3835/3835 3834/3834/3834 3836/3836/3836 
f 3837/3837/3837 3838/3838/3838 3839/3839/3839 
f 3839/3839/3839 3838/3838/3838 3840/3840/3840 

g Part161

v -32.3096 4.81849 44.0711 
v -51.6494 4.81849 44.0711 
v -32.3096 -102.5 44.0711 
v -51.6494 -102.5 44.0711 
v -51.6494 4.81849 6.90716 
v -51.6494 4.81849 44.0711 
v -32.3097 4.81849 6.90715 
v -32.3096 4.81849 44.0711 
v -51.6494 4.81849 44.0711 
v -51.6494 4.81849 6.90716 
v -51.6494 -102.5 44.0711 
v -51.6494 -102.5 6.90716 
v -51.6494 4.81849 6.90716 
v -32.3097 4.81849 6.90715 
v -51.6494 -102.5 6.90716 
v -32.3097 -102.5 6.90715 
v -32.3097 -102.5 6.90715 
v -32.3096 -102.5 44.0711 
v -51.6494 -102.5 6.90716 
v -51.6494 -102.5 44.0711 
v -32.3097 4.81849 6.90715 
v -32.3096 4.81849 44.0711 
v -32.3097 -102.5 6.90715 
v -32.3096 -102.5 44.0711 

vn 0 0 1 
vn 0 0 1 
vn 0 0 1 
vn 0 0 1 
vn 0 1 0 
vn 0 1 0 
vn 0 1 0 
vn 0 1 0 
vn -1 0 0 
vn -1 0 0 
vn -1 0 0 
vn -1 0 0 
vn 0 0 -1 
vn 0 0 -1 
vn 0 0 -1 
vn 0 0 -1 
vn 0 -1 0 
vn 0 -1 0 
vn 0 -1 0 
vn 0 -1 0 
vn 1 0 0 
vn 1 0 0 
vn 1 0 0 
vn 1 0 0 

vt 9.62939 3.17024 
vt 7.69541 3.17024 
vt 9.62939 -7.56156 
vt 7.69541 -7.56156 
vt 11.4118 3.17024 
vt 7.69541 3.17024 
vt 11.4118 1.23627 
vt 7.69541 1.23627 
vt 11.4118 3.17024 
vt 7.69541 3.17024 
vt 11.4118 -7.56156 
vt 7.69541 -7.56156 
vt 9.62939 3.17024 
vt 7.69541 3.17024 
vt 9.62939 -7.56156 
vt 7.69541 -7.56156 
vt 11.4118 3.17024 
vt 7.69541 3.17024 
vt 11.4118 1.23627 
vt 7.69541 1.23627 
vt 11.4118 3.17024 
vt 7.69541 3.17024 
vt 11.4118 -7.56156 
vt 7.69541 -7.56156 

usemtl Part11Mtl

f 3841/3841/3841 3842/3842/3842 3843/3843/3843 
f 3843/3843/3843 3842/3842/3842 3844/3844/3844 
f 3845/3845/3845 3846/3846/3846 3847/3847/3847 
f 3847/3847/3847 3846/3846/3846 3848/3848/3848 
f 3849/3849/3849 3850/3850/3850 3851/3851/3851 
f 3851/3851/3851 3850/3850/3850 3852/3852/3852 
f 3853/3853/3853 3854/3854/3854 3855/3855/3855 
f 3855/3855/3855 3854/3854/3854 3856/3856/3856 
f 3857/3857/3857 3858/3858/3858 3859/3859/3859 
f 3859/3859/3859 3858/3858/3858 3860/3860/3860 
f 3861/3861/3861 3862/3862/3862 3863/3863/3863 
f 3863/3863/3863 3862/3862/3862 3864/3864/3864 

g Part162

v -23.0984 5.81849 -202.119 
v -41.0163 5.81849 -184.201 
v -23.0984 -102.5 -202.119 
v -41.0163 -102.5 -184.201 
v -56.6886 5.81849 -199.873 
v -41.0163 5.81849 -184.201 
v -38.7707 5.81849 -217.791 
v -23.0984 5.81849 -202.119 
v -41.0163 5.81849 -184.201 
v -56.6886 5.81849 -199.873 
v -41.0163 -102.5 -184.201 
v -56.6886 -102.5 -199.873 
v -56.6886 5.81849 -199.873 
v -38.7707 5.81849 -217.791 
v -56.6886 -102.5 -199.873 
v -38.7707 -102.5 -217.791 
v -38.7707 -102.5 -217.791 
v -23.0984 -102.5 -202.119 
v -56.6886 -102.5 -199.873 
v -41.0163 -102.5 -184.201 
v -38.7707 5.81849 -217.791 
v -23.0984 5.81849 -202.119 
v -38.7707 -102.5 -217.791 
v -23.0984 -102.5 -202.119 

vn 0.708661 0 0.708661 
vn 0.708661 0 0.708661 
vn 0.708661 0 0.708661 
vn 0.708661 0 0.708661 
vn 0 1 0 
vn 0 1 0 
vn 0 1 0 
vn 0 1 0 
vn -0.708661 0 0.708661 
vn -0.708661 0 0.708661 
vn -0.708661 0 0.708661 
vn -0.708661 0 0.708661 
vn -0.708661 0 -0.708661 
vn -0.708661 0 -0.708661 
vn -0.708661 0 -0.708661 
vn -0.708661 0 -0.708661 
vn 0 -1 0 
vn 0 -1 0 
vn 0 -1 0 
vn 0 -1 0 
vn 0.708661 0 -0.708661 
vn 0.708661 0 -0.708661 
vn 0.708661 0 -0.708661 
vn 0.708661 0 -0.708661 

vt 7.63438 -5.48112 
vt 5.1004 -5.48112 
vt 7.63438 -16.3129 
vt 5.1004 -16.3129 
vt 7.3168 -5.48112 
vt 5.1004 -5.48112 
vt 7.3168 -8.0151 
vt 5.1004 -8.0151 
vt 7.3168 -5.48112 
vt 5.1004 -5.48112 
vt 7.3168 -16.3129 
vt 5.1004 -16.3129 
vt 7.63438 -5.48112 
vt 5.1004 -5.48112 
vt 7.63438 -16.3129 
vt 5.1004 -16.3129 
vt 7.3168 -5.48112 
vt 5.1004 -5.48112 
vt 7.3168 -8.0151 
vt 5.1004 -8.0151 
vt 7.3168 -5.48112 
vt 5.1004 -5.48112 
vt 7.3168 -16.3129 
vt 5.1004 -16.3129 

usemtl Part13Mtl

f 3865/3865/3865 3866/3866/3866 3867/3867/3867 
f 3867/3867/3867 3866/3866/3866 3868/3868/3868 
f 3869/3869/3869 3870/3870/3870 3871/3871/3871 
f 3871/3871/3871 3870/3870/3870 3872/3872/3872 
f 3873/3873/3873 3874/3874/3874 3875/3875/3875 
f 3875/3875/3875 3874/3874/3874 3876/3876/3876 
f 3877/3877/3877 3878/3878/3878 3879/3879/3879 
f 3879/3879/3879 3878/3878/3878 3880/3880/3880 
f 3881/3881/3881 3882/3882/3882 3883/3883/3883 
f 3883/3883/3883 3882/3882/3882 3884/3884/3884 
f 3885/3885/3885 3886/3886/3886 3887/3887/3887 
f 3887/3887/3887 3886/3886/3886 3888/3888/3888 

g Part163

v -26.9328 5.81849 -4.54446 
v -26.9328 5.81849 14.7953 
v -26.9328 -102.5 -4.54446 
v -26.9328 -102.5 14.7953 
v -49.0968 5.81849 14.7953 
v -26.9328 5.81849 14.7953 
v -49.0968 5.81849 -4.54445 
v -26.9328 5.81849 -4.54446 
v -26.9328 5.81849 14.7953 
v -49.0968 5.81849 14.7953 
v -26.9328 -102.5 14.7953 
v -49.0968 -102.5 14.7953 
v -49.0968 5.81849 14.7953 
v -49.0968 5.81849 -4.54445 
v -49.0968 -102.5 14.7953 
v -49.0968 -102.5 -4.54445 
v -49.0968 -102.5 -4.54445 
v -26.9328 -102.5 -4.54446 
v -49.0968 -102.5 14.7953 
v -26.9328 -102.5 14.7953 
v -49.0968 5.81849 -4.54445 
v -26.9328 5.81849 -4.54446 
v -49.0968 -102.5 -4.54445 
v -26.9328 -102.5 -4.54446 

vn 1 0 0 
vn 1 0 0 
vn 1 0 0 
vn 1 0 0 
vn 0 1 0 
vn 0 1 0 
vn 0 1 0 
vn 0 1 0 
vn 0 0 1 
vn 0 0 1 
vn 0 0 1 
vn 0 0 1 
vn -1 0 0 
vn -1 0 0 
vn -1 0 0 
vn -1 0 0 
vn 0 -1 0 
vn 0 -1 0 
vn 0 -1 0 
vn 0 -1 0 
vn 0 0 -1 
vn 0 0 -1 
vn 0 0 -1 
vn 0 0 -1 

vt 9.15735 5.0381 
vt 7.22337 5.0381 
vt 9.15735 -5.7937 
vt 7.22337 -5.7937 
vt 9.43977 5.0381 
vt 7.22337 5.0381 
vt 9.43977 3.10412 
vt 7.22337 3.10412 
vt 9.43977 5.0381 
vt 7.22337 5.0381 
vt 9.43977 -5.7937 
vt 7.22337 -5.7937 
vt 9.15735 5.0381 
vt 7.22337 5.0381 
vt 9.15735 -5.7937 
vt 7.22337 -5.7937 
vt 9.43977 5.0381 
vt 7.22337 5.0381 
vt 9.43977 3.10412 
vt 7.22337 3.10412 
vt 9.43977 5.0381 
vt 7.22337 5.0381 
vt 9.43977 -5.7937 
vt 7.22337 -5.7937 

usemtl Part116Mtl

f 3889/3889/3889 3890/3890/3890 3891/3891/3891 
f 3891/3891/3891 3890/3890/3890 3892/3892/3892 
f 3893/3893/3893 3894/3894/3894 3895/3895/3895 
f 3895/3895/3895 3894/3894/3894 3896/3896/3896 
f 3897/3897/3897 3898/3898/3898 3899/3899/3899 
f 3899/3899/3899 3898/3898/3898 3900/3900/3900 
f 3901/3901/3901 3902/3902/3902 3903/3903/3903 
f 3903/3903/3903 3902/3902/3902 3904/3904/3904 
f 3905/3905/3905 3906/3906/3906 3907/3907/3907 
f 3907/3907/3907 3906/3906/3906 3908/3908/3908 
f 3909/3909/3909 3910/3910/3910 3911/3911/3911 
f 3911/3911/3911 3910/3910/3910 3912/3912/3912 

g Part164

v -22.2113 6.81849 -27.9584 
v -37.3812 6.81849 -1.68343 
v -22.2113 -102.5 -27.9584 
v -37.3812 -102.5 -1.68343 
v -56.5757 6.81849 -12.7654 
v -37.3812 6.81849 -1.68343 
v -41.4058 6.81849 -39.0404 
v -22.2113 6.81849 -27.9584 
v -37.3812 6.81849 -1.68343 
v -56.5757 6.81849 -12.7654 
v -37.3812 -102.5 -1.68343 
v -56.5757 -102.5 -12.7654 
v -56.5757 6.81849 -12.7654 
v -41.4058 6.81849 -39.0404 
v -56.5757 -102.5 -12.7654 
v -41.4058 -102.5 -39.0404 
v -41.4058 -102.5 -39.0404 
v -22.2113 -102.5 -27.9584 
v -56.5757 -102.5 -12.7654 
v -37.3812 -102.5 -1.68343 
v -41.4058 6.81849 -39.0404 
v -22.2113 6.81849 -27.9584 
v -41.4058 -102.5 -39.0404 
v -22.2113 -102.5 -27.9584 

vn 0.866142 0 0.496063 
vn 0.866142 0 0.496063 
vn 0.866142 0 0.496063 
vn 0.866142 0 0.496063 
vn 0 1 0 
vn 0 1 0 
vn 0 1 0 
vn 0 1 0 
vn -0.496063 0 0.866142 
vn -0.496063 0 0.866142 
vn -0.496063 0 0.866142 
vn -0.496063 0 0.866142 
vn -0.866142 0 -0.496063 
vn -0.866142 0 -0.496063 
vn -0.866142 0 -0.496063 
vn -0.866142 0 -0.496063 
vn 0 -1 0 
vn 0 -1 0 
vn 0 -1 0 
vn 0 -1 0 
vn 0.496063 0 -0.866142 
vn 0.496063 0 -0.866142 
vn 0.496063 0 -0.866142 
vn 0.496063 0 -0.866142 

vt 6.82986 3.18084 
vt 3.79588 3.18084 
vt 6.82986 -7.75096 
vt 3.79588 -7.75096 
vt 6.01228 3.18084 
vt 3.79588 3.18084 
vt 6.01228 0.146863 
vt 3.79588 0.146863 
vt 6.01228 3.18084 
vt 3.79588 3.18084 
vt 6.01228 -7.75096 
vt 3.79588 -7.75096 
vt 6.82986 3.18084 
vt 3.79588 3.18084 
vt 6.82986 -7.75096 
vt 3.79588 -7.75096 
vt 6.01228 3.18084 
vt 3.79588 3.18084 
vt 6.01228 0.146863 
vt 3.79588 0.146863 
vt 6.01228 3.18084 
vt 3.79588 3.18084 
vt 6.01228 -7.75096 
vt 3.79588 -7.75096 

usemtl Part13Mtl

f 3913/3913/3913 3914/3914/3914 3915/3915/3915 
f 3915/3915/3915 3914/3914/3914 3916/3916/3916 
f 3917/3917/3917 3918/3918/3918 3919/3919/3919 
f 3919/3919/3919 3918/3918/3918 3920/3920/3920 
f 3921/3921/3921 3922/3922/3922 3923/3923/3923 
f 3923/3923/3923 3922/3922/3922 3924/3924/3924 
f 3925/3925/3925 3926/3926/3926 3927/3927/3927 
f 3927/3927/3927 3926/3926/3926 3928/3928/3928 
f 3929/3929/3929 3930/3930/3930 3931/3931/3931 
f 3931/3931/3931 3930/3930/3930 3932/3932/3932 
f 3933/3933/3933 3934/3934/3934 3935/3935/3935 
f 3935/3935/3935 3934/3934/3934 3936/3936/3936 

g Part165

v -24.7629 8.81849 -138.147 
v -32.6154 8.81849 -108.841 
v -24.7629 -102.5 -138.147 
v -32.6154 -102.5 -108.841 
v -54.0241 8.81849 -114.577 
v -32.6154 8.81849 -108.841 
v -46.1716 8.81849 -143.883 
v -24.7629 8.81849 -138.147 
v -32.6154 8.81849 -108.841 
v -54.0241 8.81849 -114.577 
v -32.6154 -102.5 -108.841 
v -54.0241 -102.5 -114.577 
v -54.0241 8.81849 -114.577 
v -46.1716 8.81849 -143.883 
v -54.0241 -102.5 -114.577 
v -46.1716 -102.5 -143.883 
v -46.1716 -102.5 -143.883 
v -24.7629 -102.5 -138.147 
v -54.0241 -102.5 -114.577 
v -32.6154 -102.5 -108.841 
v -46.1716 8.81849 -143.883 
v -24.7629 8.81849 -138.147 
v -46.1716 -102.5 -143.883 
v -24.7629 -102.5 -138.147 

vn 0.968504 0 0.259843 
vn 0.968504 0 0.259843 
vn 0.968504 0 0.259843 
vn 0.968504 0 0.259843 
vn 0 1 0 
vn 0 1 0 
vn 0 1 0 
vn 0 1 0 
vn -0.259843 0 0.968504 
vn -0.259843 0 0.968504 
vn -0.259843 0 0.968504 
vn -0.259843 0 0.968504 
vn -0.968504 0 -0.259843 
vn -0.968504 0 -0.259843 
vn -0.968504 0 -0.259843 
vn -0.968504 0 -0.259843 
vn 0 -1 0 
vn 0 -1 0 
vn 0 -1 0 
vn 0 -1 0 
vn 0.259843 0 -0.968504 
vn 0.259843 0 -0.968504 
vn 0.259843 0 -0.968504 
vn 0.259843 0 -0.968504 

vt 8.73571 3.04705 
vt 5.70173 3.04705 
vt 8.73571 -8.08475 
vt 5.70173 -8.08475 
vt 7.91813 3.04705 
vt 5.70173 3.04705 
vt 7.91813 0.0130747 
vt 5.70173 0.0130747 
vt 7.91813 3.04705 
vt 5.70173 3.04705 
vt 7.91813 -8.08475 
vt 5.70173 -8.08475 
vt 8.73571 3.04705 
vt 5.70173 3.04705 
vt 8.73571 -8.08475 
vt 5.70173 -8.08475 
vt 7.91813 3.04705 
vt 5.70173 3.04705 
vt 7.91813 0.0130747 
vt 5.70173 0.0130747 
vt 7.91813 3.04705 
vt 5.70173 3.04705 
vt 7.91813 -8.08475 
vt 5.70173 -8.08475 

usemtl Part13Mtl

f 3937/3937/3937 3938/3938/3938 3939/3939/3939 
f 3939/3939/3939 3938/3938/3938 3940/3940/3940 
f 3941/3941/3941 3942/3942/3942 3943/3943/3943 
f 3943/3943/3943 3942/3942/3942 3944/3944/3944 
f 3945/3945/3945 3946/3946/3946 3947/3947/3947 
f 3947/3947/3947 3946/3946/3946 3948/3948/3948 
f 3949/3949/3949 3950/3950/3950 3951/3951/3951 
f 3951/3951/3951 3950/3950/3950 3952/3952/3952 
f 3953/3953/3953 3954/3954/3954 3955/3955/3955 
f 3955/3955/3955 3954/3954/3954 3956/3956/3956 
f 3957/3957/3957 3958/3958/3958 3959/3959/3959 
f 3959/3959/3959 3958/3958/3958 3960/3960/3960 

g Part166

v -19.0984 5.81849 -96.1187 
v -37.0163 5.81849 -78.2008 
v -19.0984 -102.5 -96.1187 
v -37.0163 -102.5 -78.2008 
v -52.6886 5.81849 -93.8731 
v -37.0163 5.81849 -78.2008 
v -34.7707 5.81849 -111.791 
v -19.0984 5.81849 -96.1187 
v -37.0163 5.81849 -78.2008 
v -52.6886 5.81849 -93.8731 
v -37.0163 -102.5 -78.2008 
v -52.6886 -102.5 -93.8731 
v -52.6886 5.81849 -93.8731 
v -34.7707 5.81849 -111.791 
v -52.6886 -102.5 -93.8731 
v -34.7707 -102.5 -111.791 
v -34.7707 -102.5 -111.791 
v -19.0984 -102.5 -96.1187 
v -52.6886 -102.5 -93.8731 
v -37.0163 -102.5 -78.2008 
v -34.7707 5.81849 -111.791 
v -19.0984 5.81849 -96.1187 
v -34.7707 -102.5 -111.791 
v -19.0984 -102.5 -96.1187 

vn 0.708661 0 0.708661 
vn 0.708661 0 0.708661 
vn 0.708661 0 0.708661 
vn 0.708661 0 0.708661 
vn 0 1 0 
vn 0 1 0 
vn 0 1 0 
vn 0 1 0 
vn -0.708661 0 0.708661 
vn -0.708661 0 0.708661 
vn -0.708661 0 0.708661 
vn -0.708661 0 0.708661 
vn -0.708661 0 -0.708661 
vn -0.708661 0 -0.708661 
vn -0.708661 0 -0.708661 
vn -0.708661 0 -0.708661 
vn 0 -1 0 
vn 0 -1 0 
vn 0 -1 0 
vn 0 -1 0 
vn 0.708661 0 -0.708661 
vn 0.708661 0 -0.708661 
vn 0.708661 0 -0.708661 
vn 0.708661 0 -0.708661 

vt 4.85494 -4.07108 
vt 2.32096 -4.07108 
vt 4.85494 -14.9029 
vt 2.32096 -14.9029 
vt 4.53736 -4.07108 
vt 2.32096 -4.07108 
vt 4.53736 -6.60505 
vt 2.32096 -6.60505 
vt 4.53736 -4.07108 
vt 2.32096 -4.07108 
vt 4.53736 -14.9029 
vt 2.32096 -14.9029 
vt 4.85494 -4.07108 
vt 2.32096 -4.07108 
vt 4.85494 -14.9029 
vt 2.32096 -14.9029 
vt 4.53736 -4.07108 
vt 2.32096 -4.07108 
vt 4.53736 -6.60505 
vt 2.32096 -6.60505 
vt 4.53736 -4.07108 
vt 2.32096 -4.07108 
vt 4.53736 -14.9029 
vt 2.32096 -14.9029 

usemtl Part13Mtl

f 3961/3961/3961 3962/3962/3962 3963/3963/3963 
f 3963/3963/3963 3962/3962/3962 3964/3964/3964 
f 3965/3965/3965 3966/3966/3966 3967/3967/3967 
f 3967/3967/3967 3966/3966/3966 3968/3968/3968 
f 3969/3969/3969 3970/3970/3970 3971/3971/3971 
f 3971/3971/3971 3970/3970/3970 3972/3972/3972 
f 3973/3973/3973 3974/3974/3974 3975/3975/3975 
f 3975/3975/3975 3974/3974/3974 3976/3976/3976 
f 3977/3977/3977 3978/3978/3978 3979/3979/3979 
f 3979/3979/3979 3978/3978/3978 3980/3980/3980 
f 3981/3981/3981 3982/3982/3982 3983/3983/3983 
f 3983/3983/3983 3982/3982/3982 3984/3984/3984 

g Part167

v -26.9328 6.81849 -119.544 
v -26.9328 6.81849 -100.205 
v -26.9328 -102.5 -119.544 
v -26.9328 -102.5 -100.205 
v -49.0968 6.81849 -100.205 
v -26.9328 6.81849 -100.205 
v -49.0968 6.81849 -119.544 
v -26.9328 6.81849 -119.544 
v -26.9328 6.81849 -100.205 
v -49.0968 6.81849 -100.205 
v -26.9328 -102.5 -100.205 
v -49.0968 -102.5 -100.205 
v -49.0968 6.81849 -100.205 
v -49.0968 6.81849 -119.544 
v -49.0968 -102.5 -100.205 
v -49.0968 -102.5 -119.544 
v -49.0968 -102.5 -119.544 
v -26.9328 -102.5 -119.544 
v -49.0968 -102.5 -100.205 
v -26.9328 -102.5 -100.205 
v -49.0968 6.81849 -119.544 
v -26.9328 6.81849 -119.544 
v -49.0968 -102.5 -119.544 
v -26.9328 -102.5 -119.544 

vn 1 0 0 
vn 1 0 0 
vn 1 0 0 
vn 1 0 0 
vn 0 1 0 
vn 0 1 0 
vn 0 1 0 
vn 0 1 0 
vn 0 0 1 
vn 0 0 1 
vn 0 0 1 
vn 0 0 1 
vn -1 0 0 
vn -1 0 0 
vn -1 0 0 
vn -1 0 0 
vn 0 -1 0 
vn 0 -1 0 
vn 0 -1 0 
vn 0 -1 0 
vn 0 0 -1 
vn 0 0 -1 
vn 0 0 -1 
vn 0 0 -1 

vt 7.16947 4.30431 
vt 5.23549 4.30431 
vt 7.16947 -6.62749 
vt 5.23549 -6.62749 
vt 7.45189 4.30431 
vt 5.23549 4.30431 
vt 7.45189 2.37033 
vt 5.23549 2.37033 
vt 7.45189 4.30431 
vt 5.23549 4.30431 
vt 7.45189 -6.62749 
vt 5.23549 -6.62749 
vt 7.16947 4.30431 
vt 5.23549 4.30431 
vt 7.16947 -6.62749 
vt 5.23549 -6.62749 
vt 7.45189 4.30431 
vt 5.23549 4.30431 
vt 7.45189 2.37033 
vt 5.23549 2.37033 
vt 7.45189 4.30431 
vt 5.23549 4.30431 
vt 7.45189 -6.62749 
vt 5.23549 -6.62749 

usemtl Part11Mtl

f 3985/3985/3985 3986/3986/3986 3987/3987/3987 
f 3987/3987/3987 3986/3986/3986 3988/3988/3988 
f 3989/3989/3989 3990/3990/3990 3991/3991/3991 
f 3991/3991/3991 3990/3990/3990 3992/3992/3992 
f 3993/3993/3993 3994/3994/3994 3995/3995/3995 
f 3995/3995/3995 3994/3994/3994 3996/3996/3996 
f 3997/3997/3997 3998/3998/3998 3999/3999/3999 
f 3999/3999/3999 3998/3998/3998 4000/4000/4000 
f 4001/4001/4001 4002/4002/4002 4003/4003/4003 
f 4003/4003/4003 4002/4002/4002 4004/4004/4004 
f 4005/4005/4005 4006/4006/4006 4007/4007/4007 
f 4007/4007/4007 4006/4006/4006 4008/4008/4008 

g Part168

v -28.8115 7.81849 -63.6658 
v -28.8115 7.81849 -31.326 
v -28.8115 -102.5 -63.6658 
v -28.8115 -102.5 -31.326 
v -50.9755 7.81849 -31.326 
v -28.8115 7.81849 -31.326 
v -50.9755 7.81849 -63.6658 
v -28.8115 7.81849 -63.6658 
v -28.8115 7.81849 -31.326 
v -50.9755 7.81849 -31.326 
v -28.8115 -102.5 -31.326 
v -50.9755 -102.5 -31.326 
v -50.9755 7.81849 -31.326 
v -50.9755 7.81849 -63.6658 
v -50.9755 -102.5 -31.326 
v -50.9755 -102.5 -63.6658 
v -50.9755 -102.5 -63.6658 
v -28.8115 -102.5 -63.6658 
v -50.9755 -102.5 -31.326 
v -28.8115 -102.5 -31.326 
v -50.9755 7.81849 -63.6658 
v -28.8115 7.81849 -63.6658 
v -50.9755 -102.5 -63.6658 
v -28.8115 -102.5 -63.6658 

vn 1 0 0 
vn 1 0 0 
vn 1 0 0 
vn 1 0 0 
vn 0 1 0 
vn 0 1 0 
vn 0 1 0 
vn 0 1 0 
vn 0 0 1 
vn 0 0 1 
vn 0 0 1 
vn 0 0 1 
vn -1 0 0 
vn -1 0 0 
vn -1 0 0 
vn -1 0 0 
vn 0 -1 0 
vn 0 -1 0 
vn 0 -1 0 
vn 0 -1 0 
vn 0 0 -1 
vn 0 0 -1 
vn 0 0 -1 
vn 0 0 -1 

vt -2.16919 -4.49956 
vt -5.40317 -4.49956 
vt -2.16919 -15.5314 
vt -5.40317 -15.5314 
vt -3.18677 -4.49956 
vt -5.40317 -4.49956 
vt -3.18677 -7.73353 
vt -5.40317 -7.73353 
vt -3.18677 -4.49956 
vt -5.40317 -4.49956 
vt -3.18677 -15.5314 
vt -5.40317 -15.5314 
vt -2.16919 -4.49956 
vt -5.40317 -4.49956 
vt -2.16919 -15.5314 
vt -5.40317 -15.5314 
vt -3.18677 -4.49956 
vt -5.40317 -4.49956 
vt -3.18677 -7.73353 
vt -5.40317 -7.73353 
vt -3.18677 -4.49956 
vt -5.40317 -4.49956 
vt -3.18677 -15.5314 
vt -5.40317 -15.5314 

usemtl Part13Mtl

f 4009/4009/4009 4010/4010/4010 4011/4011/4011 
f 4011/4011/4011 4010/4010/4010 4012/4012/4012 
f 4013/4013/4013 4014/4014/4014 4015/4015/4015 
f 4015/4015/4015 4014/4014/4014 4016/4016/4016 
f 4017/4017/4017 4018/4018/4018 4019/4019/4019 
f 4019/4019/4019 4018/4018/4018 4020/4020/4020 
f 4021/4021/4021 4022/4022/4022 4023/4023/4023 
f 4023/4023/4023 4022/4022/4022 4024/4024/4024 
f 4025/4025/4025 4026/4026/4026 4027/4027/4027 
f 4027/4027/4027 4026/4026/4026 4028/4028/4028 
f 4029/4029/4029 4030/4030/4030 4031/4031/4031 
f 4031/4031/4031 4030/4030/4030 4032/4032/4032 

g Part169

v -28.8115 4.81849 -192.666 
v -28.8115 4.81849 -160.326 
v -28.8115 -102.5 -192.666 
v -28.8115 -102.5 -160.326 
v -50.9755 4.81849 -160.326 
v -28.8115 4.81849 -160.326 
v -50.9755 4.81849 -192.666 
v -28.8115 4.81849 -192.666 
v -28.8115 4.81849 -160.326 
v -50.9755 4.81849 -160.326 
v -28.8115 -102.5 -160.326 
v -50.9755 -102.5 -160.326 
v -50.9755 4.81849 -160.326 
v -50.9755 4.81849 -192.666 
v -50.9755 -102.5 -160.326 
v -50.9755 -102.5 -192.666 
v -50.9755 -102.5 -192.666 
v -28.8115 -102.5 -192.666 
v -50.9755 -102.5 -160.326 
v -28.8115 -102.5 -160.326 
v -50.9755 4.81849 -192.666 
v -28.8115 4.81849 -192.666 
v -50.9755 -102.5 -192.666 
v -28.8115 -102.5 -192.666 

vn 1 0 0 
vn 1 0 0 
vn 1 0 0 
vn 1 0 0 
vn 0 1 0 
vn 0 1 0 
vn 0 1 0 
vn 0 1 0 
vn 0 0 1 
vn 0 0 1 
vn 0 0 1 
vn 0 0 1 
vn -1 0 0 
vn -1 0 0 
vn -1 0 0 
vn -1 0 0 
vn 0 -1 0 
vn 0 -1 0 
vn 0 -1 0 
vn 0 -1 0 
vn 0 0 -1 
vn 0 0 -1 
vn 0 0 -1 
vn 0 0 -1 

vt 2.06857 -4.74008 
vt -1.16541 -4.74008 
vt 2.06857 -15.4719 
vt -1.16541 -15.4719 
vt 1.05099 -4.74008 
vt -1.16541 -4.74008 
vt 1.05099 -7.97405 
vt -1.16541 -7.97405 
vt 1.05099 -4.74008 
vt -1.16541 -4.74008 
vt 1.05099 -15.4719 
vt -1.16541 -15.4719 
vt 2.06857 -4.74008 
vt -1.16541 -4.74008 
vt 2.06857 -15.4719 
vt -1.16541 -15.4719 
vt 1.05099 -4.74008 
vt -1.16541 -4.74008 
vt 1.05099 -7.97405 
vt -1.16541 -7.97405 
vt 1.05099 -4.74008 
vt -1.16541 -4.74008 
vt 1.05099 -15.4719 
vt -1.16541 -15.4719 

usemtl Part116Mtl

f 4033/4033/4033 4034/4034/4034 4035/4035/4035 
f 4035/4035/4035 4034/4034/4034 4036/4036/4036 
f 4037/4037/4037 4038/4038/4038 4039/4039/4039 
f 4039/4039/4039 4038/4038/4038 4040/4040/4040 
f 4041/4041/4041 4042/4042/4042 4043/4043/4043 
f 4043/4043/4043 4042/4042/4042 4044/4044/4044 
f 4045/4045/4045 4046/4046/4046 4047/4047/4047 
f 4047/4047/4047 4046/4046/4046 4048/4048/4048 
f 4049/4049/4049 4050/4050/4050 4051/4051/4051 
f 4051/4051/4051 4050/4050/4050 4052/4052/4052 
f 4053/4053/4053 4054/4054/4054 4055/4055/4055 
f 4055/4055/4055 4054/4054/4054 4056/4056/4056 

g Part170

v -22.2113 6.81849 -156.958 
v -37.3812 6.81849 -130.683 
v -22.2113 -102.5 -156.958 
v -37.3812 -102.5 -130.683 
v -56.5757 6.81849 -141.765 
v -37.3812 6.81849 -130.683 
v -41.4058 6.81849 -168.04 
v -22.2113 6.81849 -156.958 
v -37.3812 6.81849 -130.683 
v -56.5757 6.81849 -141.765 
v -37.3812 -102.5 -130.683 
v -56.5757 -102.5 -141.765 
v -56.5757 6.81849 -141.765 
v -41.4058 6.81849 -168.04 
v -56.5757 -102.5 -141.765 
v -41.4058 -102.5 -168.04 
v -41.4058 -102.5 -168.04 
v -22.2113 -102.5 -156.958 
v -56.5757 -102.5 -141.765 
v -37.3812 -102.5 -130.683 
v -41.4058 6.81849 -168.04 
v -22.2113 6.81849 -156.958 
v -41.4058 -102.5 -168.04 
v -22.2113 -102.5 -156.958 

vn 0.866142 0 0.496063 
vn 0.866142 0 0.496063 
vn 0.866142 0 0.496063 
vn 0.866142 0 0.496063 
vn 0 1 0 
vn 0 1 0 
vn 0 1 0 
vn 0 1 0 
vn -0.496063 0 0.866142 
vn -0.496063 0 0.866142 
vn -0.496063 0 0.866142 
vn -0.496063 0 0.866142 
vn -0.866142 0 -0.496063 
vn -0.866142 0 -0.496063 
vn -0.866142 0 -0.496063 
vn -0.866142 0 -0.496063 
vn 0 -1 0 
vn 0 -1 0 
vn 0 -1 0 
vn 0 -1 0 
vn 0.496063 0 -0.866142 
vn 0.496063 0 -0.866142 
vn 0.496063 0 -0.866142 
vn 0.496063 0 -0.866142 

vt 0.434634 3.59934 
vt -2.59934 3.59934 
vt 0.434634 -7.33246 
vt -2.59934 -7.33246 
vt -0.382945 3.59934 
vt -2.59934 3.59934 
vt -0.382945 0.565366 
vt -2.59934 0.565366 
vt -0.382945 3.59934 
vt -2.59934 3.59934 
vt -0.382945 -7.33246 
vt -2.59934 -7.33246 
vt 0.434634 3.59934 
vt -2.59934 3.59934 
vt 0.434634 -7.33246 
vt -2.59934 -7.33246 
vt -0.382945 3.59934 
vt -2.59934 3.59934 
vt -0.382945 0.565366 
vt -2.59934 0.565366 
vt -0.382945 3.59934 
vt -2.59934 3.59934 
vt -0.382945 -7.33246 
vt -2.59934 -7.33246 

usemtl Part11Mtl

f 4057/4057/4057 4058/4058/4058 4059/4059/4059 
f 4059/4059/4059 4058/4058/4058 4060/4060/4060 
f 4061/4061/4061 4062/4062/4062 4063/4063/4063 
f 4063/4063/4063 4062/4062/4062 4064/4064/4064 
f 4065/4065/4065 4066/4066/4066 4067/4067/4067 
f 4067/4067/4067 4066/4066/4066 4068/4068/4068 
f 4069/4069/4069 4070/4070/4070 4071/4071/4071 
f 4071/4071/4071 4070/4070/4070 4072/4072/4072 
f 4073/4073/4073 4074/4074/4074 4075/4075/4075 
f 4075/4075/4075 4074/4074/4074 4076/4076/4076 
f 4077/4077/4077 4078/4078/4078 4079/4079/4079 
f 4079/4079/4079 4078/4078/4078 4080/4080/4080 

g Part171

v -25.9607 2.81849 -247.972 
v -34.3308 2.81849 -216.734 
v -25.9607 -102.5 -247.972 
v -34.3308 -102.5 -216.734 
v -55.7396 2.81849 -222.471 
v -34.3308 2.81849 -216.734 
v -47.3695 2.81849 -253.708 
v -25.9607 2.81849 -247.972 
v -34.3308 2.81849 -216.734 
v -55.7396 2.81849 -222.471 
v -34.3308 -102.5 -216.734 
v -55.7396 -102.5 -222.471 
v -55.7396 2.81849 -222.471 
v -47.3695 2.81849 -253.708 
v -55.7396 -102.5 -222.471 
v -47.3695 -102.5 -253.708 
v -47.3695 -102.5 -253.708 
v -25.9607 -102.5 -247.972 
v -55.7396 -102.5 -222.471 
v -34.3308 -102.5 -216.734 
v -47.3695 2.81849 -253.708 
v -25.9607 2.81849 -247.972 
v -47.3695 -102.5 -253.708 
v -25.9607 -102.5 -247.972 

vn 0.968504 0 0.259843 
vn 0.968504 0 0.259843 
vn 0.968504 0 0.259843 
vn 0.968504 0 0.259843 
vn 0 1 0 
vn 0 1 0 
vn 0 1 0 
vn 0 1 0 
vn -0.259843 0 0.968504 
vn -0.259843 0 0.968504 
vn -0.259843 0 0.968504 
vn -0.259843 0 0.968504 
vn -0.968504 0 -0.259843 
vn -0.968504 0 -0.259843 
vn -0.968504 0 -0.259843 
vn -0.968504 0 -0.259843 
vn 0 -1 0 
vn 0 -1 0 
vn 0 -1 0 
vn 0 -1 0 
vn 0.259843 0 -0.968504 
vn 0.259843 0 -0.968504 
vn 0.259843 0 -0.968504 
vn 0.259843 0 -0.968504 

vt 5.61452 -3.71436 
vt 2.38054 -3.71436 
vt 5.61452 -14.2462 
vt 2.38054 -14.2462 
vt 4.59694 -3.71436 
vt 2.38054 -3.71436 
vt 4.59694 -6.94833 
vt 2.38054 -6.94833 
vt 4.59694 -3.71436 
vt 2.38054 -3.71436 
vt 4.59694 -14.2462 
vt 2.38054 -14.2462 
vt 5.61452 -3.71436 
vt 2.38054 -3.71436 
vt 5.61452 -14.2462 
vt 2.38054 -14.2462 
vt 4.59694 -3.71436 
vt 2.38054 -3.71436 
vt 4.59694 -6.94833 
vt 2.38054 -6.94833 
vt 4.59694 -3.71436 
vt 2.38054 -3.71436 
vt 4.59694 -14.2462 
vt 2.38054 -14.2462 

usemtl Part13Mtl

f 4081/4081/4081 4082/4082/4082 4083/4083/4083 
f 4083/4083/4083 4082/4082/4082 4084/4084/4084 
f 4085/4085/4085 4086/4086/4086 4087/4087/4087 
f 4087/4087/4087 4086/4086/4086 4088/4088/4088 
f 4089/4089/4089 4090/4090/4090 4091/4091/4091 
f 4091/4091/4091 4090/4090/4090 4092/4092/4092 
f 4093/4093/4093 4094/4094/4094 4095/4095/4095 
f 4095/4095/4095 4094/4094/4094 4096/4096/4096 
f 4097/4097/4097 4098/4098/4098 4099/4099/4099 
f 4099/4099/4099 4098/4098/4098 4100/4100/4100 
f 4101/4101/4101 4102/4102/4102 4103/4103/4103 
f 4103/4103/4103 4102/4102/4102 4104/4104/4104 

g Part172

v -25.5475 -5.044 72.7025 
v -25.5475 -5.044 43.3627 
v -25.5475 -88.743 72.7025 
v -25.5475 -88.743 43.3627 
v -16.981 -5.044 43.3627 
v -25.5475 -5.044 43.3627 
v -16.981 -5.044 72.7025 
v -25.5475 -5.044 72.7025 
v -25.5475 -5.044 43.3627 
v -16.981 -5.044 43.3627 
v -25.5475 -88.743 43.3627 
v -16.981 -88.743 43.3627 
v -16.981 -5.044 43.3627 
v -16.981 -5.044 72.7025 
v -16.981 -88.743 43.3627 
v -16.981 -88.743 72.7025 
v -16.981 -88.743 72.7025 
v -25.5475 -88.743 72.7025 
v -16.981 -88.743 43.3627 
v -25.5475 -88.743 43.3627 
v -16.981 -5.044 72.7025 
v -25.5475 -5.044 72.7025 
v -16.981 -88.743 72.7025 
v -25.5475 -88.743 72.7025 

vn -1 0 0 
vn -1 0 0 
vn -1 0 0 
vn -1 0 0 
vn 0 1 0 
vn 0 1 0 
vn 0 1 0 
vn 0 1 0 
vn 0 0 -1 
vn 0 0 -1 
vn 0 0 -1 
vn 0 0 -1 
vn 1 0 0 
vn 1 0 0 
vn 1 0 0 
vn 1 0 0 
vn 0 -1 0 
vn 0 -1 0 
vn 0 -1 0 
vn 0 -1 0 
vn 0 0 1 
vn 0 0 1 
vn 0 0 1 
vn 0 0 1 

vt 5.36389 4.48386 
vt 2.42992 4.48386 
vt 5.36389 -3.88604 
vt 2.42992 -3.88604 
vt 3.28656 4.48386 
vt 2.42992 4.48386 
vt 3.28656 1.54988 
vt 2.42992 1.54988 
vt 3.28656 4.48386 
vt 2.42992 4.48386 
vt 3.28656 -3.88604 
vt 2.42992 -3.88604 
vt 5.36389 4.48386 
vt 2.42992 4.48386 
vt 5.36389 -3.88604 
vt 2.42992 -3.88604 
vt 3.28656 4.48386 
vt 2.42992 4.48386 
vt 3.28656 1.54988 
vt 2.42992 1.54988 
vt 3.28656 4.48386 
vt 2.42992 4.48386 
vt 3.28656 -3.88604 
vt 2.42992 -3.88604 

usemtl Part11Mtl

f 4105/4105/4105 4106/4106/4106 4107/4107/4107 
f 4107/4107/4107 4106/4106/4106 4108/4108/4108 
f 4109/4109/4109 4110/4110/4110 4111/4111/4111 
f 4111/4111/4111 4110/4110/4110 4112/4112/4112 
f 4113/4113/4113 4114/4114/4114 4115/4115/4115 
f 4115/4115/4115 4114/4114/4114 4116/4116/4116 
f 4117/4117/4117 4118/4118/4118 4119/4119/4119 
f 4119/4119/4119 4118/4118/4118 4120/4120/4120 
f 4121/4121/4121 4122/4122/4122 4123/4123/4123 
f 4123/4123/4123 4122/4122/4122 4124/4124/4124 
f 4125/4125/4125 4126/4126/4126 4127/4127/4127 
f 4127/4127/4127 4126/4126/4126 4128/4128/4128 

g Part173

v -45.3527 -24.5176 48.7025 
v -45.3527 -24.5176 35.3627 
v 51.547 -50.4818 48.7025 
v 51.547 -50.4818 35.3627 
v -41.428 -9.87032 35.3627 
v -45.3527 -24.5176 35.3627 
v -41.428 -9.87031 48.7025 
v -45.3527 -24.5176 48.7025 
v -45.3527 -24.5176 35.3627 
v -41.428 -9.87032 35.3627 
v 51.547 -50.4818 35.3627 
v 55.4717 -35.8345 35.3627 
v -41.428 -9.87032 35.3627 
v -41.428 -9.87031 48.7025 
v 55.4717 -35.8345 35.3627 
v 55.4717 -35.8345 48.7025 
v 55.4717 -35.8345 48.7025 
v 51.547 -50.4818 48.7025 
v 55.4717 -35.8345 35.3627 
v 51.547 -50.4818 35.3627 
v -41.428 -9.87031 48.7025 
v -45.3527 -24.5176 48.7025 
v 55.4717 -35.8345 48.7025 
v 51.547 -50.4818 48.7025 

vn -0.259843 -0.968504 0 
vn -0.259843 -0.968504 0 
vn -0.259843 -0.968504 0 
vn -0.259843 -0.968504 0 
vn -0.968504 0.259843 0 
vn -0.968504 0.259843 0 
vn -0.968504 0.259843 0 
vn -0.968504 0.259843 0 
vn 0 0 -1 
vn 0 0 -1 
vn 0 0 -1 
vn 0 0 -1 
vn 0.259843 0.968504 0 
vn 0.259843 0.968504 0 
vn 0.259843 0.968504 0 
vn 0.259843 0.968504 0 
vn 0.968504 -0.259843 0 
vn 0.968504 -0.259843 0 
vn 0.968504 -0.259843 0 
vn 0.968504 -0.259843 0 
vn 0 0 1 
vn 0 0 1 
vn 0 0 1 
vn 0 0 1 

vt -4.48168 -3.57209 
vt -5.81566 -3.57209 
vt -4.48168 -13.6039 
vt -5.81566 -13.6039 
vt -4.29926 -3.57209 
vt -5.81566 -3.57209 
vt -4.29926 -4.90607 
vt -5.81566 -4.90607 
vt -4.29926 -3.57209 
vt -5.81566 -3.57209 
vt -4.29926 -13.6039 
vt -5.81566 -13.6039 
vt -4.48168 -3.57209 
vt -5.81566 -3.57209 
vt -4.48168 -13.6039 
vt -5.81566 -13.6039 
vt -4.29926 -3.57209 
vt -5.81566 -3.57209 
vt -4.29926 -4.90607 
vt -5.81566 -4.90607 
vt -4.29926 -3.57209 
vt -5.81566 -3.57209 
vt -4.29926 -13.6039 
vt -5.81566 -13.6039 

usemtl Part116Mtl

f 4129/4129/4129 4130/4130/4130 4131/4131/4131 
f 4131/4131/4131 4130/4130/4130 4132/4132/4132 
f 4133/4133/4133 4134/4134/4134 4135/4135/4135 
f 4135/4135/4135 4134/4134/4134 4136/4136/4136 
f 4137/4137/4137 4138/4138/4138 4139/4139/4139 
f 4139/4139/4139 4138/4138/4138 4140/4140/4140 
f 4141/4141/4141 4142/4142/4142 4143/4143/4143 
f 4143/4143/4143 4142/4142/4142 4144/4144/4144 
f 4145/4145/4145 4146/4146/4146 4147/4147/4147 
f 4147/4147/4147 4146/4146/4146 4148/4148/4148 
f 4149/4149/4149 4150/4150/4150 4151/4151/4151 
f 4151/4151/4151 4150/4150/4150 4152/4152/4152 

g Part174

v 53.6 -49.1272 50.752 
v 40.2602 -49.1272 50.752 
v 53.6 -54.2593 11.7704 
v 40.2602 -54.2593 11.7704 
v 40.2602 -38.0588 49.2948 
v 40.2602 -49.1272 50.752 
v 53.6 -38.0588 49.2948 
v 53.6 -49.1272 50.752 
v 40.2602 -49.1272 50.752 
v 40.2602 -38.0588 49.2948 
v 40.2602 -54.2593 11.7704 
v 40.2602 -43.1908 10.3132 
v 40.2602 -38.0588 49.2948 
v 53.6 -38.0588 49.2948 
v 40.2602 -43.1908 10.3132 
v 53.6 -43.1908 10.3132 
v 53.6 -43.1908 10.3132 
v 53.6 -54.2593 11.7704 
v 40.2602 -43.1908 10.3132 
v 40.2602 -54.2593 11.7704 
v 53.6 -38.0588 49.2948 
v 53.6 -49.1272 50.752 
v 53.6 -43.1908 10.3132 
v 53.6 -54.2593 11.7704 

vn 0 -0.992126 0.133858 
vn 0 -0.992126 0.133858 
vn 0 -0.992126 0.133858 
vn 0 -0.992126 0.133858 
vn 0 0.133858 0.992126 
vn 0 0.133858 0.992126 
vn 0 0.133858 0.992126 
vn 0 0.133858 0.992126 
vn -1 0 0 
vn -1 0 0 
vn -1 0 0 
vn -1 0 0 
vn 0 0.992126 -0.133858 
vn 0 0.992126 -0.133858 
vn 0 0.992126 -0.133858 
vn 0 0.992126 -0.133858 
vn 0 -0.133858 -0.992126 
vn 0 -0.133858 -0.992126 
vn 0 -0.133858 -0.992126 
vn 0 -0.133858 -0.992126 
vn 1 0 0 
vn 1 0 0 
vn 1 0 0 
vn 1 0 0 

vt 3.54943 -1.65455 
vt 2.21545 -1.65455 
vt 3.54943 -5.58635 
vt 2.21545 -5.58635 
vt 3.33185 -1.65455 
vt 2.21545 -1.65455 
vt 3.33185 -2.98853 
vt 2.21545 -2.98853 
vt 3.33185 -1.65455 
vt 2.21545 -1.65455 
vt 3.33185 -5.58635 
vt 2.21545 -5.58635 
vt 3.54943 -1.65455 
vt 2.21545 -1.65455 
vt 3.54943 -5.58635 
vt 2.21545 -5.58635 
vt 3.33185 -1.65455 
vt 2.21545 -1.65455 
vt 3.33185 -2.98853 
vt 2.21545 -2.98853 
vt 3.33185 -1.65455 
vt 2.21545 -1.65455 
vt 3.33185 -5.58635 
vt 2.21545 -5.58635 

usemtl Part116Mtl

f 4153/4153/4153 4154/4154/4154 4155/4155/4155 
f 4155/4155/4155 4154/4154/4154 4156/4156/4156 
f 4157/4157/4157 4158/4158/4158 4159/4159/4159 
f 4159/4159/4159 4158/4158/4158 4160/4160/4160 
f 4161/4161/4161 4162/4162/4162 4163/4163/4163 
f 4163/4163/4163 4162/4162/4162 4164/4164/4164 
f 4165/4165/4165 4166/4166/4166 4167/4167/4167 
f 4167/4167/4167 4166/4166/4166 4168/4168/4168 
f 4169/4169/4169 4170/4170/4170 4171/4171/4171 
f 4171/4171/4171 4170/4170/4170 4172/4172/4172 
f 4173/4173/4173 4174/4174/4174 4175/4175/4175 
f 4175/4175/4175 4174/4174/4174 4176/4176/4176 

g Part175

v 53.6 -62.741 6.19158 
v 41.2602 -62.741 6.19158 
v 53.6 -62.741 -17.1264 
v 41.2602 -62.741 -17.1264 
v 41.2602 -51.577 6.19158 
v 41.2602 -62.741 6.19158 
v 53.6 -51.577 6.19158 
v 53.6 -62.741 6.19158 
v 41.2602 -62.741 6.19158 
v 41.2602 -51.577 6.19158 
v 41.2602 -62.741 -17.1264 
v 41.2602 -51.577 -17.1264 
v 41.2602 -51.577 6.19158 
v 53.6 -51.577 6.19158 
v 41.2602 -51.577 -17.1264 
v 53.6 -51.577 -17.1264 
v 53.6 -51.577 -17.1264 
v 53.6 -62.741 -17.1264 
v 41.2602 -51.577 -17.1264 
v 41.2602 -62.741 -17.1264 
v 53.6 -51.577 6.19158 
v 53.6 -62.741 6.19158 
v 53.6 -51.577 -17.1264 
v 53.6 -62.741 -17.1264 

vn 0 -1 0 
vn 0 -1 0 
vn 0 -1 0 
vn 0 -1 0 
vn 0 0 1 
vn 0 0 1 
vn 0 0 1 
vn 0 0 1 
vn -1 0 0 
vn -1 0 0 
vn -1 0 0 
vn -1 0 0 
vn 0 1 0 
vn 0 1 0 
vn 0 1 0 
vn 0 1 0 
vn 0 0 -1 
vn 0 0 -1 
vn 0 0 -1 
vn 0 0 -1 
vn 1 0 0 
vn 1 0 0 
vn 1 0 0 
vn 1 0 0 

vt 3.18295 -0.393279 
vt 1.94897 -0.393279 
vt 3.18295 -2.72508 
vt 1.94897 -2.72508 
vt 3.06537 -0.393279 
vt 1.94897 -0.393279 
vt 3.06537 -1.62726 
vt 1.94897 -1.62726 
vt 3.06537 -0.393279 
vt 1.94897 -0.393279 
vt 3.06537 -2.72508 
vt 1.94897 -2.72508 
vt 3.18295 -0.393279 
vt 1.94897 -0.393279 
vt 3.18295 -2.72508 
vt 1.94897 -2.72508 
vt 3.06537 -0.393279 
vt 1.94897 -0.393279 
vt 3.06537 -1.62726 
vt 1.94897 -1.62726 
vt 3.06537 -0.393279 
vt 1.94897 -0.393279 
vt 3.06537 -2.72508 
vt 1.94897 -2.72508 

usemtl Part116Mtl

f 4177/4177/4177 4178/4178/4178 4179/4179/4179 
f 4179/4179/4179 4178/4178/4178 4180/4180/4180 
f 4181/4181/4181 4182/4182/4182 4183/4183/4183 
f 4183/4183/4183 4182/4182/4182 4184/4184/4184 
f 4185/4185/4185 4186/4186/4186 4187/4187/4187 
f 4187/4187/4187 4186/4186/4186 4188/4188/4188 
f 4189/4189/4189 4190/4190/4190 4191/4191/4191 
f 4191/4191/4191 4190/4190/4190 4192/4192/4192 
f 4193/4193/4193 4194/4194/4194 4195/4195/4195 
f 4195/4195/4195 4194/4194/4194 4196/4196/4196 
f 4197/4197/4197 4198/4198/4198 4199/4199/4199 
f 4199/4199/4199 4198/4198/4198 4200/4200/4200 

g Part176

v 32.2024 -41.4577 -107.865 
v 31.4031 -35.1721 -107.651 
v 0.294025 -45.8067 -99.3154 
v -0.505283 -39.5211 -99.1012 
v 29.5489 -35.1721 -114.571 
v 31.4031 -35.1721 -107.651 
v 30.3482 -41.4577 -114.785 
v 32.2024 -41.4577 -107.865 
v 31.4031 -35.1721 -107.651 
v 29.5489 -35.1721 -114.571 
v -0.505283 -39.5211 -99.1012 
v -2.35945 -39.5211 -106.021 
v 29.5489 -35.1721 -114.571 
v 30.3482 -41.4577 -114.785 
v -2.35945 -39.5211 -106.021 
v -1.56015 -45.8067 -106.235 
v -1.56015 -45.8067 -106.235 
v 0.294025 -45.8067 -99.3154 
v -2.35945 -39.5211 -106.021 
v -0.505283 -39.5211 -99.1012 
v 30.3482 -41.4577 -114.785 
v 32.2024 -41.4577 -107.865 
v -1.56015 -45.8067 -106.235 
v 0.294025 -45.8067 -99.3154 

vn 0.259843 0 0.968504 
vn 0.259843 0 0.968504 
vn 0.259843 0 0.968504 
vn 0.259843 0 0.968504 
vn 0.96063 0.133858 -0.259843 
vn 0.96063 0.133858 -0.259843 
vn 0.96063 0.133858 -0.259843 
vn 0.96063 0.133858 -0.259843 
vn -0.125984 0.992126 0.0314961 
vn -0.125984 0.992126 0.0314961 
vn -0.125984 0.992126 0.0314961 
vn -0.125984 0.992126 0.0314961 
vn -0.259843 0 -0.968504 
vn -0.259843 0 -0.968504 
vn -0.259843 0 -0.968504 
vn -0.259843 0 -0.968504 
vn -0.96063 -0.133858 0.259843 
vn -0.96063 -0.133858 0.259843 
vn -0.96063 -0.133858 0.259843 
vn -0.96063 -0.133858 0.259843 
vn 0.125984 -0.992126 -0.0314961 
vn 0.125984 -0.992126 -0.0314961 
vn 0.125984 -0.992126 -0.0314961 
vn 0.125984 -0.992126 -0.0314961 

vt 0.757986 2.36904 
vt 0.12401 2.36904 
vt 0.757986 -0.962854 
vt 0.12401 -0.962854 
vt 0.840407 2.36904 
vt 0.12401 2.36904 
vt 0.840407 1.73507 
vt 0.12401 1.73507 
vt 0.840407 2.36904 
vt 0.12401 2.36904 
vt 0.840407 -0.962854 
vt 0.12401 -0.962854 
vt 0.757986 2.36904 
vt 0.12401 2.36904 
vt 0.757986 -0.962854 
vt 0.12401 -0.962854 
vt 0.840407 2.36904 
vt 0.12401 2.36904 
vt 0.840407 1.73507 
vt 0.12401 1.73507 
vt 0.840407 2.36904 
vt 0.12401 2.36904 
vt 0.840407 -0.962854 
vt 0.12401 -0.962854 

usemtl Part116Mtl

f 4201/4201/4201 4202/4202/4202 4203/4203/4203 
f 4203/4203/4203 4202/4202/4202 4204/4204/4204 
f 4205/4205/4205 4206/4206/4206 4207/4207/4207 
f 4207/4207/4207 4206/4206/4206 4208/4208/4208 
f 4209/4209/4209 4210/4210/4210 4211/4211/4211 
f 4211/4211/4211 4210/4210/4210 4212/4212/4212 
f 4213/4213/4213 4214/4214/4214 4215/4215/4215 
f 4215/4215/4215 4214/4214/4214 4216/4216/4216 
f 4217/4217/4217 4218/4218/4218 4219/4219/4219 
f 4219/4219/4219 4218/4218/4218 4220/4220/4220 
f 4221/4221/4221 4222/4222/4222 4223/4223/4223 
f 4223/4223/4223 4222/4222/4222 4224/4224/4224 

g Part177

v 59.9333 -46.8118 -113.743 
v 61.0793 -37.7998 -114.05 
v 27.5461 -42.3975 -105.065 
v 28.6922 -33.3855 -105.372 
v 58.5781 -37.7998 -123.384 
v 61.0793 -37.7998 -114.05 
v 57.4321 -46.8118 -123.077 
v 59.9333 -46.8118 -113.743 
v 61.0793 -37.7998 -114.05 
v 58.5781 -37.7998 -123.384 
v 28.6922 -33.3855 -105.372 
v 26.191 -33.3855 -114.706 
v 58.5781 -37.7998 -123.384 
v 57.4321 -46.8118 -123.077 
v 26.191 -33.3855 -114.706 
v 25.0449 -42.3975 -114.399 
v 25.0449 -42.3975 -114.399 
v 27.5461 -42.3975 -105.065 
v 26.191 -33.3855 -114.706 
v 28.6922 -33.3855 -105.372 
v 57.4321 -46.8118 -123.077 
v 59.9333 -46.8118 -113.743 
v 25.0449 -42.3975 -114.399 
v 27.5461 -42.3975 -105.065 

vn 0.259843 0 0.968504 
vn 0.259843 0 0.968504 
vn 0.259843 0 0.968504 
vn 0.259843 0 0.968504 
vn 0.96063 -0.133858 -0.259843 
vn 0.96063 -0.133858 -0.259843 
vn 0.96063 -0.133858 -0.259843 
vn 0.96063 -0.133858 -0.259843 
vn 0.125984 0.992126 -0.0314961 
vn 0.125984 0.992126 -0.0314961 
vn 0.125984 0.992126 -0.0314961 
vn 0.125984 0.992126 -0.0314961 
vn -0.259843 0 -0.968504 
vn -0.259843 0 -0.968504 
vn -0.259843 0 -0.968504 
vn -0.259843 0 -0.968504 
vn -0.96063 0.133858 0.259843 
vn -0.96063 0.133858 0.259843 
vn -0.96063 0.133858 0.259843 
vn -0.96063 0.133858 0.259843 
vn -0.125984 -0.992126 0.0314961 
vn -0.125984 -0.992126 0.0314961 
vn -0.125984 -0.992126 0.0314961 
vn -0.125984 -0.992126 0.0314961 

vt 3.02078 -0.0103794 
vt 2.1118 -0.0103794 
vt 3.02078 -3.39228 
vt 2.1118 -3.39228 
vt 3.0782 -0.0103794 
vt 2.1118 -0.0103794 
vt 3.0782 -0.919356 
vt 2.1118 -0.919356 
vt 3.0782 -0.0103794 
vt 2.1118 -0.0103794 
vt 3.0782 -3.39228 
vt 2.1118 -3.39228 
vt 3.02078 -0.0103794 
vt 2.1118 -0.0103794 
vt 3.02078 -3.39228 
vt 2.1118 -3.39228 
vt 3.0782 -0.0103794 
vt 2.1118 -0.0103794 
vt 3.0782 -0.919356 
vt 2.1118 -0.919356 
vt 3.0782 -0.0103794 
vt 2.1118 -0.0103794 
vt 3.0782 -3.39228 
vt 2.1118 -3.39228 

usemtl Part116Mtl

f 4225/4225/4225 4226/4226/4226 4227/4227/4227 
f 4227/4227/4227 4226/4226/4226 4228/4228/4228 
f 4229/4229/4229 4230/4230/4230 4231/4231/4231 
f 4231/4231/4231 4230/4230/4230 4232/4232/4232 
f 4233/4233/4233 4234/4234/4234 4235/4235/4235 
f 4235/4235/4235 4234/4234/4234 4236/4236/4236 
f 4237/4237/4237 4238/4238/4238 4239/4239/4239 
f 4239/4239/4239 4238/4238/4238 4240/4240/4240 
f 4241/4241/4241 4242/4242/4242 4243/4243/4243 
f 4243/4243/4243 4242/4242/4242 4244/4244/4244 
f 4245/4245/4245 4246/4246/4246 4247/4247/4247 
f 4247/4247/4247 4246/4246/4246 4248/4248/4248 

g Part178

v 4.00411 -46.1273 -99.2742 
v 0.921368 -38.4223 -98.4482 
v -32.8689 -61.9394 -89.3941 
v -35.9517 -54.2344 -88.5681 
v -1.45044 -38.4223 -107.3 
v 0.921368 -38.4223 -98.4482 
v 1.6323 -46.1273 -108.126 
v 4.00411 -46.1273 -99.2742 
v 0.921368 -38.4223 -98.4482 
v -1.45044 -38.4223 -107.3 
v -35.9517 -54.2344 -88.5681 
v -38.3235 -54.2344 -97.4198 
v -1.45044 -38.4223 -107.3 
v 1.6323 -46.1273 -108.126 
v -38.3235 -54.2344 -97.4198 
v -35.2407 -61.9394 -98.2458 
v -35.2407 -61.9394 -98.2458 
v -32.8689 -61.9394 -89.3941 
v -38.3235 -54.2344 -97.4198 
v -35.9517 -54.2344 -88.5681 
v 1.6323 -46.1273 -108.126 
v 4.00411 -46.1273 -99.2742 
v -35.2407 -61.9394 -98.2458 
v -32.8689 -61.9394 -89.3941 

vn 0.259843 0 0.968504 
vn 0.259843 0 0.968504 
vn 0.259843 0 0.968504 
vn 0.259843 0 0.968504 
vn 0.889764 0.385827 -0.23622 
vn 0.889764 0.385827 -0.23622 
vn 0.889764 0.385827 -0.23622 
vn 0.889764 0.385827 -0.23622 
vn -0.370079 0.92126 0.102362 
vn -0.370079 0.92126 0.102362 
vn -0.370079 0.92126 0.102362 
vn -0.370079 0.92126 0.102362 
vn -0.259843 0 -0.968504 
vn -0.259843 0 -0.968504 
vn -0.259843 0 -0.968504 
vn -0.259843 0 -0.968504 
vn -0.889764 -0.385827 0.23622 
vn -0.889764 -0.385827 0.23622 
vn -0.889764 -0.385827 0.23622 
vn -0.889764 -0.385827 0.23622 
vn 0.370079 -0.92126 -0.102362 
vn 0.370079 -0.92126 -0.102362 
vn 0.370079 -0.92126 -0.102362 
vn 0.370079 -0.92126 -0.102362 

vt -1.69848 2.71991 
vt -2.53246 2.71991 
vt -1.69848 -1.41199 
vt -2.53246 -1.41199 
vt -1.61606 2.71991 
vt -2.53246 2.71991 
vt -1.61606 1.88594 
vt -2.53246 1.88594 
vt -1.61606 2.71991 
vt -2.53246 2.71991 
vt -1.61606 -1.41199 
vt -2.53246 -1.41199 
vt -1.69848 2.71991 
vt -2.53246 2.71991 
vt -1.69848 -1.41199 
vt -2.53246 -1.41199 
vt -1.61606 2.71991 
vt -2.53246 2.71991 
vt -1.61606 1.88594 
vt -2.53246 1.88594 
vt -1.61606 2.71991 
vt -2.53246 2.71991 
vt -1.61606 -1.41199 
vt -2.53246 -1.41199 

usemtl Part116Mtl

f 4249/4249/4249 4250/4250/4250 4251/4251/4251 
f 4251/4251/4251 4250/4250/4250 4252/4252/4252 
f 4253/4253/4253 4254/4254/4254 4255/4255/4255 
f 4255/4255/4255 4254/4254/4254 4256/4256/4256 
f 4257/4257/4257 4258/4258/4258 4259/4259/4259 
f 4259/4259/4259 4258/4258/4258 4260/4260/4260 
f 4261/4261/4261 4262/4262/4262 4263/4263/4263 
f 4263/4263/4263 4262/4262/4262 4264/4264/4264 
f 4265/4265/4265 4266/4266/4266 4267/4267/4267 
f 4267/4267/4267 4266/4266/4266 4268/4268/4268 
f 4269/4269/4269 4270/4270/4270 4271/4271/4271 
f 4271/4271/4271 4270/4270/4270 4272/4272/4272 

g Part179

v 8.60469 -25.5183 -51.0967 
v 5.84078 -17.8134 -49.501 
v -26.055 -42.0958 -31.086 
v -28.8189 -34.3908 -29.4902 
v 1.25879 -17.8134 -57.4372 
v 5.84078 -17.8134 -49.501 
v 4.0227 -25.5183 -59.033 
v 8.60469 -25.5183 -51.0967 
v 5.84078 -17.8134 -49.501 
v 1.25879 -17.8134 -57.4372 
v -28.8189 -34.3908 -29.4902 
v -33.4009 -34.3908 -37.4265 
v 1.25879 -17.8134 -57.4372 
v 4.0227 -25.5183 -59.033 
v -33.4009 -34.3908 -37.4265 
v -30.637 -42.0958 -39.0222 
v -30.637 -42.0958 -39.0222 
v -26.055 -42.0958 -31.086 
v -33.4009 -34.3908 -37.4265 
v -28.8189 -34.3908 -29.4902 
v 4.0227 -25.5183 -59.033 
v 8.60469 -25.5183 -51.0967 
v -30.637 -42.0958 -39.0222 
v -26.055 -42.0958 -31.086 

vn 0.496063 0 0.866142 
vn 0.496063 0 0.866142 
vn 0.496063 0 0.866142 
vn 0.496063 0 0.866142 
vn 0.80315 0.385827 -0.464567 
vn 0.80315 0.385827 -0.464567 
vn 0.80315 0.385827 -0.464567 
vn 0.80315 0.385827 -0.464567 
vn -0.330709 0.92126 0.188976 
vn -0.330709 0.92126 0.188976 
vn -0.330709 0.92126 0.188976 
vn -0.330709 0.92126 0.188976 
vn -0.496063 0 -0.866142 
vn -0.496063 0 -0.866142 
vn -0.496063 0 -0.866142 
vn -0.496063 0 -0.866142 
vn -0.80315 -0.385827 0.464567 
vn -0.80315 -0.385827 0.464567 
vn -0.80315 -0.385827 0.464567 
vn -0.80315 -0.385827 0.464567 
vn 0.330709 -0.92126 -0.188976 
vn 0.330709 -0.92126 -0.188976 
vn 0.330709 -0.92126 -0.188976 
vn 0.330709 -0.92126 -0.188976 

vt 0.741933 2.1608 
vt -0.092043 2.1608 
vt 0.741933 -2.1711 
vt -0.092043 -2.1711 
vt 0.824354 2.1608 
vt -0.092043 2.1608 
vt 0.824354 1.32683 
vt -0.092043 1.32683 
vt 0.824354 2.1608 
vt -0.092043 2.1608 
vt 0.824354 -2.1711 
vt -0.092043 -2.1711 
vt 0.741933 2.1608 
vt -0.092043 2.1608 
vt 0.741933 -2.1711 
vt -0.092043 -2.1711 
vt 0.824354 2.1608 
vt -0.092043 2.1608 
vt 0.824354 1.32683 
vt -0.092043 1.32683 
vt 0.824354 2.1608 
vt -0.092043 2.1608 
vt 0.824354 -2.1711 
vt -0.092043 -2.1711 

usemtl Part13Mtl

f 4273/4273/4273 4274/4274/4274 4275/4275/4275 
f 4275/4275/4275 4274/4274/4274 4276/4276/4276 
f 4277/4277/4277 4278/4278/4278 4279/4279/4279 
f 4279/4279/4279 4278/4278/4278 4280/4280/4280 
f 4281/4281/4281 4282/4282/4282 4283/4283/4283 
f 4283/4283/4283 4282/4282/4282 4284/4284/4284 
f 4285/4285/4285 4286/4286/4286 4287/4287/4287 
f 4287/4287/4287 4286/4286/4286 4288/4288/4288 
f 4289/4289/4289 4290/4290/4290 4291/4291/4291 
f 4291/4291/4291 4290/4290/4290 4292/4292/4292 
f 4293/4293/4293 4294/4294/4294 4295/4295/4295 
f 4295/4295/4295 4294/4294/4294 4296/4296/4296 

g Part180

v 54.1957 -17.9956 -78.5734 
v 53.479 -11.71 -78.1596 
v 3.26338 -25.7382 -49.1676 
v 2.54674 -19.4527 -48.7539 
v 49.897 -11.71 -84.3638 
v 53.479 -11.71 -78.1596 
v 50.6137 -17.9956 -84.7775 
v 54.1957 -17.9956 -78.5734 
v 53.479 -11.71 -78.1596 
v 49.897 -11.71 -84.3638 
v 2.54674 -19.4527 -48.7539 
v -1.03524 -19.4527 -54.958 
v 49.897 -11.71 -84.3638 
v 50.6137 -17.9956 -84.7775 
v -1.03524 -19.4527 -54.958 
v -0.318604 -25.7382 -55.3718 
v -0.318604 -25.7382 -55.3718 
v 3.26338 -25.7382 -49.1676 
v -1.03524 -19.4527 -54.958 
v 2.54674 -19.4527 -48.7539 
v 50.6137 -17.9956 -84.7775 
v 54.1957 -17.9956 -78.5734 
v -0.318604 -25.7382 -55.3718 
v 3.26338 -25.7382 -49.1676 

vn 0.496063 0 0.866142 
vn 0.496063 0 0.866142 
vn 0.496063 0 0.866142 
vn 0.496063 0 0.866142 
vn 0.858268 0.133858 -0.496063 
vn 0.858268 0.133858 -0.496063 
vn 0.858268 0.133858 -0.496063 
vn 0.858268 0.133858 -0.496063 
vn -0.110236 0.992126 0.0629921 
vn -0.110236 0.992126 0.0629921 
vn -0.110236 0.992126 0.0629921 
vn -0.110236 0.992126 0.0629921 
vn -0.496063 0 -0.866142 
vn -0.496063 0 -0.866142 
vn -0.496063 0 -0.866142 
vn -0.496063 0 -0.866142 
vn -0.858268 -0.133858 0.496063 
vn -0.858268 -0.133858 0.496063 
vn -0.858268 -0.133858 0.496063 
vn -0.858268 -0.133858 0.496063 
vn 0.110236 -0.992126 -0.0629921 
vn 0.110236 -0.992126 -0.0629921 
vn 0.110236 -0.992126 -0.0629921 
vn 0.110236 -0.992126 -0.0629921 

vt 3.55921 -0.0846943 
vt 2.92523 -0.0846943 
vt 3.55921 -6.01659 
vt 2.92523 -6.01659 
vt 3.64163 -0.0846943 
vt 2.92523 -0.0846943 
vt 3.64163 -0.718671 
vt 2.92523 -0.718671 
vt 3.64163 -0.0846943 
vt 2.92523 -0.0846943 
vt 3.64163 -6.01659 
vt 2.92523 -6.01659 
vt 3.55921 -0.0846943 
vt 2.92523 -0.0846943 
vt 3.55921 -6.01659 
vt 2.92523 -6.01659 
vt 3.64163 -0.0846943 
vt 2.92523 -0.0846943 
vt 3.64163 -0.718671 
vt 2.92523 -0.718671 
vt 3.64163 -0.0846943 
vt 2.92523 -0.0846943 
vt 3.64163 -6.01659 
vt 2.92523 -6.01659 

usemtl Part13Mtl

f 4297/4297/4297 4298/4298/4298 4299/4299/4299 
f 4299/4299/4299 4298/4298/4298 4300/4300/4300 
f 4301/4301/4301 4302/4302/4302 4303/4303/4303 
f 4303/4303/4303 4302/4302/4302 4304/4304/4304 
f 4305/4305/4305 4306/4306/4306 4307/4307/4307 
f 4307/4307/4307 4306/4306/4306 4308/4308/4308 
f 4309/4309/4309 4310/4310/4310 4311/4311/4311 
f 4311/4311/4311 4310/4310/4310 4312/4312/4312 
f 4313/4313/4313 4314/4314/4314 4315/4315/4315 
f 4315/4315/4315 4314/4314/4314 4316/4316/4316 
f 4317/4317/4317 4318/4318/4318 4319/4319/4319 
f 4319/4319/4319 4318/4318/4318 4320/4320/4320 

g Part181

v 1.5589 -64.1273 -27.4689 
v -1.20501 -56.4223 -29.0647 
v -31.5006 -79.9394 -46.5558 
v -34.2645 -72.2344 -48.1516 
v 3.37697 -56.4223 -37.0009 
v -1.20501 -56.4223 -29.0647 
v 6.14088 -64.1273 -35.4052 
v 1.5589 -64.1273 -27.4689 
v -1.20501 -56.4223 -29.0647 
v 3.37697 -56.4223 -37.0009 
v -34.2645 -72.2344 -48.1516 
v -29.6825 -72.2344 -56.0878 
v 3.37697 -56.4223 -37.0009 
v 6.14088 -64.1273 -35.4052 
v -29.6825 -72.2344 -56.0878 
v -26.9186 -79.9394 -54.4921 
v -26.9186 -79.9394 -54.4921 
v -31.5006 -79.9394 -46.5558 
v -29.6825 -72.2344 -56.0878 
v -34.2645 -72.2344 -48.1516 
v 6.14088 -64.1273 -35.4052 
v 1.5589 -64.1273 -27.4689 
v -26.9186 -79.9394 -54.4921 
v -31.5006 -79.9394 -46.5558 

vn -0.503937 0 0.866142 
vn -0.503937 0 0.866142 
vn -0.503937 0 0.866142 
vn -0.503937 0 0.866142 
vn 0.80315 0.385827 0.464567 
vn 0.80315 0.385827 0.464567 
vn 0.80315 0.385827 0.464567 
vn 0.80315 0.385827 0.464567 
vn -0.330709 0.92126 -0.188976 
vn -0.330709 0.92126 -0.188976 
vn -0.330709 0.92126 -0.188976 
vn -0.330709 0.92126 -0.188976 
vn 0.503937 0 -0.866142 
vn 0.503937 0 -0.866142 
vn 0.503937 0 -0.866142 
vn 0.503937 0 -0.866142 
vn -0.80315 -0.385827 -0.464567 
vn -0.80315 -0.385827 -0.464567 
vn -0.80315 -0.385827 -0.464567 
vn -0.80315 -0.385827 -0.464567 
vn 0.330709 -0.92126 0.188976 
vn 0.330709 -0.92126 0.188976 
vn 0.330709 -0.92126 0.188976 
vn 0.330709 -0.92126 0.188976 

vt 2.56911 -0.218271 
vt 1.73513 -0.218271 
vt 2.56911 -4.35017 
vt 1.73513 -4.35017 
vt 2.65153 -0.218271 
vt 1.73513 -0.218271 
vt 2.65153 -1.05225 
vt 1.73513 -1.05225 
vt 2.65153 -0.218271 
vt 1.73513 -0.218271 
vt 2.65153 -4.35017 
vt 1.73513 -4.35017 
vt 2.56911 -0.218271 
vt 1.73513 -0.218271 
vt 2.56911 -4.35017 
vt 1.73513 -4.35017 
vt 2.65153 -0.218271 
vt 1.73513 -0.218271 
vt 2.65153 -1.05225 
vt 1.73513 -1.05225 
vt 2.65153 -0.218271 
vt 1.73513 -0.218271 
vt 2.65153 -4.35017 
vt 1.73513 -4.35017 

usemtl Part116Mtl

f 4321/4321/4321 4322/4322/4322 4323/4323/4323 
f 4323/4323/4323 4322/4322/4322 4324/4324/4324 
f 4325/4325/4325 4326/4326/4326 4327/4327/4327 
f 4327/4327/4327 4326/4326/4326 4328/4328/4328 
f 4329/4329/4329 4330/4330/4330 4331/4331/4331 
f 4331/4331/4331 4330/4330/4330 4332/4332/4332 
f 4333/4333/4333 4334/4334/4334 4335/4335/4335 
f 4335/4335/4335 4334/4334/4334 4336/4336/4336 
f 4337/4337/4337 4338/4338/4338 4339/4339/4339 
f 4339/4339/4339 4338/4338/4338 4340/4340/4340 
f 4341/4341/4341 4342/4342/4342 4343/4343/4343 
f 4343/4343/4343 4342/4342/4342 4344/4344/4344 

g Part182

v 51.3376 -64.8118 1.84818 
v 52.3651 -55.7998 2.44141 
v 22.3001 -60.3975 -14.9167 
v 23.3276 -51.3855 -14.3234 
v 57.1971 -55.7998 -5.92783 
v 52.3651 -55.7998 2.44141 
v 56.1696 -64.8118 -6.52106 
v 51.3376 -64.8118 1.84818 
v 52.3651 -55.7998 2.44141 
v 57.1971 -55.7998 -5.92783 
v 23.3276 -51.3855 -14.3234 
v 28.1596 -51.3855 -22.6927 
v 57.1971 -55.7998 -5.92783 
v 56.1696 -64.8118 -6.52106 
v 28.1596 -51.3855 -22.6927 
v 27.1321 -60.3975 -23.2859 
v 27.1321 -60.3975 -23.2859 
v 22.3001 -60.3975 -14.9167 
v 28.1596 -51.3855 -22.6927 
v 23.3276 -51.3855 -14.3234 
v 56.1696 -64.8118 -6.52106 
v 51.3376 -64.8118 1.84818 
v 27.1321 -60.3975 -23.2859 
v 22.3001 -60.3975 -14.9167 

vn -0.503937 0 0.866142 
vn -0.503937 0 0.866142 
vn -0.503937 0 0.866142 
vn -0.503937 0 0.866142 
vn 0.858268 -0.133858 0.496063 
vn 0.858268 -0.133858 0.496063 
vn 0.858268 -0.133858 0.496063 
vn 0.858268 -0.133858 0.496063 
vn 0.110236 0.992126 0.0629921 
vn 0.110236 0.992126 0.0629921 
vn 0.110236 0.992126 0.0629921 
vn 0.110236 0.992126 0.0629921 
vn 0.503937 0 -0.866142 
vn 0.503937 0 -0.866142 
vn 0.503937 0 -0.866142 
vn 0.503937 0 -0.866142 
vn -0.858268 0.133858 -0.496063 
vn -0.858268 0.133858 -0.496063 
vn -0.858268 0.133858 -0.496063 
vn -0.858268 0.133858 -0.496063 
vn -0.110236 -0.992126 -0.0629921 
vn -0.110236 -0.992126 -0.0629921 
vn -0.110236 -0.992126 -0.0629921 
vn -0.110236 -0.992126 -0.0629921 

vt 1.57076 0.216929 
vt 0.66178 0.216929 
vt 1.57076 -3.16497 
vt 0.66178 -3.16497 
vt 1.62818 0.216929 
vt 0.66178 0.216929 
vt 1.62818 -0.692047 
vt 0.66178 -0.692047 
vt 1.62818 0.216929 
vt 0.66178 0.216929 
vt 1.62818 -3.16497 
vt 0.66178 -3.16497 
vt 1.57076 0.216929 
vt 0.66178 0.216929 
vt 1.57076 -3.16497 
vt 0.66178 -3.16497 
vt 1.62818 0.216929 
vt 0.66178 0.216929 
vt 1.62818 -0.692047 
vt 0.66178 -0.692047 
vt 1.62818 0.216929 
vt 0.66178 0.216929 
vt 1.62818 -3.16497 
vt 0.66178 -3.16497 

usemtl Part116Mtl

f 4345/4345/4345 4346/4346/4346 4347/4347/4347 
f 4347/4347/4347 4346/4346/4346 4348/4348/4348 
f 4349/4349/4349 4350/4350/4350 4351/4351/4351 
f 4351/4351/4351 4350/4350/4350 4352/4352/4352 
f 4353/4353/4353 4354/4354/4354 4355/4355/4355 
f 4355/4355/4355 4354/4354/4354 4356/4356/4356 
f 4357/4357/4357 4358/4358/4358 4359/4359/4359 
f 4359/4359/4359 4358/4358/4358 4360/4360/4360 
f 4361/4361/4361 4362/4362/4362 4363/4363/4363 
f 4363/4363/4363 4362/4362/4362 4364/4364/4364 
f 4365/4365/4365 4366/4366/4366 4367/4367/4367 
f 4367/4367/4367 4366/4366/4366 4368/4368/4368 

g Part183

v 27.5728 -59.4577 -13.6045 
v 26.8562 -53.1721 -14.0182 
v -1.03542 -63.8067 -30.1215 
v -1.75206 -57.5211 -30.5352 
v 30.4382 -53.1721 -20.2224 
v 26.8562 -53.1721 -14.0182 
v 31.1548 -59.4577 -19.8087 
v 27.5728 -59.4577 -13.6045 
v 26.8562 -53.1721 -14.0182 
v 30.4382 -53.1721 -20.2224 
v -1.75206 -57.5211 -30.5352 
v 1.82993 -57.5211 -36.7394 
v 30.4382 -53.1721 -20.2224 
v 31.1548 -59.4577 -19.8087 
v 1.82993 -57.5211 -36.7394 
v 2.54657 -63.8067 -36.3257 
v 2.54657 -63.8067 -36.3257 
v -1.03542 -63.8067 -30.1215 
v 1.82993 -57.5211 -36.7394 
v -1.75206 -57.5211 -30.5352 
v 31.1548 -59.4577 -19.8087 
v 27.5728 -59.4577 -13.6045 
v 2.54657 -63.8067 -36.3257 
v -1.03542 -63.8067 -30.1215 

vn -0.503937 0 0.866142 
vn -0.503937 0 0.866142 
vn -0.503937 0 0.866142 
vn -0.503937 0 0.866142 
vn 0.858268 0.133858 0.496063 
vn 0.858268 0.133858 0.496063 
vn 0.858268 0.133858 0.496063 
vn 0.858268 0.133858 0.496063 
vn -0.110236 0.992126 -0.0629921 
vn -0.110236 0.992126 -0.0629921 
vn -0.110236 0.992126 -0.0629921 
vn -0.110236 0.992126 -0.0629921 
vn 0.503937 0 -0.866142 
vn 0.503937 0 -0.866142 
vn 0.503937 0 -0.866142 
vn 0.503937 0 -0.866142 
vn -0.858268 -0.133858 -0.496063 
vn -0.858268 -0.133858 -0.496063 
vn -0.858268 -0.133858 -0.496063 
vn -0.858268 -0.133858 -0.496063 
vn 0.110236 -0.992126 0.0629921 
vn 0.110236 -0.992126 0.0629921 
vn 0.110236 -0.992126 0.0629921 
vn 0.110236 -0.992126 0.0629921 

vt 2.15778 -1.09693 
vt 1.5238 -1.09693 
vt 2.15778 -4.42883 
vt 1.5238 -4.42883 
vt 2.2402 -1.09693 
vt 1.5238 -1.09693 
vt 2.2402 -1.73091 
vt 1.5238 -1.73091 
vt 2.2402 -1.09693 
vt 1.5238 -1.09693 
vt 2.2402 -4.42883 
vt 1.5238 -4.42883 
vt 2.15778 -1.09693 
vt 1.5238 -1.09693 
vt 2.15778 -4.42883 
vt 1.5238 -4.42883 
vt 2.2402 -1.09693 
vt 1.5238 -1.09693 
vt 2.2402 -1.73091 
vt 1.5238 -1.73091 
vt 2.2402 -1.09693 
vt 1.5238 -1.09693 
vt 2.2402 -4.42883 
vt 1.5238 -4.42883 

usemtl Part116Mtl

f 4369/4369/4369 4370/4370/4370 4371/4371/4371 
f 4371/4371/4371 4370/4370/4370 4372/4372/4372 
f 4373/4373/4373 4374/4374/4374 4375/4375/4375 
f 4375/4375/4375 4374/4374/4374 4376/4376/4376 
f 4377/4377/4377 4378/4378/4378 4379/4379/4379 
f 4379/4379/4379 4378/4378/4378 4380/4380/4380 
f 4381/4381/4381 4382/4382/4382 4383/4383/4383 
f 4383/4383/4383 4382/4382/4382 4384/4384/4384 
f 4385/4385/4385 4386/4386/4386 4387/4387/4387 
f 4387/4387/4387 4386/4386/4386 4388/4388/4388 
f 4389/4389/4389 4390/4390/4390 4391/4391/4391 
f 4391/4391/4391 4390/4390/4390 4392/4392/4392 

g Part184

v -14.8115 -75.1815 -107.666 
v -14.8115 -75.1815 -51.326 
v -14.8115 -102.5 -107.666 
v -14.8115 -102.5 -51.326 
v -36.9755 -75.1815 -51.326 
v -14.8115 -75.1815 -51.326 
v -36.9755 -75.1815 -107.666 
v -14.8115 -75.1815 -107.666 
v -14.8115 -75.1815 -51.326 
v -36.9755 -75.1815 -51.326 
v -14.8115 -102.5 -51.326 
v -36.9755 -102.5 -51.326 
v -36.9755 -75.1815 -51.326 
v -36.9755 -75.1815 -107.666 
v -36.9755 -102.5 -51.326 
v -36.9755 -102.5 -107.666 
v -36.9755 -102.5 -107.666 
v -14.8115 -102.5 -107.666 
v -36.9755 -102.5 -51.326 
v -14.8115 -102.5 -51.326 
v -36.9755 -75.1815 -107.666 
v -14.8115 -75.1815 -107.666 
v -36.9755 -102.5 -107.666 
v -14.8115 -102.5 -107.666 

vn 1 0 0 
vn 1 0 0 
vn 1 0 0 
vn 1 0 0 
vn 0 1 0 
vn 0 1 0 
vn 0 1 0 
vn 0 1 0 
vn 0 0 1 
vn 0 0 1 
vn 0 0 1 
vn 0 0 1 
vn -1 0 0 
vn -1 0 0 
vn -1 0 0 
vn -1 0 0 
vn 0 -1 0 
vn 0 -1 0 
vn 0 -1 0 
vn 0 -1 0 
vn 0 0 -1 
vn 0 0 -1 
vn 0 0 -1 
vn 0 0 -1 

vt 0.856654 3.85218 
vt -4.77732 3.85218 
vt 0.856654 1.12038 
vt -4.77732 1.12038 
vt -2.56093 3.85218 
vt -4.77732 3.85218 
vt -2.56093 -1.78179 
vt -4.77732 -1.78179 
vt -2.56093 3.85218 
vt -4.77732 3.85218 
vt -2.56093 1.12038 
vt -4.77732 1.12038 
vt 0.856654 3.85218 
vt -4.77732 3.85218 
vt 0.856654 1.12038 
vt -4.77732 1.12038 
vt -2.56093 3.85218 
vt -4.77732 3.85218 
vt -2.56093 -1.78179 
vt -4.77732 -1.78179 
vt -2.56093 3.85218 
vt -4.77732 3.85218 
vt -2.56093 1.12038 
vt -4.77732 1.12038 

usemtl Part13Mtl

f 4393/4393/4393 4394/4394/4394 4395/4395/4395 
f 4395/4395/4395 4394/4394/4394 4396/4396/4396 
f 4397/4397/4397 4398/4398/4398 4399/4399/4399 
f 4399/4399/4399 4398/4398/4398 4400/4400/4400 
f 4401/4401/4401 4402/4402/4402 4403/4403/4403 
f 4403/4403/4403 4402/4402/4402 4404/4404/4404 
f 4405/4405/4405 4406/4406/4406 4407/4407/4407 
f 4407/4407/4407 4406/4406/4406 4408/4408/4408 
f 4409/4409/4409 4410/4410/4410 4411/4411/4411 
f 4411/4411/4411 4410/4410/4410 4412/4412/4412 
f 4413/4413/4413 4414/4414/4414 4415/4415/4415 
f 4415/4415/4415 4414/4414/4414 4416/4416/4416 

g Part185

v -17.9329 -83.1815 -150.544 
v -17.9328 -83.1815 -100.205 
v -17.9329 -102.5 -150.544 
v -17.9328 -102.5 -100.205 
v -40.0968 -83.1815 -100.205 
v -17.9328 -83.1815 -100.205 
v -40.0968 -83.1815 -150.544 
v -17.9329 -83.1815 -150.544 
v -17.9328 -83.1815 -100.205 
v -40.0968 -83.1815 -100.205 
v -17.9328 -102.5 -100.205 
v -40.0968 -102.5 -100.205 
v -40.0968 -83.1815 -100.205 
v -40.0968 -83.1815 -150.544 
v -40.0968 -102.5 -100.205 
v -40.0968 -102.5 -150.544 
v -40.0968 -102.5 -150.544 
v -17.9329 -102.5 -150.544 
v -40.0968 -102.5 -100.205 
v -17.9328 -102.5 -100.205 
v -40.0968 -83.1815 -150.544 
v -17.9329 -83.1815 -150.544 
v -40.0968 -102.5 -150.544 
v -17.9329 -102.5 -150.544 

vn 1 0 0 
vn 1 0 0 
vn 1 0 0 
vn 1 0 0 
vn 0 1 0 
vn 0 1 0 
vn 0 1 0 
vn 0 1 0 
vn 0 0 1 
vn 0 0 1 
vn 0 0 1 
vn 0 0 1 
vn -1 0 0 
vn -1 0 0 
vn -1 0 0 
vn -1 0 0 
vn 0 -1 0 
vn 0 -1 0 
vn 0 -1 0 
vn 0 -1 0 
vn 0 0 -1 
vn 0 0 -1 
vn 0 0 -1 
vn 0 0 -1 

vt 4.04008 -1.68573 
vt -0.993897 -1.68573 
vt 4.04008 -3.61753 
vt -0.993897 -3.61753 
vt 1.2225 -1.68573 
vt -0.993897 -1.68573 
vt 1.2225 -6.71971 
vt -0.993897 -6.71971 
vt 1.2225 -1.68573 
vt -0.993897 -1.68573 
vt 1.2225 -3.61753 
vt -0.993897 -3.61753 
vt 4.04008 -1.68573 
vt -0.993897 -1.68573 
vt 4.04008 -3.61753 
vt -0.993897 -3.61753 
vt 1.2225 -1.68573 
vt -0.993897 -1.68573 
vt 1.2225 -6.71971 
vt -0.993897 -6.71971 
vt 1.2225 -1.68573 
vt -0.993897 -1.68573 
vt 1.2225 -3.61753 
vt -0.993897 -3.61753 

usemtl Part11Mtl

f 4417/4417/4417 4418/4418/4418 4419/4419/4419 
f 4419/4419/4419 4418/4418/4418 4420/4420/4420 
f 4421/4421/4421 4422/4422/4422 4423/4423/4423 
f 4423/4423/4423 4422/4422/4422 4424/4424/4424 
f 4425/4425/4425 4426/4426/4426 4427/4427/4427 
f 4427/4427/4427 4426/4426/4426 4428/4428/4428 
f 4429/4429/4429 4430/4430/4430 4431/4431/4431 
f 4431/4431/4431 4430/4430/4430 4432/4432/4432 
f 4433/4433/4433 4434/4434/4434 4435/4435/4435 
f 4435/4435/4435 4434/4434/4434 4436/4436/4436 
f 4437/4437/4437 4438/4438/4438 4439/4439/4439 
f 4439/4439/4439 4438/4438/4438 4440/4440/4440 

g Part186

v 50.0671 -91.1815 -261.544 
v 50.0672 -91.1815 -141.205 
v 50.0671 -102.5 -261.544 
v 50.0672 -102.5 -141.205 
v -40.0968 -91.1815 -141.205 
v 50.0672 -91.1815 -141.205 
v -40.0969 -91.1815 -261.544 
v 50.0671 -91.1815 -261.544 
v 50.0672 -91.1815 -141.205 
v -40.0968 -91.1815 -141.205 
v 50.0672 -102.5 -141.205 
v -40.0968 -102.5 -141.205 
v -40.0968 -91.1815 -141.205 
v -40.0969 -91.1815 -261.544 
v -40.0968 -102.5 -141.205 
v -40.0969 -102.5 -261.544 
v -40.0969 -102.5 -261.544 
v 50.0671 -102.5 -261.544 
v -40.0968 -102.5 -141.205 
v 50.0672 -102.5 -141.205 
v -40.0969 -91.1815 -261.544 
v 50.0671 -91.1815 -261.544 
v -40.0969 -102.5 -261.544 
v 50.0671 -102.5 -261.544 

vn 1 0 0 
vn 1 0 0 
vn 1 0 0 
vn 1 0 0 
vn 0 1 0 
vn 0 1 0 
vn 0 1 0 
vn 0 1 0 
vn 0 0 1 
vn 0 0 1 
vn 0 0 1 
vn 0 0 1 
vn -1 0 0 
vn -1 0 0 
vn -1 0 0 
vn -1 0 0 
vn 0 -1 0 
vn 0 -1 0 
vn 0 -1 0 
vn 0 -1 0 
vn 0 0 -1 
vn 0 0 -1 
vn 0 0 -1 
vn 0 0 -1 

vt 18.6347 7.48582 
vt 6.60077 7.48582 
vt 18.6347 6.35402 
vt 6.60077 6.35402 
vt 15.6172 7.48582 
vt 6.60077 7.48582 
vt 15.6172 -4.54815 
vt 6.60077 -4.54815 
vt 15.6172 7.48582 
vt 6.60077 7.48582 
vt 15.6172 6.35402 
vt 6.60077 6.35402 
vt 18.6347 7.48582 
vt 6.60077 7.48582 
vt 18.6347 6.35402 
vt 6.60077 6.35402 
vt 15.6172 7.48582 
vt 6.60077 7.48582 
vt 15.6172 -4.54815 
vt 6.60077 -4.54815 
vt 15.6172 7.48582 
vt 6.60077 7.48582 
vt 15.6172 6.35402 
vt 6.60077 6.35402 

usemtl Part13Mtl

f 4441/4441/4441 4442/4442/4442 4443/4443/4443 
f 4443/4443/4443 4442/4442/4442 4444/4444/4444 
f 4445/4445/4445 4446/4446/4446 4447/4447/4447 
f 4447/4447/4447 4446/4446/4446 4448/4448/4448 
f 4449/4449/4449 4450/4450/4450 4451/4451/4451 
f 4451/4451/4451 4450/4450/4450 4452/4452/4452 
f 4453/4453/4453 4454/4454/4454 4455/4455/4455 
f 4455/4455/4455 4454/4454/4454 4456/4456/4456 
f 4457/4457/4457 4458/4458/4458 4459/4459/4459 
f 4459/4459/4459 4458/4458/4458 4460/4460/4460 
f 4461/4461/4461 4462/4462/4462 4463/4463/4463 
f 4463/4463/4463 4462/4462/4462 4464/4464/4464 

g Part187

v 50.0672 -94.3065 -141.67 
v 50.0672 -94.3065 -130.83 
v 50.0672 -102.5 -141.67 
v 50.0672 -102.5 -130.83 
v 16.1532 -94.3065 -130.83 
v 50.0672 -94.3065 -130.83 
v 16.1532 -94.3065 -141.669 
v 50.0672 -94.3065 -141.67 
v 50.0672 -94.3065 -130.83 
v 16.1532 -94.3065 -130.83 
v 50.0672 -102.5 -130.83 
v 16.1532 -102.5 -130.83 
v 16.1532 -94.3065 -130.83 
v 16.1532 -94.3065 -141.669 
v 16.1532 -102.5 -130.83 
v 16.1532 -102.5 -141.669 
v 16.1532 -102.5 -141.669 
v 50.0672 -102.5 -141.67 
v 16.1532 -102.5 -130.83 
v 50.0672 -102.5 -130.83 
v 16.1532 -94.3065 -141.669 
v 50.0672 -94.3065 -141.67 
v 16.1532 -102.5 -141.669 
v 50.0672 -102.5 -141.67 

vn 1 0 0 
vn 1 0 0 
vn 1 0 0 
vn 1 0 0 
vn 0 1 0 
vn 0 1 0 
vn 0 1 0 
vn 0 1 0 
vn 0 0 1 
vn 0 0 1 
vn 0 0 1 
vn 0 0 1 
vn -1 0 0 
vn -1 0 0 
vn -1 0 0 
vn -1 0 0 
vn 0 -1 0 
vn 0 -1 0 
vn 0 -1 0 
vn 0 -1 0 
vn 0 0 -1 
vn 0 0 -1 
vn 0 0 -1 
vn 0 0 -1 

vt 0.154195 1.57311 
vt -0.929782 1.57311 
vt 0.154195 0.753806 
vt -0.929782 0.753806 
vt 2.46162 1.57311 
vt -0.929782 1.57311 
vt 2.46162 0.489129 
vt -0.929782 0.489129 
vt 2.46162 1.57311 
vt -0.929782 1.57311 
vt 2.46162 0.753806 
vt -0.929782 0.753806 
vt 0.154195 1.57311 
vt -0.929782 1.57311 
vt 0.154195 0.753806 
vt -0.929782 0.753806 
vt 2.46162 1.57311 
vt -0.929782 1.57311 
vt 2.46162 0.489129 
vt -0.929782 0.489129 
vt 2.46162 1.57311 
vt -0.929782 1.57311 
vt 2.46162 0.753806 
vt -0.929782 0.753806 

usemtl Part11Mtl

f 4465/4465/4465 4466/4466/4466 4467/4467/4467 
f 4467/4467/4467 4466/4466/4466 4468/4468/4468 
f 4469/4469/4469 4470/4470/4470 4471/4471/4471 
f 4471/4471/4471 4470/4470/4470 4472/4472/4472 
f 4473/4473/4473 4474/4474/4474 4475/4475/4475 
f 4475/4475/4475 4474/4474/4474 4476/4476/4476 
f 4477/4477/4477 4478/4478/4478 4479/4479/4479 
f 4479/4479/4479 4478/4478/4478 4480/4480/4480 
f 4481/4481/4481 4482/4482/4482 4483/4483/4483 
f 4483/4483/4483 4482/4482/4482 4484/4484/4484 
f 4485/4485/4485 4486/4486/4486 4487/4487/4487 
f 4487/4487/4487 4486/4486/4486 4488/4488/4488 

g Part188

v 50.0672 -98.6815 -141.67 
v 50.0672 -98.6815 -123.705 
v 50.0672 -102.5 -141.67 
v 50.0672 -102.5 -123.705 
v 6.5282 -98.6815 -123.705 
v 50.0672 -98.6815 -123.705 
v 6.52819 -98.6815 -141.669 
v 50.0672 -98.6815 -141.67 
v 50.0672 -98.6815 -123.705 
v 6.5282 -98.6815 -123.705 
v 50.0672 -102.5 -123.705 
v 6.5282 -102.5 -123.705 
v 6.5282 -98.6815 -123.705 
v 6.52819 -98.6815 -141.669 
v 6.5282 -102.5 -123.705 
v 6.52819 -102.5 -141.669 
v 6.52819 -102.5 -141.669 
v 50.0672 -102.5 -141.67 
v 6.5282 -102.5 -123.705 
v 50.0672 -102.5 -123.705 
v 6.52819 -98.6815 -141.669 
v 50.0672 -98.6815 -141.67 
v 6.52819 -102.5 -141.669 
v 50.0672 -102.5 -141.67 

vn 1 0 0 
vn 1 0 0 
vn 1 0 0 
vn 1 0 0 
vn 0 1 0 
vn 0 1 0 
vn 0 1 0 
vn 0 1 0 
vn 0 0 1 
vn 0 0 1 
vn 0 0 1 
vn 0 0 1 
vn -1 0 0 
vn -1 0 0 
vn -1 0 0 
vn -1 0 0 
vn 0 -1 0 
vn 0 -1 0 
vn 0 -1 0 
vn 0 -1 0 
vn 0 0 -1 
vn 0 0 -1 
vn 0 0 -1 
vn 0 0 -1 

vt 0.955773 -2.18516 
vt -0.840704 -2.18516 
vt 0.955773 -2.56696 
vt -0.840704 -2.56696 
vt 3.51319 -2.18516 
vt -0.840704 -2.18516 
vt 3.51319 -3.98164 
vt -0.840704 -3.98164 
vt 3.51319 -2.18516 
vt -0.840704 -2.18516 
vt 3.51319 -2.56696 
vt -0.840704 -2.56696 
vt 0.955773 -2.18516 
vt -0.840704 -2.18516 
vt 0.955773 -2.56696 
vt -0.840704 -2.56696 
vt 3.51319 -2.18516 
vt -0.840704 -2.18516 
vt 3.51319 -3.98164 
vt -0.840704 -3.98164 
vt 3.51319 -2.18516 
vt -0.840704 -2.18516 
vt 3.51319 -2.56696 
vt -0.840704 -2.56696 

usemtl Part116Mtl

f 4489/4489/4489 4490/4490/4490 4491/4491/4491 
f 4491/4491/4491 4490/4490/4490 4492/4492/4492 
f 4493/4493/4493 4494/4494/4494 4495/4495/4495 
f 4495/4495/4495 4494/4494/4494 4496/4496/4496 
f 4497/4497/4497 4498/4498/4498 4499/4499/4499 
f 4499/4499/4499 4498/4498/4498 4500/4500/4500 
f 4501/4501/4501 4502/4502/4502 4503/4503/4503 
f 4503/4503/4503 4502/4502/4502 4504/4504/4504 
f 4505/4505/4505 4506/4506/4506 4507/4507/4507 
f 4507/4507/4507 4506/4506/4506 4508/4508/4508 
f 4509/4509/4509 4510/4510/4510 4511/4511/4511 
f 4511/4511/4511 4510/4510/4510 4512/4512/4512 

g Part189

v 50.0671 -90.1815 -261.544 
v 50.0672 -90.1815 -142.205 
v 50.0671 -91.1815 -261.544 
v 50.0672 -91.1815 -142.205 
v -40.0968 -90.1815 -142.205 
v 50.0672 -90.1815 -142.205 
v -40.0969 -90.1815 -261.544 
v 50.0671 -90.1815 -261.544 
v 50.0672 -90.1815 -142.205 
v -40.0968 -90.1815 -142.205 
v 50.0672 -91.1815 -142.205 
v -40.0968 -91.1815 -142.205 
v -40.0968 -90.1815 -142.205 
v -40.0969 -90.1815 -261.544 
v -40.0968 -91.1815 -142.205 
v -40.0969 -91.1815 -261.544 
v -40.0969 -91.1815 -261.544 
v 50.0671 -91.1815 -261.544 
v -40.0968 -91.1815 -142.205 
v 50.0672 -91.1815 -142.205 
v -40.0969 -90.1815 -261.544 
v 50.0671 -90.1815 -261.544 
v -40.0969 -91.1815 -261.544 
v 50.0671 -91.1815 -261.544 

vn 1 0 0 
vn 1 0 0 
vn 1 0 0 
vn 1 0 0 
vn 0 1 0 
vn 0 1 0 
vn 0 1 0 
vn 0 1 0 
vn 0 0 1 
vn 0 0 1 
vn 0 0 1 
vn 0 0 1 
vn -1 0 0 
vn -1 0 0 
vn -1 0 0 
vn -1 0 0 
vn 0 -1 0 
vn 0 -1 0 
vn 0 -1 0 
vn 0 -1 0 
vn 0 0 -1 
vn 0 0 -1 
vn 0 0 -1 
vn 0 0 -1 

vt 18.8242 1.31856 
vt 6.89027 1.31856 
vt 18.8242 1.21856 
vt 6.89027 1.21856 
vt 15.9067 1.31856 
vt 6.89027 1.31856 
vt 15.9067 -10.6154 
vt 6.89027 -10.6154 
vt 15.9067 1.31856 
vt 6.89027 1.31856 
vt 15.9067 1.21856 
vt 6.89027 1.21856 
vt 18.8242 1.31856 
vt 6.89027 1.31856 
vt 18.8242 1.21856 
vt 6.89027 1.21856 
vt 15.9067 1.31856 
vt 6.89027 1.31856 
vt 15.9067 -10.6154 
vt 6.89027 -10.6154 
vt 15.9067 1.31856 
vt 6.89027 1.31856 
vt 15.9067 1.21856 
vt 6.89027 1.21856 

usemtl Part17Mtl

f 4513/4513/4513 4514/4514/4514 4515/4515/4515 
f 4515/4515/4515 4514/4514/4514 4516/4516/4516 
f 4517/4517/4517 4518/4518/4518 4519/4519/4519 
f 4519/4519/4519 4518/4518/4518 4520/4520/4520 
f 4521/4521/4521 4522/4522/4522 4523/4523/4523 
f 4523/4523/4523 4522/4522/4522 4524/4524/4524 
f 4525/4525/4525 4526/4526/4526 4527/4527/4527 
f 4527/4527/4527 4526/4526/4526 4528/4528/4528 
f 4529/4529/4529 4530/4530/4530 4531/4531/4531 
f 4531/4531/4531 4530/4530/4530 4532/4532/4532 
f 4533/4533/4533 4534/4534/4534 4535/4535/4535 
f 4535/4535/4535 4534/4534/4534 4536/4536/4536 

g Part190

v 136.718 17.819 -230.442 
v 118.238 17.819 -241.112 
v 136.718 0.5 -230.442 
v 118.238 0.5 -241.112 
v 127.82 17.819 -257.708 
v 118.238 17.819 -241.112 
v 146.3 17.819 -247.038 
v 136.718 17.819 -230.442 
v 118.238 17.819 -241.112 
v 127.82 17.819 -257.708 
v 118.238 0.5 -241.112 
v 127.82 0.5 -257.708 
v 127.82 17.819 -257.708 
v 146.3 17.819 -247.038 
v 127.82 0.5 -257.708 
v 146.3 0.5 -247.038 
v 146.3 0.5 -247.038 
v 136.718 0.5 -230.442 
v 127.82 0.5 -257.708 
v 118.238 0.5 -241.112 
v 146.3 17.819 -247.038 
v 136.718 17.819 -230.442 
v 146.3 0.5 -247.038 
v 136.718 0.5 -230.442 

vn -0.496063 0 0.866142 
vn -0.496063 0 0.866142 
vn -0.496063 0 0.866142 
vn -0.496063 0 0.866142 
vn 0 1 0 
vn 0 1 0 
vn 0 1 0 
vn 0 1 0 
vn -0.866142 0 -0.496063 
vn -0.866142 0 -0.496063 
vn -0.866142 0 -0.496063 
vn -0.866142 0 -0.496063 
vn 0.496063 0 -0.866142 
vn 0.496063 0 -0.866142 
vn 0.496063 0 -0.866142 
vn 0.496063 0 -0.866142 
vn 0 -1 0 
vn 0 -1 0 
vn 0 -1 0 
vn 0 -1 0 
vn 0.866142 0 0.496063 
vn 0.866142 0 0.496063 
vn 0.866142 0 0.496063 
vn 0.866142 0 0.496063 

vt 1.41145 -1.05106 
vt -0.72253 -1.05106 
vt 1.41145 -2.78296 
vt -0.72253 -2.78296 
vt 1.19387 -1.05106 
vt -0.72253 -1.05106 
vt 1.19387 -3.18504 
vt -0.72253 -3.18504 
vt 1.19387 -1.05106 
vt -0.72253 -1.05106 
vt 1.19387 -2.78296 
vt -0.72253 -2.78296 
vt 1.41145 -1.05106 
vt -0.72253 -1.05106 
vt 1.41145 -2.78296 
vt -0.72253 -2.78296 
vt 1.19387 -1.05106 
vt -0.72253 -1.05106 
vt 1.19387 -3.18504 
vt -0.72253 -3.18504 
vt 1.19387 -1.05106 
vt -0.72253 -1.05106 
vt 1.19387 -2.78296 
vt -0.72253 -2.78296 

usemtl Part12Mtl

f 4537/4537/4537 4538/4538/4538 4539/4539/4539 
f 4539/4539/4539 4538/4538/4538 4540/4540/4540 
f 4541/4541/4541 4542/4542/4542 4543/4543/4543 
f 4543/4543/4543 4542/4542/4542 4544/4544/4544 
f 4545/4545/4545 4546/4546/4546 4547/4547/4547 
f 4547/4547/4547 4546/4546/4546 4548/4548/4548 
f 4549/4549/4549 4550/4550/4550 4551/4551/4551 
f 4551/4551/4551 4550/4550/4550 4552/4552/4552 
f 4553/4553/4553 4554/4554/4554 4555/4555/4555 
f 4555/4555/4555 4554/4554/4554 4556/4556/4556 
f 4557/4557/4557 4558/4558/4558 4559/4559/4559 
f 4559/4559/4559 4558/4558/4558 4560/4560/4560 

g Part191

v -10.6805 -100.181 -122.663 
v -20.501 -100.181 -128.333 
v -10.6805 -101.5 -122.663 
v -20.501 -101.5 -128.333 
v -9.41906 -100.181 -147.527 
v -20.501 -100.181 -128.333 
v 0.401437 -100.181 -141.857 
v -10.6805 -100.181 -122.663 
v -20.501 -100.181 -128.333 
v -9.41906 -100.181 -147.527 
v -20.501 -101.5 -128.333 
v -9.41906 -101.5 -147.527 
v -9.41906 -100.181 -147.527 
v 0.401437 -100.181 -141.857 
v -9.41906 -101.5 -147.527 
v 0.401437 -101.5 -141.857 
v 0.401437 -101.5 -141.857 
v -10.6805 -101.5 -122.663 
v -9.41906 -101.5 -147.527 
v -20.501 -101.5 -128.333 
v 0.401437 -100.181 -141.857 
v -10.6805 -100.181 -122.663 
v 0.401437 -101.5 -141.857 
v -10.6805 -101.5 -122.663 

vn -0.496063 0 0.866142 
vn -0.496063 0 0.866142 
vn -0.496063 0 0.866142 
vn -0.496063 0 0.866142 
vn 0 1 0 
vn 0 1 0 
vn 0 1 0 
vn 0 1 0 
vn -0.866142 0 -0.496063 
vn -0.866142 0 -0.496063 
vn -0.866142 0 -0.496063 
vn -0.866142 0 -0.496063 
vn 0.496063 0 -0.866142 
vn 0.496063 0 -0.866142 
vn 0.496063 0 -0.866142 
vn 0.496063 0 -0.866142 
vn 0 -1 0 
vn 0 -1 0 
vn 0 -1 0 
vn 0 -1 0 
vn 0.866142 0 0.496063 
vn 0.866142 0 0.496063 
vn 0.866142 0 0.496063 
vn 0.866142 0 0.496063 

vt 2.81289 -0.559518 
vt 1.67891 -0.559518 
vt 2.81289 -0.691417 
vt 1.67891 -0.691417 
vt 3.89531 -0.559518 
vt 1.67891 -0.559518 
vt 3.89531 -1.69349 
vt 1.67891 -1.69349 
vt 3.89531 -0.559518 
vt 1.67891 -0.559518 
vt 3.89531 -0.691417 
vt 1.67891 -0.691417 
vt 2.81289 -0.559518 
vt 1.67891 -0.559518 
vt 2.81289 -0.691417 
vt 1.67891 -0.691417 
vt 3.89531 -0.559518 
vt 1.67891 -0.559518 
vt 3.89531 -1.69349 
vt 1.67891 -1.69349 
vt 3.89531 -0.559518 
vt 1.67891 -0.559518 
vt 3.89531 -0.691417 
vt 1.67891 -0.691417 

usemtl Part16Mtl

f 4561/4561/4561 4562/4562/4562 4563/4563/4563 
f 4563/4563/4563 4562/4562/4562 4564/4564/4564 
f 4565/4565/4565 4566/4566/4566 4567/4567/4567 
f 4567/4567/4567 4566/4566/4566 4568/4568/4568 
f 4569/4569/4569 4570/4570/4570 4571/4571/4571 
f 4571/4571/4571 4570/4570/4570 4572/4572/4572 
f 4573/4573/4573 4574/4574/4574 4575/4575/4575 
f 4575/4575/4575 4574/4574/4574 4576/4576/4576 
f 4577/4577/4577 4578/4578/4578 4579/4579/4579 
f 4579/4579/4579 4578/4578/4578 4580/4580/4580 
f 4581/4581/4581 4582/4582/4582 4583/4583/4583 
f 4583/4583/4583 4582/4582/4582 4584/4584/4584 

g Part192

v 131.84 30.819 -236.905 
v 116.824 30.819 -245.575 
v 131.84 0.5 -236.905 
v 116.824 0.5 -245.575 
v 128.906 30.819 -266.501 
v 116.824 30.819 -245.575 
v 143.922 30.819 -257.831 
v 131.84 30.819 -236.905 
v 116.824 30.819 -245.575 
v 128.906 30.819 -266.501 
v 116.824 0.5 -245.575 
v 128.906 0.5 -266.501 
v 128.906 30.819 -266.501 
v 143.922 30.819 -257.831 
v 128.906 0.5 -266.501 
v 143.922 0.5 -257.831 
v 143.922 0.5 -257.831 
v 131.84 0.5 -236.905 
v 128.906 0.5 -266.501 
v 116.824 0.5 -245.575 
v 143.922 30.819 -257.831 
v 131.84 30.819 -236.905 
v 143.922 0.5 -257.831 
v 131.84 0.5 -236.905 

vn -0.496063 0 0.866142 
vn -0.496063 0 0.866142 
vn -0.496063 0 0.866142 
vn -0.496063 0 0.866142 
vn 0 1 0 
vn 0 1 0 
vn 0 1 0 
vn 0 1 0 
vn -0.866142 0 -0.496063 
vn -0.866142 0 -0.496063 
vn -0.866142 0 -0.496063 
vn -0.866142 0 -0.496063 
vn 0.496063 0 -0.866142 
vn 0.496063 0 -0.866142 
vn 0.496063 0 -0.866142 
vn 0.496063 0 -0.866142 
vn 0 -1 0 
vn 0 -1 0 
vn 0 -1 0 
vn 0 -1 0 
vn 0.866142 0 0.496063 
vn 0.866142 0 0.496063 
vn 0.866142 0 0.496063 
vn 0.866142 0 0.496063 

vt -0.238089 -1.33741 
vt -1.97207 -1.33741 
vt -0.238089 -4.3693 
vt -1.97207 -4.3693 
vt 0.444332 -1.33741 
vt -1.97207 -1.33741 
vt 0.444332 -3.07138 
vt -1.97207 -3.07138 
vt 0.444332 -1.33741 
vt -1.97207 -1.33741 
vt 0.444332 -4.3693 
vt -1.97207 -4.3693 
vt -0.238089 -1.33741 
vt -1.97207 -1.33741 
vt -0.238089 -4.3693 
vt -1.97207 -4.3693 
vt 0.444332 -1.33741 
vt -1.97207 -1.33741 
vt 0.444332 -3.07138 
vt -1.97207 -3.07138 
vt 0.444332 -1.33741 
vt -1.97207 -1.33741 
vt 0.444332 -4.3693 
vt -1.97207 -4.3693 

usemtl Part12Mtl

f 4585/4585/4585 4586/4586/4586 4587/4587/4587 
f 4587/4587/4587 4586/4586/4586 4588/4588/4588 
f 4589/4589/4589 4590/4590/4590 4591/4591/4591 
f 4591/4591/4591 4590/4590/4590 4592/4592/4592 
f 4593/4593/4593 4594/4594/4594 4595/4595/4595 
f 4595/4595/4595 4594/4594/4594 4596/4596/4596 
f 4597/4597/4597 4598/4598/4598 4599/4599/4599 
f 4599/4599/4599 4598/4598/4598 4600/4600/4600 
f 4601/4601/4601 4602/4602/4602 4603/4603/4603 
f 4603/4603/4603 4602/4602/4602 4604/4604/4604 
f 4605/4605/4605 4606/4606/4606 4607/4607/4607 
f 4607/4607/4607 4606/4606/4606 4608/4608/4608 

g Part193

v 60.4145 -79.1815 -43.6658 
v 60.4145 -79.1815 -3.32601 
v 60.4145 -102.5 -43.6658 
v 60.4145 -102.5 -3.32601 
v 38.2505 -79.1815 -3.326 
v 60.4145 -79.1815 -3.32601 
v 38.2505 -79.1815 -43.6658 
v 60.4145 -79.1815 -43.6658 
v 60.4145 -79.1815 -3.32601 
v 38.2505 -79.1815 -3.326 
v 60.4145 -102.5 -3.32601 
v 38.2505 -102.5 -3.326 
v 38.2505 -79.1815 -3.326 
v 38.2505 -79.1815 -43.6658 
v 38.2505 -102.5 -3.326 
v 38.2505 -102.5 -43.6658 
v 38.2505 -102.5 -43.6658 
v 60.4145 -102.5 -43.6658 
v 38.2505 -102.5 -3.326 
v 60.4145 -102.5 -3.32601 
v 38.2505 -79.1815 -43.6658 
v 60.4145 -79.1815 -43.6658 
v 38.2505 -102.5 -43.6658 
v 60.4145 -102.5 -43.6658 

vn 1 0 0 
vn 1 0 0 
vn 1 0 0 
vn 1 0 0 
vn 0 1 0 
vn 0 1 0 
vn 0 1 0 
vn 0 1 0 
vn 0 0 1 
vn 0 0 1 
vn 0 0 1 
vn 0 0 1 
vn -1 0 0 
vn -1 0 0 
vn -1 0 0 
vn -1 0 0 
vn 0 -1 0 
vn 0 -1 0 
vn 0 -1 0 
vn 0 -1 0 
vn 0 0 -1 
vn 0 0 -1 
vn 0 0 -1 
vn 0 0 -1 

vt 7.60358 2.88024 
vt 3.5696 2.88024 
vt 7.60358 0.548442 
vt 3.5696 0.548442 
vt 5.786 2.88024 
vt 3.5696 2.88024 
vt 5.786 -1.15373 
vt 3.5696 -1.15373 
vt 5.786 2.88024 
vt 3.5696 2.88024 
vt 5.786 0.548442 
vt 3.5696 0.548442 
vt 7.60358 2.88024 
vt 3.5696 2.88024 
vt 7.60358 0.548442 
vt 3.5696 0.548442 
vt 5.786 2.88024 
vt 3.5696 2.88024 
vt 5.786 -1.15373 
vt 3.5696 -1.15373 
vt 5.786 2.88024 
vt 3.5696 2.88024 
vt 5.786 0.548442 
vt 3.5696 0.548442 

usemtl Part13Mtl

f 4609/4609/4609 4610/4610/4610 4611/4611/4611 
f 4611/4611/4611 4610/4610/4610 4612/4612/4612 
f 4613/4613/4613 4614/4614/4614 4615/4615/4615 
f 4615/4615/4615 4614/4614/4614 4616/4616/4616 
f 4617/4617/4617 4618/4618/4618 4619/4619/4619 
f 4619/4619/4619 4618/4618/4618 4620/4620/4620 
f 4621/4621/4621 4622/4622/4622 4623/4623/4623 
f 4623/4623/4623 4622/4622/4622 4624/4624/4624 
f 4625/4625/4625 4626/4626/4626 4627/4627/4627 
f 4627/4627/4627 4626/4626/4626 4628/4628/4628 
f 4629/4629/4629 4630/4630/4630 4631/4631/4631 
f 4631/4631/4631 4630/4630/4630 4632/4632/4632 

g Part194

v 60.4145 -79.1815 -155.666 
v 60.4145 -79.1815 -93.326 
v 60.4145 -102.5 -155.666 
v 60.4145 -102.5 -93.326 
v 32.2505 -79.1815 -93.326 
v 60.4145 -79.1815 -93.326 
v 32.2505 -79.1815 -155.666 
v 60.4145 -79.1815 -155.666 
v 60.4145 -79.1815 -93.326 
v 32.2505 -79.1815 -93.326 
v 60.4145 -102.5 -93.326 
v 32.2505 -102.5 -93.326 
v 32.2505 -79.1815 -93.326 
v 32.2505 -79.1815 -155.666 
v 32.2505 -102.5 -93.326 
v 32.2505 -102.5 -155.666 
v 32.2505 -102.5 -155.666 
v 60.4145 -102.5 -155.666 
v 32.2505 -102.5 -93.326 
v 60.4145 -102.5 -93.326 
v 32.2505 -79.1815 -155.666 
v 60.4145 -79.1815 -155.666 
v 32.2505 -102.5 -155.666 
v 60.4145 -102.5 -155.666 

vn 1 0 0 
vn 1 0 0 
vn 1 0 0 
vn 1 0 0 
vn 0 1 0 
vn 0 1 0 
vn 0 1 0 
vn 0 1 0 
vn 0 0 1 
vn 0 0 1 
vn 0 0 1 
vn 0 0 1 
vn -1 0 0 
vn -1 0 0 
vn -1 0 0 
vn -1 0 0 
vn 0 -1 0 
vn 0 -1 0 
vn 0 -1 0 
vn 0 -1 0 
vn 0 0 -1 
vn 0 0 -1 
vn 0 0 -1 
vn 0 0 -1 

vt 1.33368 -1.18751 
vt -4.9003 -1.18751 
vt 1.33368 -3.51931 
vt -4.9003 -3.51931 
vt -2.0839 -1.18751 
vt -4.9003 -1.18751 
vt -2.0839 -7.42148 
vt -4.9003 -7.42148 
vt -2.0839 -1.18751 
vt -4.9003 -1.18751 
vt -2.0839 -3.51931 
vt -4.9003 -3.51931 
vt 1.33368 -1.18751 
vt -4.9003 -1.18751 
vt 1.33368 -3.51931 
vt -4.9003 -3.51931 
vt -2.0839 -1.18751 
vt -4.9003 -1.18751 
vt -2.0839 -7.42148 
vt -4.9003 -7.42148 
vt -2.0839 -1.18751 
vt -4.9003 -1.18751 
vt -2.0839 -3.51931 
vt -4.9003 -3.51931 

usemtl Part116Mtl

f 4633/4633/4633 4634/4634/4634 4635/4635/4635 
f 4635/4635/4635 4634/4634/4634 4636/4636/4636 
f 4637/4637/4637 4638/4638/4638 4639/4639/4639 
f 4639/4639/4639 4638/4638/4638 4640/4640/4640 
f 4641/4641/4641 4642/4642/4642 4643/4643/4643 
f 4643/4643/4643 4642/4642/4642 4644/4644/4644 
f 4645/4645/4645 4646/4646/4646 4647/4647/4647 
f 4647/4647/4647 4646/4646/4646 4648/4648/4648 
f 4649/4649/4649 4650/4650/4650 4651/4651/4651 
f 4651/4651/4651 4650/4650/4650 4652/4652/4652 
f 4653/4653/4653 4654/4654/4654 4655/4655/4655 
f 4655/4655/4655 4654/4654/4654 4656/4656/4656 

g Part195

v -62.6819 -62.1815 -251.792 
v 1.69819 -62.1815 -288.962 
v -62.6819 -102.5 -251.792 
v 1.69819 -102.5 -288.962 
v 25.2802 -62.1815 -248.117 
v 1.69819 -62.1815 -288.962 
v -39.0999 -62.1815 -210.947 
v -62.6819 -62.1815 -251.792 
v 1.69819 -62.1815 -288.962 
v 25.2802 -62.1815 -248.117 
v 1.69819 -102.5 -288.962 
v 25.2802 -102.5 -248.117 
v 25.2802 -62.1815 -248.117 
v -39.0999 -62.1815 -210.947 
v 25.2802 -102.5 -248.117 
v -39.0999 -102.5 -210.947 
v -39.0999 -102.5 -210.947 
v -62.6819 -102.5 -251.792 
v 25.2802 -102.5 -248.117 
v 1.69819 -102.5 -288.962 
v -39.0999 -62.1815 -210.947 
v -62.6819 -62.1815 -251.792 
v -39.0999 -102.5 -210.947 
v -62.6819 -102.5 -251.792 

vn -0.496063 0 -0.866142 
vn -0.496063 0 -0.866142 
vn -0.496063 0 -0.866142 
vn -0.496063 0 -0.866142 
vn 0 1 0 
vn 0 1 0 
vn 0 1 0 
vn 0 1 0 
vn 0.866142 0 -0.496063 
vn 0.866142 0 -0.496063 
vn 0.866142 0 -0.496063 
vn 0.866142 0 -0.496063 
vn 0.503937 0 0.866142 
vn 0.503937 0 0.866142 
vn 0.503937 0 0.866142 
vn 0.503937 0 0.866142 
vn 0 -1 0 
vn 0 -1 0 
vn 0 -1 0 
vn 0 -1 0 
vn -0.866142 0 0.503937 
vn -0.866142 0 0.503937 
vn -0.866142 0 0.503937 
vn -0.866142 0 0.503937 

vt 14.896 5.63602 
vt 7.46202 5.63602 
vt 14.896 1.60422 
vt 7.46202 1.60422 
vt 12.1784 5.63602 
vt 7.46202 5.63602 
vt 12.1784 -1.79796 
vt 7.46202 -1.79796 
vt 12.1784 5.63602 
vt 7.46202 5.63602 
vt 12.1784 1.60422 
vt 7.46202 1.60422 
vt 14.896 5.63602 
vt 7.46202 5.63602 
vt 14.896 1.60422 
vt 7.46202 1.60422 
vt 12.1784 5.63602 
vt 7.46202 5.63602 
vt 12.1784 -1.79796 
vt 7.46202 -1.79796 
vt 12.1784 5.63602 
vt 7.46202 5.63602 
vt 12.1784 1.60422 
vt 7.46202 1.60422 

usemtl Part13Mtl

f 4657/4657/4657 4658/4658/4658 4659/4659/4659 
f 4659/4659/4659 4658/4658/4658 4660/4660/4660 
f 4661/4661/4661 4662/4662/4662 4663/4663/4663 
f 4663/4663/4663 4662/4662/4662 4664/4664/4664 
f 4665/4665/4665 4666/4666/4666 4667/4667/4667 
f 4667/4667/4667 4666/4666/4666 4668/4668/4668 
f 4669/4669/4669 4670/4670/4670 4671/4671/4671 
f 4671/4671/4671 4670/4670/4670 4672/4672/4672 
f 4673/4673/4673 4674/4674/4674 4675/4675/4675 
f 4675/4675/4675 4674/4674/4674 4676/4676/4676 
f 4677/4677/4677 4678/4678/4678 4679/4679/4679 
f 4679/4679/4679 4678/4678/4678 4680/4680/4680 

g Part196

v -54.1284 -46.8118 -193.854 
v -55.3047 -37.7998 -194.009 
v -20.8856 -42.3975 -189.477 
v -22.0619 -33.3855 -189.632 
v -56.3051 -37.7998 -186.41 
v -55.3047 -37.7998 -194.009 
v -55.1288 -46.8118 -186.255 
v -54.1284 -46.8118 -193.854 
v -55.3047 -37.7998 -194.009 
v -56.3051 -37.7998 -186.41 
v -22.0619 -33.3855 -189.632 
v -23.0623 -33.3855 -182.034 
v -56.3051 -37.7998 -186.41 
v -55.1288 -46.8118 -186.255 
v -23.0623 -33.3855 -182.034 
v -21.886 -42.3975 -181.879 
v -21.886 -42.3975 -181.879 
v -20.8856 -42.3975 -189.477 
v -23.0623 -33.3855 -182.034 
v -22.0619 -33.3855 -189.632 
v -55.1288 -46.8118 -186.255 
v -54.1284 -46.8118 -193.854 
v -21.886 -42.3975 -181.879 
v -20.8856 -42.3975 -189.477 

vn 0.133858 0 -0.992126 
vn 0.133858 0 -0.992126 
vn 0.133858 0 -0.992126 
vn 0.133858 0 -0.992126 
vn -0.984252 -0.133858 -0.125984 
vn -0.984252 -0.133858 -0.125984 
vn -0.984252 -0.133858 -0.125984 
vn -0.984252 -0.133858 -0.125984 
vn -0.125984 0.992126 -0.015748 
vn -0.125984 0.992126 -0.015748 
vn -0.125984 0.992126 -0.015748 
vn -0.125984 0.992126 -0.015748 
vn -0.133858 0 0.992126 
vn -0.133858 0 0.992126 
vn -0.133858 0 0.992126 
vn -0.133858 0 0.992126 
vn 0.984252 0.133858 0.125984 
vn 0.984252 0.133858 0.125984 
vn 0.984252 0.133858 0.125984 
vn 0.984252 0.133858 0.125984 
vn 0.125984 -0.992126 0.015748 
vn 0.125984 -0.992126 0.015748 
vn 0.125984 -0.992126 0.015748 
vn 0.125984 -0.992126 0.015748 

vt 2.09527 -1.10348 
vt 1.18629 -1.10348 
vt 2.09527 -4.48538 
vt 1.18629 -4.48538 
vt 1.95269 -1.10348 
vt 1.18629 -1.10348 
vt 1.95269 -2.01246 
vt 1.18629 -2.01246 
vt 1.95269 -1.10348 
vt 1.18629 -1.10348 
vt 1.95269 -4.48538 
vt 1.18629 -4.48538 
vt 2.09527 -1.10348 
vt 1.18629 -1.10348 
vt 2.09527 -4.48538 
vt 1.18629 -4.48538 
vt 1.95269 -1.10348 
vt 1.18629 -1.10348 
vt 1.95269 -2.01246 
vt 1.18629 -2.01246 
vt 1.95269 -1.10348 
vt 1.18629 -1.10348 
vt 1.95269 -4.48538 
vt 1.18629 -4.48538 

usemtl Part13Mtl

f 4681/4681/4681 4682/4682/4682 4683/4683/4683 
f 4683/4683/4683 4682/4682/4682 4684/4684/4684 
f 4685/4685/4685 4686/4686/4686 4687/4687/4687 
f 4687/4687/4687 4686/4686/4686 4688/4688/4688 
f 4689/4689/4689 4690/4690/4690 4691/4691/4691 
f 4691/4691/4691 4690/4690/4690 4692/4692/4692 
f 4693/4693/4693 4694/4694/4694 4695/4695/4695 
f 4695/4695/4695 4694/4694/4694 4696/4696/4696 
f 4697/4697/4697 4698/4698/4698 4699/4699/4699 
f 4699/4699/4699 4698/4698/4698 4700/4700/4700 
f 4701/4701/4701 4702/4702/4702 4703/4703/4703 
f 4703/4703/4703 4702/4702/4702 4704/4704/4704 

g Part197

v 20.0408 -28.1273 -234.437 
v 23.205 -20.4223 -234.853 
v 57.888 -43.9394 -239.42 
v 61.0522 -36.2344 -239.836 
v 24.9233 -20.4223 -221.802 
v 23.205 -20.4223 -234.853 
v 21.7591 -28.1273 -221.385 
v 20.0408 -28.1273 -234.437 
v 23.205 -20.4223 -234.853 
v 24.9233 -20.4223 -221.802 
v 61.0522 -36.2344 -239.836 
v 62.7705 -36.2344 -226.785 
v 24.9233 -20.4223 -221.802 
v 21.7591 -28.1273 -221.385 
v 62.7705 -36.2344 -226.785 
v 59.6063 -43.9394 -226.368 
v 59.6063 -43.9394 -226.368 
v 57.888 -43.9394 -239.42 
v 62.7705 -36.2344 -226.785 
v 61.0522 -36.2344 -239.836 
v 21.7591 -28.1273 -221.385 
v 20.0408 -28.1273 -234.437 
v 59.6063 -43.9394 -226.368 
v 57.888 -43.9394 -239.42 

vn -0.133858 0 -0.992126 
vn -0.133858 0 -0.992126 
vn -0.133858 0 -0.992126 
vn -0.133858 0 -0.992126 
vn -0.913386 0.385827 0.11811 
vn -0.913386 0.385827 0.11811 
vn -0.913386 0.385827 0.11811 
vn -0.913386 0.385827 0.11811 
vn 0.377953 0.92126 -0.0472441 
vn 0.377953 0.92126 -0.0472441 
vn 0.377953 0.92126 -0.0472441 
vn 0.377953 0.92126 -0.0472441 
vn 0.133858 0 0.992126 
vn 0.133858 0 0.992126 
vn 0.133858 0 0.992126 
vn 0.133858 0 0.992126 
vn 0.913386 -0.385827 -0.11811 
vn 0.913386 -0.385827 -0.11811 
vn 0.913386 -0.385827 -0.11811 
vn 0.913386 -0.385827 -0.11811 
vn -0.377953 -0.92126 0.0472441 
vn -0.377953 -0.92126 0.0472441 
vn -0.377953 -0.92126 0.0472441 
vn -0.377953 -0.92126 0.0472441 

vt 0.0489687 0.565191 
vt -0.785008 0.565191 
vt 0.0489687 -3.56671 
vt -0.785008 -3.56671 
vt 0.531389 0.565191 
vt -0.785008 0.565191 
vt 0.531389 -0.268785 
vt -0.785008 -0.268785 
vt 0.531389 0.565191 
vt -0.785008 0.565191 
vt 0.531389 -3.56671 
vt -0.785008 -3.56671 
vt 0.0489687 0.565191 
vt -0.785008 0.565191 
vt 0.0489687 -3.56671 
vt -0.785008 -3.56671 
vt 0.531389 0.565191 
vt -0.785008 0.565191 
vt 0.531389 -0.268785 
vt -0.785008 -0.268785 
vt 0.531389 0.565191 
vt -0.785008 0.565191 
vt 0.531389 -3.56671 
vt -0.785008 -3.56671 

usemtl Part24Mtl

f 4705/4705/4705 4706/4706/4706 4707/4707/4707 
f 4707/4707/4707 4706/4706/4706 4708/4708/4708 
f 4709/4709/4709 4710/4710/4710 4711/4711/4711 
f 4711/4711/4711 4710/4710/4710 4712/4712/4712 
f 4713/4713/4713 4714/4714/4714 4715/4715/4715 
f 4715/4715/4715 4714/4714/4714 4716/4716/4716 
f 4717/4717/4717 4718/4718/4718 4719/4719/4719 
f 4719/4719/4719 4718/4718/4718 4720/4720/4720 
f 4721/4721/4721 4722/4722/4722 4723/4723/4723 
f 4723/4723/4723 4722/4722/4722 4724/4724/4724 
f 4725/4725/4725 4726/4726/4726 4727/4727/4727 
f 4727/4727/4727 4726/4726/4726 4728/4728/4728 

g Part198

v 3.34132 -46.1273 -187.801 
v 6.5055 -38.4223 -187.384 
v 44.8524 -63.4701 -182.336 
v 48.0166 -55.7652 -181.919 
v 5.17883 -38.4223 -177.307 
v 6.5055 -38.4223 -187.384 
v 2.01465 -46.1273 -177.724 
v 3.34132 -46.1273 -187.801 
v 6.5055 -38.4223 -187.384 
v 5.17883 -38.4223 -177.307 
v 48.0166 -55.7652 -181.919 
v 46.6899 -55.7652 -171.842 
v 5.17883 -38.4223 -177.307 
v 2.01465 -46.1273 -177.724 
v 46.6899 -55.7652 -171.842 
v 43.5257 -63.4701 -172.259 
v 43.5257 -63.4701 -172.259 
v 44.8524 -63.4701 -182.336 
v 46.6899 -55.7652 -171.842 
v 48.0166 -55.7652 -181.919 
v 2.01465 -46.1273 -177.724 
v 3.34132 -46.1273 -187.801 
v 43.5257 -63.4701 -172.259 
v 44.8524 -63.4701 -182.336 

vn 0.133858 0 -0.992126 
vn 0.133858 0 -0.992126 
vn 0.133858 0 -0.992126 
vn 0.133858 0 -0.992126 
vn -0.913386 0.385827 -0.11811 
vn -0.913386 0.385827 -0.11811 
vn -0.913386 0.385827 -0.11811 
vn -0.913386 0.385827 -0.11811 
vn 0.377953 0.92126 0.0472441 
vn 0.377953 0.92126 0.0472441 
vn 0.377953 0.92126 0.0472441 
vn 0.377953 0.92126 0.0472441 
vn -0.133858 0 0.992126 
vn -0.133858 0 0.992126 
vn -0.133858 0 0.992126 
vn -0.133858 0 0.992126 
vn 0.913386 -0.385827 0.11811 
vn 0.913386 -0.385827 0.11811 
vn 0.913386 -0.385827 0.11811 
vn 0.913386 -0.385827 0.11811 
vn -0.377953 -0.92126 -0.0472441 
vn -0.377953 -0.92126 -0.0472441 
vn -0.377953 -0.92126 -0.0472441 
vn -0.377953 -0.92126 -0.0472441 

vt -1.66564 -1.22132 
vt -2.49962 -1.22132 
vt -1.66564 -5.75322 
vt -2.49962 -5.75322 
vt -1.48322 -1.22132 
vt -2.49962 -1.22132 
vt -1.48322 -2.05529 
vt -2.49962 -2.05529 
vt -1.48322 -1.22132 
vt -2.49962 -1.22132 
vt -1.48322 -5.75322 
vt -2.49962 -5.75322 
vt -1.66564 -1.22132 
vt -2.49962 -1.22132 
vt -1.66564 -5.75322 
vt -2.49962 -5.75322 
vt -1.48322 -1.22132 
vt -2.49962 -1.22132 
vt -1.48322 -2.05529 
vt -2.49962 -2.05529 
vt -1.48322 -1.22132 
vt -2.49962 -1.22132 
vt -1.48322 -5.75322 
vt -2.49962 -5.75322 

usemtl Part13Mtl

f 4729/4729/4729 4730/4730/4730 4731/4731/4731 
f 4731/4731/4731 4730/4730/4730 4732/4732/4732 
f 4733/4733/4733 4734/4734/4734 4735/4735/4735 
f 4735/4735/4735 4734/4734/4734 4736/4736/4736 
f 4737/4737/4737 4738/4738/4738 4739/4739/4739 
f 4739/4739/4739 4738/4738/4738 4740/4740/4740 
f 4741/4741/4741 4742/4742/4742 4743/4743/4743 
f 4743/4743/4743 4742/4742/4742 4744/4744/4744 
f 4745/4745/4745 4746/4746/4746 4747/4747/4747 
f 4747/4747/4747 4746/4746/4746 4748/4748/4748 
f 4749/4749/4749 4750/4750/4750 4751/4751/4751 
f 4751/4751/4751 4750/4750/4750 4752/4752/4752 

g Part199

v -26.2591 -41.4577 -188.672 
v -25.4387 -35.1721 -188.564 
v 6.49218 -45.8067 -184.36 
v 7.31261 -39.5211 -184.252 
v -26.1128 -35.1721 -183.444 
v -25.4387 -35.1721 -188.564 
v -26.9332 -41.4577 -183.552 
v -26.2591 -41.4577 -188.672 
v -25.4387 -35.1721 -188.564 
v -26.1128 -35.1721 -183.444 
v 7.31261 -39.5211 -184.252 
v 6.63857 -39.5211 -179.132 
v -26.1128 -35.1721 -183.444 
v -26.9332 -41.4577 -183.552 
v 6.63857 -39.5211 -179.132 
v 5.81815 -45.8067 -179.24 
v 5.81815 -45.8067 -179.24 
v 6.49218 -45.8067 -184.36 
v 6.63857 -39.5211 -179.132 
v 7.31261 -39.5211 -184.252 
v -26.9332 -41.4577 -183.552 
v -26.2591 -41.4577 -188.672 
v 5.81815 -45.8067 -179.24 
v 6.49218 -45.8067 -184.36 

vn 0.133858 0 -0.992126 
vn 0.133858 0 -0.992126 
vn 0.133858 0 -0.992126 
vn 0.133858 0 -0.992126 
vn -0.984252 0.133858 -0.125984 
vn -0.984252 0.133858 -0.125984 
vn -0.984252 0.133858 -0.125984 
vn -0.984252 0.133858 -0.125984 
vn 0.125984 0.992126 0.015748 
vn 0.125984 0.992126 0.015748 
vn 0.125984 0.992126 0.015748 
vn 0.125984 0.992126 0.015748 
vn -0.133858 0 0.992126 
vn -0.133858 0 0.992126 
vn -0.133858 0 0.992126 
vn -0.133858 0 0.992126 
vn 0.984252 -0.133858 0.125984 
vn 0.984252 -0.133858 0.125984 
vn 0.984252 -0.133858 0.125984 
vn 0.984252 -0.133858 0.125984 
vn -0.125984 -0.992126 -0.015748 
vn -0.125984 -0.992126 -0.015748 
vn -0.125984 -0.992126 -0.015748 
vn -0.125984 -0.992126 -0.015748 

vt -0.596739 0.833609 
vt -1.23072 0.833609 
vt -0.596739 -2.49829 
vt -1.23072 -2.49829 
vt -0.714318 0.833609 
vt -1.23072 0.833609 
vt -0.714318 0.199633 
vt -1.23072 0.199633 
vt -0.714318 0.833609 
vt -1.23072 0.833609 
vt -0.714318 -2.49829 
vt -1.23072 -2.49829 
vt -0.596739 0.833609 
vt -1.23072 0.833609 
vt -0.596739 -2.49829 
vt -1.23072 -2.49829 
vt -0.714318 0.833609 
vt -1.23072 0.833609 
vt -0.714318 0.199633 
vt -1.23072 0.199633 
vt -0.714318 0.833609 
vt -1.23072 0.833609 
vt -0.714318 -2.49829 
vt -1.23072 -2.49829 

usemtl Part13Mtl

f 4753/4753/4753 4754/4754/4754 4755/4755/4755 
f 4755/4755/4755 4754/4754/4754 4756/4756/4756 
f 4757/4757/4757 4758/4758/4758 4759/4759/4759 
f 4759/4759/4759 4758/4758/4758 4760/4760/4760 
f 4761/4761/4761 4762/4762/4762 4763/4763/4763 
f 4763/4763/4763 4762/4762/4762 4764/4764/4764 
f 4765/4765/4765 4766/4766/4766 4767/4767/4767 
f 4767/4767/4767 4766/4766/4766 4768/4768/4768 
f 4769/4769/4769 4770/4770/4770 4771/4771/4771 
f 4771/4771/4771 4770/4770/4770 4772/4772/4772 
f 4773/4773/4773 4774/4774/4774 4775/4775/4775 
f 4775/4775/4775 4774/4774/4774 4776/4776/4776 

g Part200

v -34.5946 -20.064 -226.235 
v -33.7742 -13.7785 -226.343 
v 23.7138 -27.8067 -233.912 
v 24.5342 -21.5211 -234.02 
v -32.317 -13.7785 -215.275 
v -33.7742 -13.7785 -226.343 
v -33.1374 -20.064 -215.167 
v -34.5946 -20.064 -226.235 
v -33.7742 -13.7785 -226.343 
v -32.317 -13.7785 -215.275 
v 24.5342 -21.5211 -234.02 
v 25.9914 -21.5211 -222.951 
v -32.317 -13.7785 -215.275 
v -33.1374 -20.064 -215.167 
v 25.9914 -21.5211 -222.951 
v 25.171 -27.8067 -222.843 
v 25.171 -27.8067 -222.843 
v 23.7138 -27.8067 -233.912 
v 25.9914 -21.5211 -222.951 
v 24.5342 -21.5211 -234.02 
v -33.1374 -20.064 -215.167 
v -34.5946 -20.064 -226.235 
v 25.171 -27.8067 -222.843 
v 23.7138 -27.8067 -233.912 

vn -0.133858 0 -0.992126 
vn -0.133858 0 -0.992126 
vn -0.133858 0 -0.992126 
vn -0.133858 0 -0.992126 
vn -0.984252 0.133858 0.125984 
vn -0.984252 0.133858 0.125984 
vn -0.984252 0.133858 0.125984 
vn -0.984252 0.133858 0.125984 
vn 0.125984 0.992126 -0.015748 
vn 0.125984 0.992126 -0.015748 
vn 0.125984 0.992126 -0.015748 
vn 0.125984 0.992126 -0.015748 
vn 0.133858 0 0.992126 
vn 0.133858 0 0.992126 
vn 0.133858 0 0.992126 
vn 0.133858 0 0.992126 
vn 0.984252 -0.133858 -0.125984 
vn 0.984252 -0.133858 -0.125984 
vn 0.984252 -0.133858 -0.125984 
vn 0.984252 -0.133858 -0.125984 
vn -0.125984 -0.992126 0.015748 
vn -0.125984 -0.992126 0.015748 
vn -0.125984 -0.992126 0.015748 
vn -0.125984 -0.992126 0.015748 

vt 0.0495705 3.10935 
vt -0.584406 3.10935 
vt 0.0495705 -2.82255 
vt -0.584406 -2.82255 
vt 0.531991 3.10935 
vt -0.584406 3.10935 
vt 0.531991 2.47538 
vt -0.584406 2.47538 
vt 0.531991 3.10935 
vt -0.584406 3.10935 
vt 0.531991 -2.82255 
vt -0.584406 -2.82255 
vt 0.0495705 3.10935 
vt -0.584406 3.10935 
vt 0.0495705 -2.82255 
vt -0.584406 -2.82255 
vt 0.531991 3.10935 
vt -0.584406 3.10935 
vt 0.531991 2.47538 
vt -0.584406 2.47538 
vt 0.531991 3.10935 
vt -0.584406 3.10935 
vt 0.531991 -2.82255 
vt -0.584406 -2.82255 

usemtl Part24Mtl

f 4777/4777/4777 4778/4778/4778 4779/4779/4779 
f 4779/4779/4779 4778/4778/4778 4780/4780/4780 
f 4781/4781/4781 4782/4782/4782 4783/4783/4783 
f 4783/4783/4783 4782/4782/4782 4784/4784/4784 
f 4785/4785/4785 4786/4786/4786 4787/4787/4787 
f 4787/4787/4787 4786/4786/4786 4788/4788/4788 
f 4789/4789/4789 4790/4790/4790 4791/4791/4791 
f 4791/4791/4791 4790/4790/4790 4792/4792/4792 
f 4793/4793/4793 4794/4794/4794 4795/4795/4795 
f 4795/4795/4795 4794/4794/4794 4796/4796/4796 
f 4797/4797/4797 4798/4798/4798 4799/4799/4799 
f 4799/4799/4799 4798/4798/4798 4800/4800/4800 

g Part201

v -1.69127 -64.8118 -295.339 
v -2.41354 -55.7998 -296.281 
v 18.7203 -60.3975 -268.738 
v 17.998 -51.3855 -269.68 
v -10.0805 -55.7998 -290.398 
v -2.41354 -55.7998 -296.281 
v -9.35822 -64.8118 -289.456 
v -1.69127 -64.8118 -295.339 
v -2.41354 -55.7998 -296.281 
v -10.0805 -55.7998 -290.398 
v 17.998 -51.3855 -269.68 
v 10.3311 -51.3855 -263.797 
v -10.0805 -55.7998 -290.398 
v -9.35822 -64.8118 -289.456 
v 10.3311 -51.3855 -263.797 
v 11.0533 -60.3975 -262.855 
v 11.0533 -60.3975 -262.855 
v 18.7203 -60.3975 -268.738 
v 10.3311 -51.3855 -263.797 
v 17.998 -51.3855 -269.68 
v -9.35822 -64.8118 -289.456 
v -1.69127 -64.8118 -295.339 
v 11.0533 -60.3975 -262.855 
v 18.7203 -60.3975 -268.738 

vn 0.795276 0 -0.606299 
vn 0.795276 0 -0.606299 
vn 0.795276 0 -0.606299 
vn 0.795276 0 -0.606299 
vn -0.606299 -0.133858 -0.787402 
vn -0.606299 -0.133858 -0.787402 
vn -0.606299 -0.133858 -0.787402 
vn -0.606299 -0.133858 -0.787402 
vn -0.0787402 0.992126 -0.102362 
vn -0.0787402 0.992126 -0.102362 
vn -0.0787402 0.992126 -0.102362 
vn -0.0787402 0.992126 -0.102362 
vn -0.795276 0 0.606299 
vn -0.795276 0 0.606299 
vn -0.795276 0 0.606299 
vn -0.795276 0 0.606299 
vn 0.606299 0.133858 0.787402 
vn 0.606299 0.133858 0.787402 
vn 0.606299 0.133858 0.787402 
vn 0.606299 0.133858 0.787402 
vn 0.0787402 -0.992126 0.102362 
vn 0.0787402 -0.992126 0.102362 
vn 0.0787402 -0.992126 0.102362 
vn 0.0787402 -0.992126 0.102362 

vt -1.43996 -1.18667 
vt -2.34893 -1.18667 
vt -1.43996 -4.56857 
vt -2.34893 -4.56857 
vt -1.38254 -1.18667 
vt -2.34893 -1.18667 
vt -1.38254 -2.09564 
vt -2.34893 -2.09564 
vt -1.38254 -1.18667 
vt -2.34893 -1.18667 
vt -1.38254 -4.56857 
vt -2.34893 -4.56857 
vt -1.43996 -1.18667 
vt -2.34893 -1.18667 
vt -1.43996 -4.56857 
vt -2.34893 -4.56857 
vt -1.38254 -1.18667 
vt -2.34893 -1.18667 
vt -1.38254 -2.09564 
vt -2.34893 -2.09564 
vt -1.38254 -1.18667 
vt -2.34893 -1.18667 
vt -1.38254 -4.56857 
vt -2.34893 -4.56857 

usemtl Part24Mtl

f 4801/4801/4801 4802/4802/4802 4803/4803/4803 
f 4803/4803/4803 4802/4802/4802 4804/4804/4804 
f 4805/4805/4805 4806/4806/4806 4807/4807/4807 
f 4807/4807/4807 4806/4806/4806 4808/4808/4808 
f 4809/4809/4809 4810/4810/4810 4811/4811/4811 
f 4811/4811/4811 4810/4810/4810 4812/4812/4812 
f 4813/4813/4813 4814/4814/4814 4815/4815/4815 
f 4815/4815/4815 4814/4814/4814 4816/4816/4816 
f 4817/4817/4817 4818/4818/4818 4819/4819/4819 
f 4819/4819/4819 4818/4818/4818 4820/4820/4820 
f 4821/4821/4821 4822/4822/4822 4823/4823/4823 
f 4823/4823/4823 4822/4822/4822 4824/4824/4824 

g Part202

v -139.091 19.7005 -226.204 
v -157.571 19.7005 -236.874 
v -139.091 5.38148 -226.204 
v -157.571 5.38148 -236.874 
v -147.989 19.7005 -253.47 
v -157.571 19.7005 -236.874 
v -129.509 19.7005 -242.8 
v -139.091 19.7005 -226.204 
v -157.571 19.7005 -236.874 
v -147.989 19.7005 -253.47 
v -157.571 5.38148 -236.874 
v -147.989 5.38148 -253.47 
v -147.989 19.7005 -253.47 
v -129.509 19.7005 -242.8 
v -147.989 5.38148 -253.47 
v -129.509 5.38148 -242.8 
v -129.509 5.38148 -242.8 
v -139.091 5.38148 -226.204 
v -147.989 5.38148 -253.47 
v -157.571 5.38148 -236.874 
v -129.509 19.7005 -242.8 
v -139.091 19.7005 -226.204 
v -129.509 5.38148 -242.8 
v -139.091 5.38148 -226.204 

vn -0.496063 0 0.866142 
vn -0.496063 0 0.866142 
vn -0.496063 0 0.866142 
vn -0.496063 0 0.866142 
vn 0 1 0 
vn 0 1 0 
vn 0 1 0 
vn 0 1 0 
vn -0.866142 0 -0.496063 
vn -0.866142 0 -0.496063 
vn -0.866142 0 -0.496063 
vn -0.866142 0 -0.496063 
vn 0.503937 0 -0.866142 
vn 0.503937 0 -0.866142 
vn 0.503937 0 -0.866142 
vn 0.503937 0 -0.866142 
vn 0 -1 0 
vn 0 -1 0 
vn 0 -1 0 
vn 0 -1 0 
vn 0.866142 0 0.503937 
vn 0.866142 0 0.503937 
vn 0.866142 0 0.503937 
vn 0.866142 0 0.503937 

vt 3.41996 0.309897 
vt 1.28599 0.309897 
vt 3.41996 -1.122 
vt 1.28599 -1.122 
vt 3.20238 0.309897 
vt 1.28599 0.309897 
vt 3.20238 -1.82408 
vt 1.28599 -1.82408 
vt 3.20238 0.309897 
vt 1.28599 0.309897 
vt 3.20238 -1.122 
vt 1.28599 -1.122 
vt 3.41996 0.309897 
vt 1.28599 0.309897 
vt 3.41996 -1.122 
vt 1.28599 -1.122 
vt 3.20238 0.309897 
vt 1.28599 0.309897 
vt 3.20238 -1.82408 
vt 1.28599 -1.82408 
vt 3.20238 0.309897 
vt 1.28599 0.309897 
vt 3.20238 -1.122 
vt 1.28599 -1.122 

usemtl Part12Mtl

f 4825/4825/4825 4826/4826/4826 4827/4827/4827 
f 4827/4827/4827 4826/4826/4826 4828/4828/4828 
f 4829/4829/4829 4830/4830/4830 4831/4831/4831 
f 4831/4831/4831 4830/4830/4830 4832/4832/4832 
f 4833/4833/4833 4834/4834/4834 4835/4835/4835 
f 4835/4835/4835 4834/4834/4834 4836/4836/4836 
f 4837/4837/4837 4838/4838/4838 4839/4839/4839 
f 4839/4839/4839 4838/4838/4838 4840/4840/4840 
f 4841/4841/4841 4842/4842/4842 4843/4843/4843 
f 4843/4843/4843 4842/4842/4842 4844/4844/4844 
f 4845/4845/4845 4846/4846/4846 4847/4847/4847 
f 4847/4847/4847 4846/4846/4846 4848/4848/4848 

g Part203

v -136.359 18.7005 -226.936 
v -152.241 18.7005 -236.106 
v -136.359 5.38148 -226.936 
v -152.241 5.38148 -236.106 
v -143.159 18.7005 -251.836 
v -152.241 18.7005 -236.106 
v -127.277 18.7005 -242.666 
v -136.359 18.7005 -226.936 
v -152.241 18.7005 -236.106 
v -143.159 18.7005 -251.836 
v -152.241 5.38148 -236.106 
v -143.159 5.38148 -251.836 
v -143.159 18.7005 -251.836 
v -127.277 18.7005 -242.666 
v -143.159 5.38148 -251.836 
v -127.277 5.38148 -242.666 
v -127.277 5.38148 -242.666 
v -136.359 5.38148 -226.936 
v -143.159 5.38148 -251.836 
v -152.241 5.38148 -236.106 
v -127.277 18.7005 -242.666 
v -136.359 18.7005 -226.936 
v -127.277 5.38148 -242.666 
v -136.359 5.38148 -226.936 

vn -0.496063 0 0.866142 
vn -0.496063 0 0.866142 
vn -0.496063 0 0.866142 
vn -0.496063 0 0.866142 
vn 0 1 0 
vn 0 1 0 
vn 0 1 0 
vn 0 1 0 
vn -0.866142 0 -0.496063 
vn -0.866142 0 -0.496063 
vn -0.866142 0 -0.496063 
vn -0.866142 0 -0.496063 
vn 0.503937 0 -0.866142 
vn 0.503937 0 -0.866142 
vn 0.503937 0 -0.866142 
vn 0.503937 0 -0.866142 
vn 0 -1 0 
vn 0 -1 0 
vn 0 -1 0 
vn 0 -1 0 
vn 0.866142 0 0.503937 
vn 0.866142 0 0.503937 
vn 0.866142 0 0.503937 
vn 0.866142 0 0.503937 

vt 2.08818 -0.48258 
vt 0.254205 -0.48258 
vt 2.08818 -1.81448 
vt 0.254205 -1.81448 
vt 2.0706 -0.48258 
vt 0.254205 -0.48258 
vt 2.0706 -2.31656 
vt 0.254205 -2.31656 
vt 2.0706 -0.48258 
vt 0.254205 -0.48258 
vt 2.0706 -1.81448 
vt 0.254205 -1.81448 
vt 2.08818 -0.48258 
vt 0.254205 -0.48258 
vt 2.08818 -1.81448 
vt 0.254205 -1.81448 
vt 2.0706 -0.48258 
vt 0.254205 -0.48258 
vt 2.0706 -2.31656 
vt 0.254205 -2.31656 
vt 2.0706 -0.48258 
vt 0.254205 -0.48258 
vt 2.0706 -1.81448 
vt 0.254205 -1.81448 

usemtl Part16Mtl

f 4849/4849/4849 4850/4850/4850 4851/4851/4851 
f 4851/4851/4851 4850/4850/4850 4852/4852/4852 
f 4853/4853/4853 4854/4854/4854 4855/4855/4855 
f 4855/4855/4855 4854/4854/4854 4856/4856/4856 
f 4857/4857/4857 4858/4858/4858 4859/4859/4859 
f 4859/4859/4859 4858/4858/4858 4860/4860/4860 
f 4861/4861/4861 4862/4862/4862 4863/4863/4863 
f 4863/4863/4863 4862/4862/4862 4864/4864/4864 
f 4865/4865/4865 4866/4866/4866 4867/4867/4867 
f 4867/4867/4867 4866/4866/4866 4868/4868/4868 
f 4869/4869/4869 4870/4870/4870 4871/4871/4871 
f 4871/4871/4871 4870/4870/4870 4872/4872/4872 

g Part204

v 17.0095 -88.5 71.9458 
v 17.0095 -88.5 110.174 
v 17.0095 -102.444 71.9458 
v 17.0095 -102.444 110.174 
v 14.9905 -88.5 110.174 
v 17.0095 -88.5 110.174 
v 14.9905 -88.5 71.9458 
v 17.0095 -88.5 71.9458 
v 17.0095 -88.5 110.174 
v 14.9905 -88.5 110.174 
v 17.0095 -102.444 110.174 
v 14.9905 -102.444 110.174 
v 14.9905 -88.5 110.174 
v 14.9905 -88.5 71.9458 
v 14.9905 -102.444 110.174 
v 14.9905 -102.444 71.9458 
v 14.9905 -102.444 71.9458 
v 17.0095 -102.444 71.9458 
v 14.9905 -102.444 110.174 
v 17.0095 -102.444 110.174 
v 14.9905 -88.5 71.9458 
v 17.0095 -88.5 71.9458 
v 14.9905 -102.444 71.9458 
v 17.0095 -102.444 71.9458 

vn 1 0 0 
vn 1 0 0 
vn 1 0 0 
vn 1 0 0 
vn 0 1 0 
vn 0 1 0 
vn 0 1 0 
vn 0 1 0 
vn 0 0 1 
vn 0 0 1 
vn 0 0 1 
vn 0 0 1 
vn -1 0 0 
vn -1 0 0 
vn -1 0 0 
vn -1 0 0 
vn 0 -1 0 
vn 0 -1 0 
vn 0 -1 0 
vn 0 -1 0 
vn 0 0 -1 
vn 0 0 -1 
vn 0 0 -1 
vn 0 0 -1 

vt 1.48978 0.192819 
vt -2.33307 0.192819 
vt 1.48978 -1.20158 
vt -2.33307 -1.20158 
vt -2.13118 0.192819 
vt -2.33307 0.192819 
vt -2.13118 -3.63003 
vt -2.33307 -3.63003 
vt -2.13118 0.192819 
vt -2.33307 0.192819 
vt -2.13118 -1.20158 
vt -2.33307 -1.20158 
vt 1.48978 0.192819 
vt -2.33307 0.192819 
vt 1.48978 -1.20158 
vt -2.33307 -1.20158 
vt -2.13118 0.192819 
vt -2.33307 0.192819 
vt -2.13118 -3.63003 
vt -2.33307 -3.63003 
vt -2.13118 0.192819 
vt -2.33307 0.192819 
vt -2.13118 -1.20158 
vt -2.33307 -1.20158 

usemtl Part204Mtl

f 4873/4873/4873 4874/4874/4874 4875/4875/4875 
f 4875/4875/4875 4874/4874/4874 4876/4876/4876 
f 4877/4877/4877 4878/4878/4878 4879/4879/4879 
f 4879/4879/4879 4878/4878/4878 4880/4880/4880 
f 4881/4881/4881 4882/4882/4882 4883/4883/4883 
f 4883/4883/4883 4882/4882/4882 4884/4884/4884 
f 4885/4885/4885 4886/4886/4886 4887/4887/4887 
f 4887/4887/4887 4886/4886/4886 4888/4888/4888 
f 4889/4889/4889 4890/4890/4890 4891/4891/4891 
f 4891/4891/4891 4890/4890/4890 4892/4892/4892 
f 4893/4893/4893 4894/4894/4894 4895/4895/4895 
f 4895/4895/4895 4894/4894/4894 4896/4896/4896 

g Part205

v 47.0095 -88.5 108.071 
v 47.0095 -88.5 110.179 
v 47.0095 -102.444 108.071 
v 47.0095 -102.444 110.179 
v 16.9905 -88.5 110.179 
v 47.0095 -88.5 110.179 
v 16.9905 -88.5 108.071 
v 47.0095 -88.5 108.071 
v 47.0095 -88.5 110.179 
v 16.9905 -88.5 110.179 
v 47.0095 -102.444 110.179 
v 16.9905 -102.444 110.179 
v 16.9905 -88.5 110.179 
v 16.9905 -88.5 108.071 
v 16.9905 -102.444 110.179 
v 16.9905 -102.444 108.071 
v 16.9905 -102.444 108.071 
v 47.0095 -102.444 108.071 
v 16.9905 -102.444 110.179 
v 47.0095 -102.444 110.179 
v 16.9905 -88.5 108.071 
v 47.0095 -88.5 108.071 
v 16.9905 -102.444 108.071 
v 47.0095 -102.444 108.071 

vn 1 0 0 
vn 1 0 0 
vn 1 0 0 
vn 1 0 0 
vn 0 1 0 
vn 0 1 0 
vn 0 1 0 
vn 0 1 0 
vn 0 0 1 
vn 0 0 1 
vn 0 0 1 
vn 0 0 1 
vn -1 0 0 
vn -1 0 0 
vn -1 0 0 
vn -1 0 0 
vn 0 -1 0 
vn 0 -1 0 
vn 0 -1 0 
vn 0 -1 0 
vn 0 0 -1 
vn 0 0 -1 
vn 0 0 -1 
vn 0 0 -1 

vt -1.86905 1.62089 
vt -2.07989 1.62089 
vt -1.86905 0.226495 
vt -2.07989 0.226495 
vt 0.922 1.62089 
vt -2.07989 1.62089 
vt 0.922 1.41005 
vt -2.07989 1.41005 
vt 0.922 1.62089 
vt -2.07989 1.62089 
vt 0.922 0.226495 
vt -2.07989 0.226495 
vt -1.86905 1.62089 
vt -2.07989 1.62089 
vt -1.86905 0.226495 
vt -2.07989 0.226495 
vt 0.922 1.62089 
vt -2.07989 1.62089 
vt 0.922 1.41005 
vt -2.07989 1.41005 
vt 0.922 1.62089 
vt -2.07989 1.62089 
vt 0.922 0.226495 
vt -2.07989 0.226495 

usemtl Part204Mtl

f 4897/4897/4897 4898/4898/4898 4899/4899/4899 
f 4899/4899/4899 4898/4898/4898 4900/4900/4900 
f 4901/4901/4901 4902/4902/4902 4903/4903/4903 
f 4903/4903/4903 4902/4902/4902 4904/4904/4904 
f 4905/4905/4905 4906/4906/4906 4907/4907/4907 
f 4907/4907/4907 4906/4906/4906 4908/4908/4908 
f 4909/4909/4909 4910/4910/4910 4911/4911/4911 
f 4911/4911/4911 4910/4910/4910 4912/4912/4912 
f 4913/4913/4913 4914/4914/4914 4915/4915/4915 
f 4915/4915/4915 4914/4914/4914 4916/4916/4916 
f 4917/4917/4917 4918/4918/4918 4919/4919/4919 
f 4919/4919/4919 4918/4918/4918 4920/4920/4920 

g Part206

v 58.172 -91.5 71.9458 
v 58.172 -91.5 110.154 
v 58.172 -92.444 71.9458 
v 58.172 -92.444 110.154 
v 15.9905 -91.5 110.154 
v 58.172 -91.5 110.154 
v 15.9905 -91.5 71.9458 
v 58.172 -91.5 71.9458 
v 58.172 -91.5 110.154 
v 15.9905 -91.5 110.154 
v 58.172 -92.444 110.154 
v 15.9905 -92.444 110.154 
v 15.9905 -91.5 110.154 
v 15.9905 -91.5 71.9458 
v 15.9905 -92.444 110.154 
v 15.9905 -92.444 71.9458 
v 15.9905 -92.444 71.9458 
v 58.172 -92.444 71.9458 
v 15.9905 -92.444 110.154 
v 58.172 -92.444 110.154 
v 15.9905 -91.5 71.9458 
v 58.172 -91.5 71.9458 
v 15.9905 -92.444 71.9458 
v 58.172 -92.444 71.9458 

vn 1 0 0 
vn 1 0 0 
vn 1 0 0 
vn 1 0 0 
vn 0 1 0 
vn 0 1 0 
vn 0 1 0 
vn 0 1 0 
vn 0 0 1 
vn 0 0 1 
vn 0 0 1 
vn 0 0 1 
vn -1 0 0 
vn -1 0 0 
vn -1 0 0 
vn -1 0 0 
vn 0 -1 0 
vn 0 -1 0 
vn 0 -1 0 
vn 0 -1 0 
vn 0 0 -1 
vn 0 0 -1 
vn 0 0 -1 
vn 0 0 -1 

vt 11.2761 -4.375 
vt 6.5 -4.375 
vt 11.2761 -4.493 
vt 6.5 -4.493 
vt 11.7727 -4.375 
vt 6.5 -4.375 
vt 11.7727 -9.15106 
vt 6.5 -9.15106 
vt 11.7727 -4.375 
vt 6.5 -4.375 
vt 11.7727 -4.493 
vt 6.5 -4.493 
vt 11.2761 -4.375 
vt 6.5 -4.375 
vt 11.2761 -4.493 
vt 6.5 -4.493 
vt 11.7727 -4.375 
vt 6.5 -4.375 
vt 11.7727 -9.15106 
vt 6.5 -9.15106 
vt 11.7727 -4.375 
vt 6.5 -4.375 
vt 11.7727 -4.493 
vt 6.5 -4.493 

usemtl Part206Mtl

f 4921/4921/4921 4922/4922/4922 4923/4923/4923 
f 4923/4923/4923 4922/4922/4922 4924/4924/4924 
f 4925/4925/4925 4926/4926/4926 4927/4927/4927 
f 4927/4927/4927 4926/4926/4926 4928/4928/4928 
f 4929/4929/4929 4930/4930/4930 4931/4931/4931 
f 4931/4931/4931 4930/4930/4930 4932/4932/4932 
f 4933/4933/4933 4934/4934/4934 4935/4935/4935 
f 4935/4935/4935 4934/4934/4934 4936/4936/4936 
f 4937/4937/4937 4938/4938/4938 4939/4939/4939 
f 4939/4939/4939 4938/4938/4938 4940/4940/4940 
f 4941/4941/4941 4942/4942/4942 4943/4943/4943 
f 4943/4943/4943 4942/4942/4942 4944/4944/4944 

g Part207

v 58.0095 -88.5 119.071 
v 58.0095 -88.5 121.179 
v 58.0095 -102.444 119.071 
v 58.0095 -102.444 121.179 
v 14.9905 -88.5 121.179 
v 58.0095 -88.5 121.179 
v 14.9905 -88.5 119.071 
v 58.0095 -88.5 119.071 
v 58.0095 -88.5 121.179 
v 14.9905 -88.5 121.179 
v 58.0095 -102.444 121.179 
v 14.9905 -102.444 121.179 
v 14.9905 -88.5 121.179 
v 14.9905 -88.5 119.071 
v 14.9905 -102.444 121.179 
v 14.9905 -102.444 119.071 
v 14.9905 -102.444 119.071 
v 58.0095 -102.444 119.071 
v 14.9905 -102.444 121.179 
v 58.0095 -102.444 121.179 
v 14.9905 -88.5 119.071 
v 58.0095 -88.5 119.071 
v 14.9905 -102.444 119.071 
v 58.0095 -102.444 119.071 

vn 1 0 0 
vn 1 0 0 
vn 1 0 0 
vn 1 0 0 
vn 0 1 0 
vn 0 1 0 
vn 0 1 0 
vn 0 1 0 
vn 0 0 1 
vn 0 0 1 
vn 0 0 1 
vn 0 0 1 
vn -1 0 0 
vn -1 0 0 
vn -1 0 0 
vn -1 0 0 
vn 0 -1 0 
vn 0 -1 0 
vn 0 -1 0 
vn 0 -1 0 
vn 0 0 -1 
vn 0 0 -1 
vn 0 0 -1 
vn 0 0 -1 

vt -2.73161 -0.933542 
vt -2.94245 -0.933542 
vt -2.73161 -2.32794 
vt -2.94245 -2.32794 
vt 1.35944 -0.933542 
vt -2.94245 -0.933542 
vt 1.35944 -1.14439 
vt -2.94245 -1.14439 
vt 1.35944 -0.933542 
vt -2.94245 -0.933542 
vt 1.35944 -2.32794 
vt -2.94245 -2.32794 
vt -2.73161 -0.933542 
vt -2.94245 -0.933542 
vt -2.73161 -2.32794 
vt -2.94245 -2.32794 
vt 1.35944 -0.933542 
vt -2.94245 -0.933542 
vt 1.35944 -1.14439 
vt -2.94245 -1.14439 
vt 1.35944 -0.933542 
vt -2.94245 -0.933542 
vt 1.35944 -2.32794 
vt -2.94245 -2.32794 

usemtl Part204Mtl

f 4945/4945/4945 4946/4946/4946 4947/4947/4947 
f 4947/4947/4947 4946/4946/4946 4948/4948/4948 
f 4949/4949/4949 4950/4950/4950 4951/4951/4951 
f 4951/4951/4951 4950/4950/4950 4952/4952/4952 
f 4953/4953/4953 4954/4954/4954 4955/4955/4955 
f 4955/4955/4955 4954/4954/4954 4956/4956/4956 
f 4957/4957/4957 4958/4958/4958 4959/4959/4959 
f 4959/4959/4959 4958/4958/4958 4960/4960/4960 
f 4961/4961/4961 4962/4962/4962 4963/4963/4963 
f 4963/4963/4963 4962/4962/4962 4964/4964/4964 
f 4965/4965/4965 4966/4966/4966 4967/4967/4967 
f 4967/4967/4967 4966/4966/4966 4968/4968/4968 

g Part208

v 58.0095 -88.5 108.071 
v 58.0095 -88.5 110.179 
v 58.0095 -102.444 108.071 
v 58.0095 -102.444 110.179 
v 55.9905 -88.5 110.179 
v 58.0095 -88.5 110.179 
v 55.9905 -88.5 108.071 
v 58.0095 -88.5 108.071 
v 58.0095 -88.5 110.179 
v 55.9905 -88.5 110.179 
v 58.0095 -102.444 110.179 
v 55.9905 -102.444 110.179 
v 55.9905 -88.5 110.179 
v 55.9905 -88.5 108.071 
v 55.9905 -102.444 110.179 
v 55.9905 -102.444 108.071 
v 55.9905 -102.444 108.071 
v 58.0095 -102.444 108.071 
v 55.9905 -102.444 110.179 
v 58.0095 -102.444 110.179 
v 55.9905 -88.5 108.071 
v 58.0095 -88.5 108.071 
v 55.9905 -102.444 108.071 
v 58.0095 -102.444 108.071 

vn 1 0 0 
vn 1 0 0 
vn 1 0 0 
vn 1 0 0 
vn 0 1 0 
vn 0 1 0 
vn 0 1 0 
vn 0 1 0 
vn 0 0 1 
vn 0 0 1 
vn 0 0 1 
vn 0 0 1 
vn -1 0 0 
vn -1 0 0 
vn -1 0 0 
vn -1 0 0 
vn 0 -1 0 
vn 0 -1 0 
vn 0 -1 0 
vn 0 -1 0 
vn 0 0 -1 
vn 0 0 -1 
vn 0 0 -1 
vn 0 0 -1 

vt 0.748598 1.49619 
vt 0.537752 1.49619 
vt 0.748598 0.101793 
vt 0.537752 0.101793 
vt 0.739644 1.49619 
vt 0.537752 1.49619 
vt 0.739644 1.28535 
vt 0.537752 1.28535 
vt 0.739644 1.49619 
vt 0.537752 1.49619 
vt 0.739644 0.101793 
vt 0.537752 0.101793 
vt 0.748598 1.49619 
vt 0.537752 1.49619 
vt 0.748598 0.101793 
vt 0.537752 0.101793 
vt 0.739644 1.49619 
vt 0.537752 1.49619 
vt 0.739644 1.28535 
vt 0.537752 1.28535 
vt 0.739644 1.49619 
vt 0.537752 1.49619 
vt 0.739644 0.101793 
vt 0.537752 0.101793 

usemtl Part204Mtl

f 4969/4969/4969 4970/4970/4970 4971/4971/4971 
f 4971/4971/4971 4970/4970/4970 4972/4972/4972 
f 4973/4973/4973 4974/4974/4974 4975/4975/4975 
f 4975/4975/4975 4974/4974/4974 4976/4976/4976 
f 4977/4977/4977 4978/4978/4978 4979/4979/4979 
f 4979/4979/4979 4978/4978/4978 4980/4980/4980 
f 4981/4981/4981 4982/4982/4982 4983/4983/4983 
f 4983/4983/4983 4982/4982/4982 4984/4984/4984 
f 4985/4985/4985 4986/4986/4986 4987/4987/4987 
f 4987/4987/4987 4986/4986/4986 4988/4988/4988 
f 4989/4989/4989 4990/4990/4990 4991/4991/4991 
f 4991/4991/4991 4990/4990/4990 4992/4992/4992 

g Part209

v 58.172 -91.5 110.133 
v 58.172 -91.5 119.154 
v 58.172 -92.444 110.133 
v 58.172 -92.444 119.154 
v 41.9905 -91.5 119.154 
v 58.172 -91.5 119.154 
v 41.9905 -91.5 110.133 
v 58.172 -91.5 110.133 
v 58.172 -91.5 119.154 
v 41.9905 -91.5 119.154 
v 58.172 -92.444 119.154 
v 41.9905 -92.444 119.154 
v 41.9905 -91.5 119.154 
v 41.9905 -91.5 110.133 
v 41.9905 -92.444 119.154 
v 41.9905 -92.444 110.133 
v 41.9905 -92.444 110.133 
v 58.172 -92.444 110.133 
v 41.9905 -92.444 119.154 
v 58.172 -92.444 119.154 
v 41.9905 -91.5 110.133 
v 58.172 -91.5 110.133 
v 41.9905 -92.444 110.133 
v 58.172 -92.444 110.133 

vn 1 0 0 
vn 1 0 0 
vn 1 0 0 
vn 1 0 0 
vn 0 1 0 
vn 0 1 0 
vn 0 1 0 
vn 0 1 0 
vn 0 0 1 
vn 0 0 1 
vn 0 0 1 
vn 0 0 1 
vn -1 0 0 
vn -1 0 0 
vn -1 0 0 
vn -1 0 0 
vn 0 -1 0 
vn 0 -1 0 
vn 0 -1 0 
vn 0 -1 0 
vn 0 0 -1 
vn 0 0 -1 
vn 0 0 -1 
vn 0 0 -1 

vt 2.12762 -4.625 
vt 1 -4.625 
vt 2.12762 -4.743 
vt 1 -4.743 
vt 3.02268 -4.625 
vt 1 -4.625 
vt 3.02268 -5.75262 
vt 1 -5.75262 
vt 3.02268 -4.625 
vt 1 -4.625 
vt 3.02268 -4.743 
vt 1 -4.743 
vt 2.12762 -4.625 
vt 1 -4.625 
vt 2.12762 -4.743 
vt 1 -4.743 
vt 3.02268 -4.625 
vt 1 -4.625 
vt 3.02268 -5.75262 
vt 1 -5.75262 
vt 3.02268 -4.625 
vt 1 -4.625 
vt 3.02268 -4.743 
vt 1 -4.743 

usemtl Part209Mtl

f 4993/4993/4993 4994/4994/4994 4995/4995/4995 
f 4995/4995/4995 4994/4994/4994 4996/4996/4996 
f 4997/4997/4997 4998/4998/4998 4999/4999/4999 
f 4999/4999/4999 4998/4998/4998 5000/5000/5000 
f 5001/5001/5001 5002/5002/5002 5003/5003/5003 
f 5003/5003/5003 5002/5002/5002 5004/5004/5004 
f 5005/5005/5005 5006/5006/5006 5007/5007/5007 
f 5007/5007/5007 5006/5006/5006 5008/5008/5008 
f 5009/5009/5009 5010/5010/5010 5011/5011/5011 
f 5011/5011/5011 5010/5010/5010 5012/5012/5012 
f 5013/5013/5013 5014/5014/5014 5015/5015/5015 
f 5015/5015/5015 5014/5014/5014 5016/5016/5016 

g Part210

v 44.172 -92.5 110.133 
v 44.172 -92.5 119.154 
v 44.172 -93.444 110.133 
v 44.172 -93.444 119.154 
v 39.4905 -92.5 119.154 
v 44.172 -92.5 119.154 
v 39.4905 -92.5 110.133 
v 44.172 -92.5 110.133 
v 44.172 -92.5 119.154 
v 39.4905 -92.5 119.154 
v 44.172 -93.444 119.154 
v 39.4905 -93.444 119.154 
v 39.4905 -92.5 119.154 
v 39.4905 -92.5 110.133 
v 39.4905 -93.444 119.154 
v 39.4905 -93.444 110.133 
v 39.4905 -93.444 110.133 
v 44.172 -93.444 110.133 
v 39.4905 -93.444 119.154 
v 44.172 -93.444 119.154 
v 39.4905 -92.5 110.133 
v 44.172 -92.5 110.133 
v 39.4905 -93.444 110.133 
v 44.172 -93.444 110.133 

vn 1 0 0 
vn 1 0 0 
vn 1 0 0 
vn 1 0 0 
vn 0 1 0 
vn 0 1 0 
vn 0 1 0 
vn 0 1 0 
vn 0 0 1 
vn 0 0 1 
vn 0 0 1 
vn 0 0 1 
vn -1 0 0 
vn -1 0 0 
vn -1 0 0 
vn -1 0 0 
vn 0 -1 0 
vn 0 -1 0 
vn 0 -1 0 
vn 0 -1 0 
vn 0 0 -1 
vn 0 0 -1 
vn 0 0 -1 
vn 0 0 -1 

vt 3.37762 0.75 
vt 2.25 0.75 
vt 3.37762 0.632 
vt 2.25 0.632 
vt 2.83518 0.75 
vt 2.25 0.75 
vt 2.83518 -0.37762 
vt 2.25 -0.37762 
vt 2.83518 0.75 
vt 2.25 0.75 
vt 2.83518 0.632 
vt 2.25 0.632 
vt 3.37762 0.75 
vt 2.25 0.75 
vt 3.37762 0.632 
vt 2.25 0.632 
vt 2.83518 0.75 
vt 2.25 0.75 
vt 2.83518 -0.37762 
vt 2.25 -0.37762 
vt 2.83518 0.75 
vt 2.25 0.75 
vt 2.83518 0.632 
vt 2.25 0.632 

usemtl Part210Mtl

f 5017/5017/5017 5018/5018/5018 5019/5019/5019 
f 5019/5019/5019 5018/5018/5018 5020/5020/5020 
f 5021/5021/5021 5022/5022/5022 5023/5023/5023 
f 5023/5023/5023 5022/5022/5022 5024/5024/5024 
f 5025/5025/5025 5026/5026/5026 5027/5027/5027 
f 5027/5027/5027 5026/5026/5026 5028/5028/5028 
f 5029/5029/5029 5030/5030/5030 5031/5031/5031 
f 5031/5031/5031 5030/5030/5030 5032/5032/5032 
f 5033/5033/5033 5034/5034/5034 5035/5035/5035 
f 5035/5035/5035 5034/5034/5034 5036/5036/5036 
f 5037/5037/5037 5038/5038/5038 5039/5039/5039 
f 5039/5039/5039 5038/5038/5038 5040/5040/5040 

g Part211

v 41.672 -93.5 110.133 
v 41.672 -93.5 119.154 
v 41.672 -94.444 110.133 
v 41.672 -94.444 119.154 
v 36.9905 -93.5 119.154 
v 41.672 -93.5 119.154 
v 36.9905 -93.5 110.133 
v 41.672 -93.5 110.133 
v 41.672 -93.5 119.154 
v 36.9905 -93.5 119.154 
v 41.672 -94.444 119.154 
v 36.9905 -94.444 119.154 
v 36.9905 -93.5 119.154 
v 36.9905 -93.5 110.133 
v 36.9905 -94.444 119.154 
v 36.9905 -94.444 110.133 
v 36.9905 -94.444 110.133 
v 41.672 -94.444 110.133 
v 36.9905 -94.444 119.154 
v 41.672 -94.444 119.154 
v 36.9905 -93.5 110.133 
v 41.672 -93.5 110.133 
v 36.9905 -94.444 110.133 
v 41.672 -94.444 110.133 

vn 1 0 0 
vn 1 0 0 
vn 1 0 0 
vn 1 0 0 
vn 0 1 0 
vn 0 1 0 
vn 0 1 0 
vn 0 1 0 
vn 0 0 1 
vn 0 0 1 
vn 0 0 1 
vn 0 0 1 
vn -1 0 0 
vn -1 0 0 
vn -1 0 0 
vn -1 0 0 
vn 0 -1 0 
vn 0 -1 0 
vn 0 -1 0 
vn 0 -1 0 
vn 0 0 -1 
vn 0 0 -1 
vn 0 0 -1 
vn 0 0 -1 

vt 6.37762 -6.875 
vt 5.25 -6.875 
vt 6.37762 -6.993 
vt 5.25 -6.993 
vt 5.83518 -6.875 
vt 5.25 -6.875 
vt 5.83518 -8.00262 
vt 5.25 -8.00262 
vt 5.83518 -6.875 
vt 5.25 -6.875 
vt 5.83518 -6.993 
vt 5.25 -6.993 
vt 6.37762 -6.875 
vt 5.25 -6.875 
vt 6.37762 -6.993 
vt 5.25 -6.993 
vt 5.83518 -6.875 
vt 5.25 -6.875 
vt 5.83518 -8.00262 
vt 5.25 -8.00262 
vt 5.83518 -6.875 
vt 5.25 -6.875 
vt 5.83518 -6.993 
vt 5.25 -6.993 

usemtl Part211Mtl

f 5041/5041/5041 5042/5042/5042 5043/5043/5043 
f 5043/5043/5043 5042/5042/5042 5044/5044/5044 
f 5045/5045/5045 5046/5046/5046 5047/5047/5047 
f 5047/5047/5047 5046/5046/5046 5048/5048/5048 
f 5049/5049/5049 5050/5050/5050 5051/5051/5051 
f 5051/5051/5051 5050/5050/5050 5052/5052/5052 
f 5053/5053/5053 5054/5054/5054 5055/5055/5055 
f 5055/5055/5055 5054/5054/5054 5056/5056/5056 
f 5057/5057/5057 5058/5058/5058 5059/5059/5059 
f 5059/5059/5059 5058/5058/5058 5060/5060/5060 
f 5061/5061/5061 5062/5062/5062 5063/5063/5063 
f 5063/5063/5063 5062/5062/5062 5064/5064/5064 

g Part212

v 36.672 -95.5 110.133 
v 36.672 -95.5 119.154 
v 36.672 -96.444 110.133 
v 36.672 -96.444 119.154 
v 31.9905 -95.5 119.154 
v 36.672 -95.5 119.154 
v 31.9905 -95.5 110.133 
v 36.672 -95.5 110.133 
v 36.672 -95.5 119.154 
v 31.9905 -95.5 119.154 
v 36.672 -96.444 119.154 
v 31.9905 -96.444 119.154 
v 31.9905 -95.5 119.154 
v 31.9905 -95.5 110.133 
v 31.9905 -96.444 119.154 
v 31.9905 -96.444 110.133 
v 31.9905 -96.444 110.133 
v 36.672 -96.444 110.133 
v 31.9905 -96.444 119.154 
v 36.672 -96.444 119.154 
v 31.9905 -95.5 110.133 
v 36.672 -95.5 110.133 
v 31.9905 -96.444 110.133 
v 36.672 -96.444 110.133 

vn 1 0 0 
vn 1 0 0 
vn 1 0 0 
vn 1 0 0 
vn 0 1 0 
vn 0 1 0 
vn 0 1 0 
vn 0 1 0 
vn 0 0 1 
vn 0 0 1 
vn 0 0 1 
vn 0 0 1 
vn -1 0 0 
vn -1 0 0 
vn -1 0 0 
vn -1 0 0 
vn 0 -1 0 
vn 0 -1 0 
vn 0 -1 0 
vn 0 -1 0 
vn 0 0 -1 
vn 0 0 -1 
vn 0 0 -1 
vn 0 0 -1 

vt 7.12762 -0.125 
vt 6 -0.125 
vt 7.12762 -0.243 
vt 6 -0.243 
vt 6.58518 -0.125 
vt 6 -0.125 
vt 6.58518 -1.25262 
vt 6 -1.25262 
vt 6.58518 -0.125 
vt 6 -0.125 
vt 6.58518 -0.243 
vt 6 -0.243 
vt 7.12762 -0.125 
vt 6 -0.125 
vt 7.12762 -0.243 
vt 6 -0.243 
vt 6.58518 -0.125 
vt 6 -0.125 
vt 6.58518 -1.25262 
vt 6 -1.25262 
vt 6.58518 -0.125 
vt 6 -0.125 
vt 6.58518 -0.243 
vt 6 -0.243 

usemtl Part212Mtl

f 5065/5065/5065 5066/5066/5066 5067/5067/5067 
f 5067/5067/5067 5066/5066/5066 5068/5068/5068 
f 5069/5069/5069 5070/5070/5070 5071/5071/5071 
f 5071/5071/5071 5070/5070/5070 5072/5072/5072 
f 5073/5073/5073 5074/5074/5074 5075/5075/5075 
f 5075/5075/5075 5074/5074/5074 5076/5076/5076 
f 5077/5077/5077 5078/5078/5078 5079/5079/5079 
f 5079/5079/5079 5078/5078/5078 5080/5080/5080 
f 5081/5081/5081 5082/5082/5082 5083/5083/5083 
f 5083/5083/5083 5082/5082/5082 5084/5084/5084 
f 5085/5085/5085 5086/5086/5086 5087/5087/5087 
f 5087/5087/5087 5086/5086/5086 5088/5088/5088 

g Part213

v 39.172 -94.5 110.133 
v 39.172 -94.5 119.154 
v 39.172 -95.444 110.133 
v 39.172 -95.444 119.154 
v 34.4905 -94.5 119.154 
v 39.172 -94.5 119.154 
v 34.4905 -94.5 110.133 
v 39.172 -94.5 110.133 
v 39.172 -94.5 119.154 
v 34.4905 -94.5 119.154 
v 39.172 -95.444 119.154 
v 34.4905 -95.444 119.154 
v 34.4905 -94.5 119.154 
v 34.4905 -94.5 110.133 
v 34.4905 -95.444 119.154 
v 34.4905 -95.444 110.133 
v 34.4905 -95.444 110.133 
v 39.172 -95.444 110.133 
v 34.4905 -95.444 119.154 
v 39.172 -95.444 119.154 
v 34.4905 -94.5 110.133 
v 39.172 -94.5 110.133 
v 34.4905 -95.444 110.133 
v 39.172 -95.444 110.133 

vn 1 0 0 
vn 1 0 0 
vn 1 0 0 
vn 1 0 0 
vn 0 1 0 
vn 0 1 0 
vn 0 1 0 
vn 0 1 0 
vn 0 0 1 
vn 0 0 1 
vn 0 0 1 
vn 0 0 1 
vn -1 0 0 
vn -1 0 0 
vn -1 0 0 
vn -1 0 0 
vn 0 -1 0 
vn 0 -1 0 
vn 0 -1 0 
vn 0 -1 0 
vn 0 0 -1 
vn 0 0 -1 
vn 0 0 -1 
vn 0 0 -1 

vt 3.50262 0.25 
vt 2.375 0.25 
vt 3.50262 0.132 
vt 2.375 0.132 
vt 2.96018 0.25 
vt 2.375 0.25 
vt 2.96018 -0.87762 
vt 2.375 -0.87762 
vt 2.96018 0.25 
vt 2.375 0.25 
vt 2.96018 0.132 
vt 2.375 0.132 
vt 3.50262 0.25 
vt 2.375 0.25 
vt 3.50262 0.132 
vt 2.375 0.132 
vt 2.96018 0.25 
vt 2.375 0.25 
vt 2.96018 -0.87762 
vt 2.375 -0.87762 
vt 2.96018 0.25 
vt 2.375 0.25 
vt 2.96018 0.132 
vt 2.375 0.132 

usemtl Part209Mtl

f 5089/5089/5089 5090/5090/5090 5091/5091/5091 
f 5091/5091/5091 5090/5090/5090 5092/5092/5092 
f 5093/5093/5093 5094/5094/5094 5095/5095/5095 
f 5095/5095/5095 5094/5094/5094 5096/5096/5096 
f 5097/5097/5097 5098/5098/5098 5099/5099/5099 
f 5099/5099/5099 5098/5098/5098 5100/5100/5100 
f 5101/5101/5101 5102/5102/5102 5103/5103/5103 
f 5103/5103/5103 5102/5102/5102 5104/5104/5104 
f 5105/5105/5105 5106/5106/5106 5107/5107/5107 
f 5107/5107/5107 5106/5106/5106 5108/5108/5108 
f 5109/5109/5109 5110/5110/5110 5111/5111/5111 
f 5111/5111/5111 5110/5110/5110 5112/5112/5112 

g Part214

v 31.672 -97.5 110.133 
v 31.672 -97.5 119.154 
v 31.672 -98.444 110.133 
v 31.672 -98.444 119.154 
v 26.9905 -97.5 119.154 
v 31.672 -97.5 119.154 
v 26.9905 -97.5 110.133 
v 31.672 -97.5 110.133 
v 31.672 -97.5 119.154 
v 26.9905 -97.5 119.154 
v 31.672 -98.444 119.154 
v 26.9905 -98.444 119.154 
v 26.9905 -97.5 119.154 
v 26.9905 -97.5 110.133 
v 26.9905 -98.444 119.154 
v 26.9905 -98.444 110.133 
v 26.9905 -98.444 110.133 
v 31.672 -98.444 110.133 
v 26.9905 -98.444 119.154 
v 31.672 -98.444 119.154 
v 26.9905 -97.5 110.133 
v 31.672 -97.5 110.133 
v 26.9905 -98.444 110.133 
v 31.672 -98.444 110.133 

vn 1 0 0 
vn 1 0 0 
vn 1 0 0 
vn 1 0 0 
vn 0 1 0 
vn 0 1 0 
vn 0 1 0 
vn 0 1 0 
vn 0 0 1 
vn 0 0 1 
vn 0 0 1 
vn 0 0 1 
vn -1 0 0 
vn -1 0 0 
vn -1 0 0 
vn -1 0 0 
vn 0 -1 0 
vn 0 -1 0 
vn 0 -1 0 
vn 0 -1 0 
vn 0 0 -1 
vn 0 0 -1 
vn 0 0 -1 
vn 0 0 -1 

vt 1.87762 -5.875 
vt 0.75 -5.875 
vt 1.87762 -5.993 
vt 0.75 -5.993 
vt 1.33518 -5.875 
vt 0.75 -5.875 
vt 1.33518 -7.00262 
vt 0.75 -7.00262 
vt 1.33518 -5.875 
vt 0.75 -5.875 
vt 1.33518 -5.993 
vt 0.75 -5.993 
vt 1.87762 -5.875 
vt 0.75 -5.875 
vt 1.87762 -5.993 
vt 0.75 -5.993 
vt 1.33518 -5.875 
vt 0.75 -5.875 
vt 1.33518 -7.00262 
vt 0.75 -7.00262 
vt 1.33518 -5.875 
vt 0.75 -5.875 
vt 1.33518 -5.993 
vt 0.75 -5.993 

usemtl Part214Mtl

f 5113/5113/5113 5114/5114/5114 5115/5115/5115 
f 5115/5115/5115 5114/5114/5114 5116/5116/5116 
f 5117/5117/5117 5118/5118/5118 5119/5119/5119 
f 5119/5119/5119 5118/5118/5118 5120/5120/5120 
f 5121/5121/5121 5122/5122/5122 5123/5123/5123 
f 5123/5123/5123 5122/5122/5122 5124/5124/5124 
f 5125/5125/5125 5126/5126/5126 5127/5127/5127 
f 5127/5127/5127 5126/5126/5126 5128/5128/5128 
f 5129/5129/5129 5130/5130/5130 5131/5131/5131 
f 5131/5131/5131 5130/5130/5130 5132/5132/5132 
f 5133/5133/5133 5134/5134/5134 5135/5135/5135 
f 5135/5135/5135 5134/5134/5134 5136/5136/5136 

g Part215

v 34.172 -96.5 110.133 
v 34.172 -96.5 119.154 
v 34.172 -97.444 110.133 
v 34.172 -97.444 119.154 
v 29.4905 -96.5 119.154 
v 34.172 -96.5 119.154 
v 29.4905 -96.5 110.133 
v 34.172 -96.5 110.133 
v 34.172 -96.5 119.154 
v 29.4905 -96.5 119.154 
v 34.172 -97.444 119.154 
v 29.4905 -97.444 119.154 
v 29.4905 -96.5 119.154 
v 29.4905 -96.5 110.133 
v 29.4905 -97.444 119.154 
v 29.4905 -97.444 110.133 
v 29.4905 -97.444 110.133 
v 34.172 -97.444 110.133 
v 29.4905 -97.444 119.154 
v 34.172 -97.444 119.154 
v 29.4905 -96.5 110.133 
v 34.172 -96.5 110.133 
v 29.4905 -97.444 110.133 
v 34.172 -97.444 110.133 

vn 1 0 0 
vn 1 0 0 
vn 1 0 0 
vn 1 0 0 
vn 0 1 0 
vn 0 1 0 
vn 0 1 0 
vn 0 1 0 
vn 0 0 1 
vn 0 0 1 
vn 0 0 1 
vn 0 0 1 
vn -1 0 0 
vn -1 0 0 
vn -1 0 0 
vn -1 0 0 
vn 0 -1 0 
vn 0 -1 0 
vn 0 -1 0 
vn 0 -1 0 
vn 0 0 -1 
vn 0 0 -1 
vn 0 0 -1 
vn 0 0 -1 

vt 7.62762 -1.5 
vt 6.5 -1.5 
vt 7.62762 -1.618 
vt 6.5 -1.618 
vt 7.08518 -1.5 
vt 6.5 -1.5 
vt 7.08518 -2.62762 
vt 6.5 -2.62762 
vt 7.08518 -1.5 
vt 6.5 -1.5 
vt 7.08518 -1.618 
vt 6.5 -1.618 
vt 7.62762 -1.5 
vt 6.5 -1.5 
vt 7.62762 -1.618 
vt 6.5 -1.618 
vt 7.08518 -1.5 
vt 6.5 -1.5 
vt 7.08518 -2.62762 
vt 6.5 -2.62762 
vt 7.08518 -1.5 
vt 6.5 -1.5 
vt 7.08518 -1.618 
vt 6.5 -1.618 

usemtl Part211Mtl

f 5137/5137/5137 5138/5138/5138 5139/5139/5139 
f 5139/5139/5139 5138/5138/5138 5140/5140/5140 
f 5141/5141/5141 5142/5142/5142 5143/5143/5143 
f 5143/5143/5143 5142/5142/5142 5144/5144/5144 
f 5145/5145/5145 5146/5146/5146 5147/5147/5147 
f 5147/5147/5147 5146/5146/5146 5148/5148/5148 
f 5149/5149/5149 5150/5150/5150 5151/5151/5151 
f 5151/5151/5151 5150/5150/5150 5152/5152/5152 
f 5153/5153/5153 5154/5154/5154 5155/5155/5155 
f 5155/5155/5155 5154/5154/5154 5156/5156/5156 
f 5157/5157/5157 5158/5158/5158 5159/5159/5159 
f 5159/5159/5159 5158/5158/5158 5160/5160/5160 

g Part216

v 29.172 -98.5 110.133 
v 29.172 -98.5 119.154 
v 29.172 -99.444 110.133 
v 29.172 -99.444 119.154 
v 24.4905 -98.5 119.154 
v 29.172 -98.5 119.154 
v 24.4905 -98.5 110.133 
v 29.172 -98.5 110.133 
v 29.172 -98.5 119.154 
v 24.4905 -98.5 119.154 
v 29.172 -99.444 119.154 
v 24.4905 -99.444 119.154 
v 24.4905 -98.5 119.154 
v 24.4905 -98.5 110.133 
v 24.4905 -99.444 119.154 
v 24.4905 -99.444 110.133 
v 24.4905 -99.444 110.133 
v 29.172 -99.444 110.133 
v 24.4905 -99.444 119.154 
v 29.172 -99.444 119.154 
v 24.4905 -98.5 110.133 
v 29.172 -98.5 110.133 
v 24.4905 -99.444 110.133 
v 29.172 -99.444 110.133 

vn 1 0 0 
vn 1 0 0 
vn 1 0 0 
vn 1 0 0 
vn 0 1 0 
vn 0 1 0 
vn 0 1 0 
vn 0 1 0 
vn 0 0 1 
vn 0 0 1 
vn 0 0 1 
vn 0 0 1 
vn -1 0 0 
vn -1 0 0 
vn -1 0 0 
vn -1 0 0 
vn 0 -1 0 
vn 0 -1 0 
vn 0 -1 0 
vn 0 -1 0 
vn 0 0 -1 
vn 0 0 -1 
vn 0 0 -1 
vn 0 0 -1 

vt 6.37762 -3.125 
vt 5.25 -3.125 
vt 6.37762 -3.243 
vt 5.25 -3.243 
vt 5.83518 -3.125 
vt 5.25 -3.125 
vt 5.83518 -4.25262 
vt 5.25 -4.25262 
vt 5.83518 -3.125 
vt 5.25 -3.125 
vt 5.83518 -3.243 
vt 5.25 -3.243 
vt 6.37762 -3.125 
vt 5.25 -3.125 
vt 6.37762 -3.243 
vt 5.25 -3.243 
vt 5.83518 -3.125 
vt 5.25 -3.125 
vt 5.83518 -4.25262 
vt 5.25 -4.25262 
vt 5.83518 -3.125 
vt 5.25 -3.125 
vt 5.83518 -3.243 
vt 5.25 -3.243 

usemtl Part216Mtl

f 5161/5161/5161 5162/5162/5162 5163/5163/5163 
f 5163/5163/5163 5162/5162/5162 5164/5164/5164 
f 5165/5165/5165 5166/5166/5166 5167/5167/5167 
f 5167/5167/5167 5166/5166/5166 5168/5168/5168 
f 5169/5169/5169 5170/5170/5170 5171/5171/5171 
f 5171/5171/5171 5170/5170/5170 5172/5172/5172 
f 5173/5173/5173 5174/5174/5174 5175/5175/5175 
f 5175/5175/5175 5174/5174/5174 5176/5176/5176 
f 5177/5177/5177 5178/5178/5178 5179/5179/5179 
f 5179/5179/5179 5178/5178/5178 5180/5180/5180 
f 5181/5181/5181 5182/5182/5182 5183/5183/5183 
f 5183/5183/5183 5182/5182/5182 5184/5184/5184 

g Part217

v 26.672 -99.5 110.133 
v 26.672 -99.5 119.154 
v 26.672 -100.444 110.133 
v 26.672 -100.444 119.154 
v 21.9905 -99.5 119.154 
v 26.672 -99.5 119.154 
v 21.9905 -99.5 110.133 
v 26.672 -99.5 110.133 
v 26.672 -99.5 119.154 
v 21.9905 -99.5 119.154 
v 26.672 -100.444 119.154 
v 21.9905 -100.444 119.154 
v 21.9905 -99.5 119.154 
v 21.9905 -99.5 110.133 
v 21.9905 -100.444 119.154 
v 21.9905 -100.444 110.133 
v 21.9905 -100.444 110.133 
v 26.672 -100.444 110.133 
v 21.9905 -100.444 119.154 
v 26.672 -100.444 119.154 
v 21.9905 -99.5 110.133 
v 26.672 -99.5 110.133 
v 21.9905 -100.444 110.133 
v 26.672 -100.444 110.133 

vn 1 0 0 
vn 1 0 0 
vn 1 0 0 
vn 1 0 0 
vn 0 1 0 
vn 0 1 0 
vn 0 1 0 
vn 0 1 0 
vn 0 0 1 
vn 0 0 1 
vn 0 0 1 
vn 0 0 1 
vn -1 0 0 
vn -1 0 0 
vn -1 0 0 
vn -1 0 0 
vn 0 -1 0 
vn 0 -1 0 
vn 0 -1 0 
vn 0 -1 0 
vn 0 0 -1 
vn 0 0 -1 
vn 0 0 -1 
vn 0 0 -1 

vt 3.25262 -5.625 
vt 2.125 -5.625 
vt 3.25262 -5.743 
vt 2.125 -5.743 
vt 2.71018 -5.625 
vt 2.125 -5.625 
vt 2.71018 -6.75262 
vt 2.125 -6.75262 
vt 2.71018 -5.625 
vt 2.125 -5.625 
vt 2.71018 -5.743 
vt 2.125 -5.743 
vt 3.25262 -5.625 
vt 2.125 -5.625 
vt 3.25262 -5.743 
vt 2.125 -5.743 
vt 2.71018 -5.625 
vt 2.125 -5.625 
vt 2.71018 -6.75262 
vt 2.125 -6.75262 
vt 2.71018 -5.625 
vt 2.125 -5.625 
vt 2.71018 -5.743 
vt 2.125 -5.743 

usemtl Part217Mtl

f 5185/5185/5185 5186/5186/5186 5187/5187/5187 
f 5187/5187/5187 5186/5186/5186 5188/5188/5188 
f 5189/5189/5189 5190/5190/5190 5191/5191/5191 
f 5191/5191/5191 5190/5190/5190 5192/5192/5192 
f 5193/5193/5193 5194/5194/5194 5195/5195/5195 
f 5195/5195/5195 5194/5194/5194 5196/5196/5196 
f 5197/5197/5197 5198/5198/5198 5199/5199/5199 
f 5199/5199/5199 5198/5198/5198 5200/5200/5200 
f 5201/5201/5201 5202/5202/5202 5203/5203/5203 
f 5203/5203/5203 5202/5202/5202 5204/5204/5204 
f 5205/5205/5205 5206/5206/5206 5207/5207/5207 
f 5207/5207/5207 5206/5206/5206 5208/5208/5208 

g Part218

v 24.172 -100.5 110.133 
v 24.172 -100.5 119.154 
v 24.172 -101.444 110.133 
v 24.172 -101.444 119.154 
v 19.4905 -100.5 119.154 
v 24.172 -100.5 119.154 
v 19.4905 -100.5 110.133 
v 24.172 -100.5 110.133 
v 24.172 -100.5 119.154 
v 19.4905 -100.5 119.154 
v 24.172 -101.444 119.154 
v 19.4905 -101.444 119.154 
v 19.4905 -100.5 119.154 
v 19.4905 -100.5 110.133 
v 19.4905 -101.444 119.154 
v 19.4905 -101.444 110.133 
v 19.4905 -101.444 110.133 
v 24.172 -101.444 110.133 
v 19.4905 -101.444 119.154 
v 24.172 -101.444 119.154 
v 19.4905 -100.5 110.133 
v 24.172 -100.5 110.133 
v 19.4905 -101.444 110.133 
v 24.172 -101.444 110.133 

vn 1 0 0 
vn 1 0 0 
vn 1 0 0 
vn 1 0 0 
vn 0 1 0 
vn 0 1 0 
vn 0 1 0 
vn 0 1 0 
vn 0 0 1 
vn 0 0 1 
vn 0 0 1 
vn 0 0 1 
vn -1 0 0 
vn -1 0 0 
vn -1 0 0 
vn -1 0 0 
vn 0 -1 0 
vn 0 -1 0 
vn 0 -1 0 
vn 0 -1 0 
vn 0 0 -1 
vn 0 0 -1 
vn 0 0 -1 
vn 0 0 -1 

vt 1.12762 0.125 
vt 0 0.125 
vt 1.12762 0.00699997 
vt 0 0.00699997 
vt 0.585177 0.125 
vt 0 0.125 
vt 0.585177 -1.00262 
vt 0 -1.00262 
vt 0.585177 0.125 
vt 0 0.125 
vt 0.585177 0.00699997 
vt 0 0.00699997 
vt 1.12762 0.125 
vt 0 0.125 
vt 1.12762 0.00699997 
vt 0 0.00699997 
vt 0.585177 0.125 
vt 0 0.125 
vt 0.585177 -1.00262 
vt 0 -1.00262 
vt 0.585177 0.125 
vt 0 0.125 
vt 0.585177 0.00699997 
vt 0 0.00699997 

usemtl Part218Mtl

f 5209/5209/5209 5210/5210/5210 5211/5211/5211 
f 5211/5211/5211 5210/5210/5210 5212/5212/5212 
f 5213/5213/5213 5214/5214/5214 5215/5215/5215 
f 5215/5215/5215 5214/5214/5214 5216/5216/5216 
f 5217/5217/5217 5218/5218/5218 5219/5219/5219 
f 5219/5219/5219 5218/5218/5218 5220/5220/5220 
f 5221/5221/5221 5222/5222/5222 5223/5223/5223 
f 5223/5223/5223 5222/5222/5222 5224/5224/5224 
f 5225/5225/5225 5226/5226/5226 5227/5227/5227 
f 5227/5227/5227 5226/5226/5226 5228/5228/5228 
f 5229/5229/5229 5230/5230/5230 5231/5231/5231 
f 5231/5231/5231 5230/5230/5230 5232/5232/5232 

g Part219

v 17 -87 108.06 
v 17 -87 110.56 
v 17 -102.444 108.06 
v 17 -102.444 110.56 
v 14.5 -87 110.56 
v 17 -87 110.56 
v 14.5 -87 108.06 
v 17 -87 108.06 
v 17 -87 110.56 
v 14.5 -87 110.56 
v 17 -102.444 110.56 
v 14.5 -102.444 110.56 
v 14.5 -87 110.56 
v 14.5 -87 108.06 
v 14.5 -102.444 110.56 
v 14.5 -102.444 108.06 
v 14.5 -102.444 108.06 
v 17 -102.444 108.06 
v 14.5 -102.444 110.56 
v 17 -102.444 110.56 
v 14.5 -87 108.06 
v 17 -87 108.06 
v 14.5 -102.444 108.06 
v 17 -102.444 108.06 

vn 1 0 0 
vn 1 0 0 
vn 1 0 0 
vn 1 0 0 
vn 0 1 0 
vn 0 1 0 
vn 0 1 0 
vn 0 1 0 
vn 0 0 1 
vn 0 0 1 
vn 0 0 1 
vn 0 0 1 
vn -1 0 0 
vn -1 0 0 
vn -1 0 0 
vn -1 0 0 
vn 0 -1 0 
vn 0 -1 0 
vn 0 -1 0 
vn 0 -1 0 
vn 0 0 -1 
vn 0 0 -1 
vn 0 0 -1 
vn 0 0 -1 

vt -0.335698 0.27441 
vt -0.585698 0.27441 
vt -0.335698 -1.26999 
vt -0.585698 -1.26999 
vt -0.335698 0.27441 
vt -0.585698 0.27441 
vt -0.335698 0.0244098 
vt -0.585698 0.0244098 
vt -0.335698 0.27441 
vt -0.585698 0.27441 
vt -0.335698 -1.26999 
vt -0.585698 -1.26999 
vt -0.335698 0.27441 
vt -0.585698 0.27441 
vt -0.335698 -1.26999 
vt -0.585698 -1.26999 
vt -0.335698 0.27441 
vt -0.585698 0.27441 
vt -0.335698 0.0244098 
vt -0.585698 0.0244098 
vt -0.335698 0.27441 
vt -0.585698 0.27441 
vt -0.335698 -1.26999 
vt -0.585698 -1.26999 

usemtl Part204Mtl

f 5233/5233/5233 5234/5234/5234 5235/5235/5235 
f 5235/5235/5235 5234/5234/5234 5236/5236/5236 
f 5237/5237/5237 5238/5238/5238 5239/5239/5239 
f 5239/5239/5239 5238/5238/5238 5240/5240/5240 
f 5241/5241/5241 5242/5242/5242 5243/5243/5243 
f 5243/5243/5243 5242/5242/5242 5244/5244/5244 
f 5245/5245/5245 5246/5246/5246 5247/5247/5247 
f 5247/5247/5247 5246/5246/5246 5248/5248/5248 
f 5249/5249/5249 5250/5250/5250 5251/5251/5251 
f 5251/5251/5251 5250/5250/5250 5252/5252/5252 
f 5253/5253/5253 5254/5254/5254 5255/5255/5255 
f 5255/5255/5255 5254/5254/5254 5256/5256/5256 

g Part220

v 17 -87 118.91 
v 17 -87 121.41 
v 17 -102.444 118.91 
v 17 -102.444 121.41 
v 14.5 -87 121.41 
v 17 -87 121.41 
v 14.5 -87 118.91 
v 17 -87 118.91 
v 17 -87 121.41 
v 14.5 -87 121.41 
v 17 -102.444 121.41 
v 14.5 -102.444 121.41 
v 14.5 -87 121.41 
v 14.5 -87 118.91 
v 14.5 -102.444 121.41 
v 14.5 -102.444 118.91 
v 14.5 -102.444 118.91 
v 17 -102.444 118.91 
v 14.5 -102.444 121.41 
v 17 -102.444 121.41 
v 14.5 -87 118.91 
v 17 -87 118.91 
v 14.5 -102.444 118.91 
v 17 -102.444 118.91 

vn 1 0 0 
vn 1 0 0 
vn 1 0 0 
vn 1 0 0 
vn 0 1 0 
vn 0 1 0 
vn 0 1 0 
vn 0 1 0 
vn 0 0 1 
vn 0 0 1 
vn 0 0 1 
vn 0 0 1 
vn -1 0 0 
vn -1 0 0 
vn -1 0 0 
vn -1 0 0 
vn 0 -1 0 
vn 0 -1 0 
vn 0 -1 0 
vn 0 -1 0 
vn 0 0 -1 
vn 0 0 -1 
vn 0 0 -1 
vn 0 0 -1 

vt 0.219062 0.391646 
vt -0.0309379 0.391646 
vt 0.219062 -1.15275 
vt -0.0309379 -1.15275 
vt 0.219062 0.391646 
vt -0.0309379 0.391646 
vt 0.219062 0.141646 
vt -0.0309379 0.141646 
vt 0.219062 0.391646 
vt -0.0309379 0.391646 
vt 0.219062 -1.15275 
vt -0.0309379 -1.15275 
vt 0.219062 0.391646 
vt -0.0309379 0.391646 
vt 0.219062 -1.15275 
vt -0.0309379 -1.15275 
vt 0.219062 0.391646 
vt -0.0309379 0.391646 
vt 0.219062 0.141646 
vt -0.0309379 0.141646 
vt 0.219062 0.391646 
vt -0.0309379 0.391646 
vt 0.219062 -1.15275 
vt -0.0309379 -1.15275 

usemtl Part204Mtl

f 5257/5257/5257 5258/5258/5258 5259/5259/5259 
f 5259/5259/5259 5258/5258/5258 5260/5260/5260 
f 5261/5261/5261 5262/5262/5262 5263/5263/5263 
f 5263/5263/5263 5262/5262/5262 5264/5264/5264 
f 5265/5265/5265 5266/5266/5266 5267/5267/5267 
f 5267/5267/5267 5266/5266/5266 5268/5268/5268 
f 5269/5269/5269 5270/5270/5270 5271/5271/5271 
f 5271/5271/5271 5270/5270/5270 5272/5272/5272 
f 5273/5273/5273 5274/5274/5274 5275/5275/5275 
f 5275/5275/5275 5274/5274/5274 5276/5276/5276 
f 5277/5277/5277 5278/5278/5278 5279/5279/5279 
f 5279/5279/5279 5278/5278/5278 5280/5280/5280 

g Part221

v 47.5 -87 108.06 
v 47.5 -87 110.56 
v 47.5 -102.444 108.06 
v 47.5 -102.444 110.56 
v 45 -87 110.56 
v 47.5 -87 110.56 
v 45 -87 108.06 
v 47.5 -87 108.06 
v 47.5 -87 110.56 
v 45 -87 110.56 
v 47.5 -102.444 110.56 
v 45 -102.444 110.56 
v 45 -87 110.56 
v 45 -87 108.06 
v 45 -102.444 110.56 
v 45 -102.444 108.06 
v 45 -102.444 108.06 
v 47.5 -102.444 108.06 
v 45 -102.444 110.56 
v 47.5 -102.444 110.56 
v 45 -87 108.06 
v 47.5 -87 108.06 
v 45 -102.444 108.06 
v 47.5 -102.444 108.06 

vn 1 0 0 
vn 1 0 0 
vn 1 0 0 
vn 1 0 0 
vn 0 1 0 
vn 0 1 0 
vn 0 1 0 
vn 0 1 0 
vn 0 0 1 
vn 0 0 1 
vn 0 0 1 
vn 0 0 1 
vn -1 0 0 
vn -1 0 0 
vn -1 0 0 
vn -1 0 0 
vn 0 -1 0 
vn 0 -1 0 
vn 0 -1 0 
vn 0 -1 0 
vn 0 0 -1 
vn 0 0 -1 
vn 0 0 -1 
vn 0 0 -1 

vt 1.10099 0.149669 
vt 0.85099 0.149669 
vt 1.10099 -1.39473 
vt 0.85099 -1.39473 
vt 1.10099 0.149669 
vt 0.85099 0.149669 
vt 1.10099 -0.100331 
vt 0.85099 -0.100331 
vt 1.10099 0.149669 
vt 0.85099 0.149669 
vt 1.10099 -1.39473 
vt 0.85099 -1.39473 
vt 1.10099 0.149669 
vt 0.85099 0.149669 
vt 1.10099 -1.39473 
vt 0.85099 -1.39473 
vt 1.10099 0.149669 
vt 0.85099 0.149669 
vt 1.10099 -0.100331 
vt 0.85099 -0.100331 
vt 1.10099 0.149669 
vt 0.85099 0.149669 
vt 1.10099 -1.39473 
vt 0.85099 -1.39473 

usemtl Part204Mtl

f 5281/5281/5281 5282/5282/5282 5283/5283/5283 
f 5283/5283/5283 5282/5282/5282 5284/5284/5284 
f 5285/5285/5285 5286/5286/5286 5287/5287/5287 
f 5287/5287/5287 5286/5286/5286 5288/5288/5288 
f 5289/5289/5289 5290/5290/5290 5291/5291/5291 
f 5291/5291/5291 5290/5290/5290 5292/5292/5292 
f 5293/5293/5293 5294/5294/5294 5295/5295/5295 
f 5295/5295/5295 5294/5294/5294 5296/5296/5296 
f 5297/5297/5297 5298/5298/5298 5299/5299/5299 
f 5299/5299/5299 5298/5298/5298 5300/5300/5300 
f 5301/5301/5301 5302/5302/5302 5303/5303/5303 
f 5303/5303/5303 5302/5302/5302 5304/5304/5304 

g Part222

v 57 -87 108.06 
v 57 -87 110.56 
v 57 -102.444 108.06 
v 57 -102.444 110.56 
v 54.5 -87 110.56 
v 57 -87 110.56 
v 54.5 -87 108.06 
v 57 -87 108.06 
v 57 -87 110.56 
v 54.5 -87 110.56 
v 57 -102.444 110.56 
v 54.5 -102.444 110.56 
v 54.5 -87 110.56 
v 54.5 -87 108.06 
v 54.5 -102.444 110.56 
v 54.5 -102.444 108.06 
v 54.5 -102.444 108.06 
v 57 -102.444 108.06 
v 54.5 -102.444 110.56 
v 57 -102.444 110.56 
v 54.5 -87 108.06 
v 57 -87 108.06 
v 54.5 -102.444 108.06 
v 57 -102.444 108.06 

vn 1 0 0 
vn 1 0 0 
vn 1 0 0 
vn 1 0 0 
vn 0 1 0 
vn 0 1 0 
vn 0 1 0 
vn 0 1 0 
vn 0 0 1 
vn 0 0 1 
vn 0 0 1 
vn 0 0 1 
vn -1 0 0 
vn -1 0 0 
vn -1 0 0 
vn -1 0 0 
vn 0 -1 0 
vn 0 -1 0 
vn 0 -1 0 
vn 0 -1 0 
vn 0 0 -1 
vn 0 0 -1 
vn 0 0 -1 
vn 0 0 -1 

vt 1.16557 0.27441 
vt 0.915574 0.27441 
vt 1.16557 -1.26999 
vt 0.915574 -1.26999 
vt 1.16557 0.27441 
vt 0.915574 0.27441 
vt 1.16557 0.0244098 
vt 0.915574 0.0244098 
vt 1.16557 0.27441 
vt 0.915574 0.27441 
vt 1.16557 -1.26999 
vt 0.915574 -1.26999 
vt 1.16557 0.27441 
vt 0.915574 0.27441 
vt 1.16557 -1.26999 
vt 0.915574 -1.26999 
vt 1.16557 0.27441 
vt 0.915574 0.27441 
vt 1.16557 0.0244098 
vt 0.915574 0.0244098 
vt 1.16557 0.27441 
vt 0.915574 0.27441 
vt 1.16557 -1.26999 
vt 0.915574 -1.26999 

usemtl Part204Mtl

f 5305/5305/5305 5306/5306/5306 5307/5307/5307 
f 5307/5307/5307 5306/5306/5306 5308/5308/5308 
f 5309/5309/5309 5310/5310/5310 5311/5311/5311 
f 5311/5311/5311 5310/5310/5310 5312/5312/5312 
f 5313/5313/5313 5314/5314/5314 5315/5315/5315 
f 5315/5315/5315 5314/5314/5314 5316/5316/5316 
f 5317/5317/5317 5318/5318/5318 5319/5319/5319 
f 5319/5319/5319 5318/5318/5318 5320/5320/5320 
f 5321/5321/5321 5322/5322/5322 5323/5323/5323 
f 5323/5323/5323 5322/5322/5322 5324/5324/5324 
f 5325/5325/5325 5326/5326/5326 5327/5327/5327 
f 5327/5327/5327 5326/5326/5326 5328/5328/5328 

g Part223

v 17.5 -94.472 87.06 
v 17.5 -94.472 88.06 
v 17.5 -102.472 87.06 
v 17.5 -102.472 88.06 
v 14.5 -94.472 88.06 
v 17.5 -94.472 88.06 
v 14.5 -94.472 87.06 
v 17.5 -94.472 87.06 
v 17.5 -94.472 88.06 
v 14.5 -94.472 88.06 
v 17.5 -102.472 88.06 
v 14.5 -102.472 88.06 
v 14.5 -94.472 88.06 
v 14.5 -94.472 87.06 
v 14.5 -102.472 88.06 
v 14.5 -102.472 87.06 
v 14.5 -102.472 87.06 
v 17.5 -102.472 87.06 
v 14.5 -102.472 88.06 
v 17.5 -102.472 88.06 
v 14.5 -94.472 87.06 
v 17.5 -94.472 87.06 
v 14.5 -102.472 87.06 
v 17.5 -102.472 87.06 

vn 1 0 0 
vn 1 0 0 
vn 1 0 0 
vn 1 0 0 
vn 0 1 0 
vn 0 1 0 
vn 0 1 0 
vn 0 1 0 
vn 0 0 1 
vn 0 0 1 
vn 0 0 1 
vn 0 0 1 
vn -1 0 0 
vn -1 0 0 
vn -1 0 0 
vn -1 0 0 
vn 0 -1 0 
vn 0 -1 0 
vn 0 -1 0 
vn 0 -1 0 
vn 0 0 -1 
vn 0 0 -1 
vn 0 0 -1 
vn 0 0 -1 

vt 0.55748 1.52581 
vt 0.35748 1.52581 
vt 0.55748 -0.0741912 
vt 0.35748 -0.0741912 
vt 0.95748 1.52581 
vt 0.35748 1.52581 
vt 0.95748 1.32581 
vt 0.35748 1.32581 
vt 0.95748 1.52581 
vt 0.35748 1.52581 
vt 0.95748 -0.0741912 
vt 0.35748 -0.0741912 
vt 0.55748 1.52581 
vt 0.35748 1.52581 
vt 0.55748 -0.0741912 
vt 0.35748 -0.0741912 
vt 0.95748 1.52581 
vt 0.35748 1.52581 
vt 0.95748 1.32581 
vt 0.35748 1.32581 
vt 0.95748 1.52581 
vt 0.35748 1.52581 
vt 0.95748 -0.0741912 
vt 0.35748 -0.0741912 

usemtl Part223Mtl

f 5329/5329/5329 5330/5330/5330 5331/5331/5331 
f 5331/5331/5331 5330/5330/5330 5332/5332/5332 
f 5333/5333/5333 5334/5334/5334 5335/5335/5335 
f 5335/5335/5335 5334/5334/5334 5336/5336/5336 
f 5337/5337/5337 5338/5338/5338 5339/5339/5339 
f 5339/5339/5339 5338/5338/5338 5340/5340/5340 
f 5341/5341/5341 5342/5342/5342 5343/5343/5343 
f 5343/5343/5343 5342/5342/5342 5344/5344/5344 
f 5345/5345/5345 5346/5346/5346 5347/5347/5347 
f 5347/5347/5347 5346/5346/5346 5348/5348/5348 
f 5349/5349/5349 5350/5350/5350 5351/5351/5351 
f 5351/5351/5351 5350/5350/5350 5352/5352/5352 

g Part224

v 17.5 -94.472 92.56 
v 17.5 -94.472 93.56 
v 17.5 -102.472 92.56 
v 17.5 -102.472 93.56 
v 14.5 -94.472 93.56 
v 17.5 -94.472 93.56 
v 14.5 -94.472 92.56 
v 17.5 -94.472 92.56 
v 17.5 -94.472 93.56 
v 14.5 -94.472 93.56 
v 17.5 -102.472 93.56 
v 14.5 -102.472 93.56 
v 14.5 -94.472 93.56 
v 14.5 -94.472 92.56 
v 14.5 -102.472 93.56 
v 14.5 -102.472 92.56 
v 14.5 -102.472 92.56 
v 17.5 -102.472 92.56 
v 14.5 -102.472 93.56 
v 17.5 -102.472 93.56 
v 14.5 -94.472 92.56 
v 17.5 -94.472 92.56 
v 14.5 -102.472 92.56 
v 17.5 -102.472 92.56 

vn 1 0 0 
vn 1 0 0 
vn 1 0 0 
vn 1 0 0 
vn 0 1 0 
vn 0 1 0 
vn 0 1 0 
vn 0 1 0 
vn 0 0 1 
vn 0 0 1 
vn 0 0 1 
vn 0 0 1 
vn -1 0 0 
vn -1 0 0 
vn -1 0 0 
vn -1 0 0 
vn 0 -1 0 
vn 0 -1 0 
vn 0 -1 0 
vn 0 -1 0 
vn 0 0 -1 
vn 0 0 -1 
vn 0 0 -1 
vn 0 0 -1 

vt -0.995483 0.148682 
vt -1.19548 0.148682 
vt -0.995483 -1.45132 
vt -1.19548 -1.45132 
vt -0.595483 0.148682 
vt -1.19548 0.148682 
vt -0.595483 -0.0513184 
vt -1.19548 -0.0513184 
vt -0.595483 0.148682 
vt -1.19548 0.148682 
vt -0.595483 -1.45132 
vt -1.19548 -1.45132 
vt -0.995483 0.148682 
vt -1.19548 0.148682 
vt -0.995483 -1.45132 
vt -1.19548 -1.45132 
vt -0.595483 0.148682 
vt -1.19548 0.148682 
vt -0.595483 -0.0513184 
vt -1.19548 -0.0513184 
vt -0.595483 0.148682 
vt -1.19548 0.148682 
vt -0.595483 -1.45132 
vt -1.19548 -1.45132 

usemtl Part223Mtl

f 5353/5353/5353 5354/5354/5354 5355/5355/5355 
f 5355/5355/5355 5354/5354/5354 5356/5356/5356 
f 5357/5357/5357 5358/5358/5358 5359/5359/5359 
f 5359/5359/5359 5358/5358/5358 5360/5360/5360 
f 5361/5361/5361 5362/5362/5362 5363/5363/5363 
f 5363/5363/5363 5362/5362/5362 5364/5364/5364 
f 5365/5365/5365 5366/5366/5366 5367/5367/5367 
f 5367/5367/5367 5366/5366/5366 5368/5368/5368 
f 5369/5369/5369 5370/5370/5370 5371/5371/5371 
f 5371/5371/5371 5370/5370/5370 5372/5372/5372 
f 5373/5373/5373 5374/5374/5374 5375/5375/5375 
f 5375/5375/5375 5374/5374/5374 5376/5376/5376 

g Part225

v 17.5 -93.472 87.06 
v 17.5 -93.472 93.56 
v 17.5 -94.472 87.06 
v 17.5 -94.472 93.56 
v 14.5 -93.472 93.56 
v 17.5 -93.472 93.56 
v 14.5 -93.472 87.06 
v 17.5 -93.472 87.06 
v 17.5 -93.472 93.56 
v 14.5 -93.472 93.56 
v 17.5 -94.472 93.56 
v 14.5 -94.472 93.56 
v 14.5 -93.472 93.56 
v 14.5 -93.472 87.06 
v 14.5 -94.472 93.56 
v 14.5 -94.472 87.06 
v 14.5 -94.472 87.06 
v 17.5 -94.472 87.06 
v 14.5 -94.472 93.56 
v 17.5 -94.472 93.56 
v 14.5 -93.472 87.06 
v 17.5 -93.472 87.06 
v 14.5 -94.472 87.06 
v 17.5 -94.472 87.06 

vn 1 0 0 
vn 1 0 0 
vn 1 0 0 
vn 1 0 0 
vn 0 1 0 
vn 0 1 0 
vn 0 1 0 
vn 0 1 0 
vn 0 0 1 
vn 0 0 1 
vn 0 0 1 
vn 0 0 1 
vn -1 0 0 
vn -1 0 0 
vn -1 0 0 
vn -1 0 0 
vn 0 -1 0 
vn 0 -1 0 
vn 0 -1 0 
vn 0 -1 0 
vn 0 0 -1 
vn 0 0 -1 
vn 0 0 -1 
vn 0 0 -1 

vt 1.70359 0.359343 
vt 0.403593 0.359343 
vt 1.70359 0.159343 
vt 0.403593 0.159343 
vt 1.00359 0.359343 
vt 0.403593 0.359343 
vt 1.00359 -0.940657 
vt 0.403593 -0.940657 
vt 1.00359 0.359343 
vt 0.403593 0.359343 
vt 1.00359 0.159343 
vt 0.403593 0.159343 
vt 1.70359 0.359343 
vt 0.403593 0.359343 
vt 1.70359 0.159343 
vt 0.403593 0.159343 
vt 1.00359 0.359343 
vt 0.403593 0.359343 
vt 1.00359 -0.940657 
vt 0.403593 -0.940657 
vt 1.00359 0.359343 
vt 0.403593 0.359343 
vt 1.00359 0.159343 
vt 0.403593 0.159343 

usemtl Part223Mtl

f 5377/5377/5377 5378/5378/5378 5379/5379/5379 
f 5379/5379/5379 5378/5378/5378 5380/5380/5380 
f 5381/5381/5381 5382/5382/5382 5383/5383/5383 
f 5383/5383/5383 5382/5382/5382 5384/5384/5384 
f 5385/5385/5385 5386/5386/5386 5387/5387/5387 
f 5387/5387/5387 5386/5386/5386 5388/5388/5388 
f 5389/5389/5389 5390/5390/5390 5391/5391/5391 
f 5391/5391/5391 5390/5390/5390 5392/5392/5392 
f 5393/5393/5393 5394/5394/5394 5395/5395/5395 
f 5395/5395/5395 5394/5394/5394 5396/5396/5396 
f 5397/5397/5397 5398/5398/5398 5399/5399/5399 
f 5399/5399/5399 5398/5398/5398 5400/5400/5400 

g Part226

v 17.5 -94.472 87.31 
v 17.5 -94.472 92.81 
v 17.5 -102.472 87.31 
v 17.5 -102.472 92.81 
v 14.75 -94.472 92.81 
v 17.5 -94.472 92.81 
v 14.75 -94.472 87.31 
v 17.5 -94.472 87.31 
v 17.5 -94.472 92.81 
v 14.75 -94.472 92.81 
v 17.5 -102.472 92.81 
v 14.75 -102.472 92.81 
v 14.75 -94.472 92.81 
v 14.75 -94.472 87.31 
v 14.75 -102.472 92.81 
v 14.75 -102.472 87.31 
v 14.75 -102.472 87.31 
v 17.5 -102.472 87.31 
v 14.75 -102.472 92.81 
v 17.5 -102.472 92.81 
v 14.75 -94.472 87.31 
v 17.5 -94.472 87.31 
v 14.75 -102.472 87.31 
v 17.5 -102.472 87.31 

vn 1 0 0 
vn 1 0 0 
vn 1 0 0 
vn 1 0 0 
vn 0 1 0 
vn 0 1 0 
vn 0 1 0 
vn 0 1 0 
vn 0 0 1 
vn 0 0 1 
vn 0 0 1 
vn 0 0 1 
vn -1 0 0 
vn -1 0 0 
vn -1 0 0 
vn -1 0 0 
vn 0 -1 0 
vn 0 -1 0 
vn 0 -1 0 
vn 0 -1 0 
vn 0 0 -1 
vn 0 0 -1 
vn 0 0 -1 
vn 0 0 -1 

vt 1.32494 -0.128176 
vt 0.224939 -0.128176 
vt 1.32494 -1.72818 
vt 0.224939 -1.72818 
vt 0.774939 -0.128176 
vt 0.224939 -0.128176 
vt 0.774939 -1.22818 
vt 0.224939 -1.22818 
vt 0.774939 -0.128176 
vt 0.224939 -0.128176 
vt 0.774939 -1.72818 
vt 0.224939 -1.72818 
vt 1.32494 -0.128176 
vt 0.224939 -0.128176 
vt 1.32494 -1.72818 
vt 0.224939 -1.72818 
vt 0.774939 -0.128176 
vt 0.224939 -0.128176 
vt 0.774939 -1.22818 
vt 0.224939 -1.22818 
vt 0.774939 -0.128176 
vt 0.224939 -0.128176 
vt 0.774939 -1.72818 
vt 0.224939 -1.72818 

usemtl Part223Mtl

f 5401/5401/5401 5402/5402/5402 5403/5403/5403 
f 5403/5403/5403 5402/5402/5402 5404/5404/5404 
f 5405/5405/5405 5406/5406/5406 5407/5407/5407 
f 5407/5407/5407 5406/5406/5406 5408/5408/5408 
f 5409/5409/5409 5410/5410/5410 5411/5411/5411 
f 5411/5411/5411 5410/5410/5410 5412/5412/5412 
f 5413/5413/5413 5414/5414/5414 5415/5415/5415 
f 5415/5415/5415 5414/5414/5414 5416/5416/5416 
f 5417/5417/5417 5418/5418/5418 5419/5419/5419 
f 5419/5419/5419 5418/5418/5418 5420/5420/5420 
f 5421/5421/5421 5422/5422/5422 5423/5423/5423 
f 5423/5423/5423 5422/5422/5422 5424/5424/5424 

g Part227

v -25.5475 -101.294 85.9525 
v -25.5475 -101.294 43.3627 
v -25.5475 -101.493 85.9525 
v -25.5475 -101.493 43.3627 
v -16.981 -101.294 43.3627 
v -25.5475 -101.294 43.3627 
v -16.981 -101.294 85.9525 
v -25.5475 -101.294 85.9525 
v -25.5475 -101.294 43.3627 
v -16.981 -101.294 43.3627 
v -25.5475 -101.493 43.3627 
v -16.981 -101.493 43.3627 
v -16.981 -101.294 43.3627 
v -16.981 -101.294 85.9525 
v -16.981 -101.493 43.3627 
v -16.981 -101.493 85.9525 
v -16.981 -101.493 85.9525 
v -25.5475 -101.493 85.9525 
v -16.981 -101.493 43.3627 
v -25.5475 -101.493 43.3627 
v -16.981 -101.294 85.9525 
v -25.5475 -101.294 85.9525 
v -16.981 -101.493 85.9525 
v -25.5475 -101.493 85.9525 

vn -1 0 0 
vn -1 0 0 
vn -1 0 0 
vn -1 0 0 
vn 0 1 0 
vn 0 1 0 
vn 0 1 0 
vn 0 1 0 
vn 0 0 -1 
vn 0 0 -1 
vn 0 0 -1 
vn 0 0 -1 
vn 1 0 0 
vn 1 0 0 
vn 1 0 0 
vn 1 0 0 
vn 0 -1 0 
vn 0 -1 0 
vn 0 -1 0 
vn 0 -1 0 
vn 0 0 1 
vn 0 0 1 
vn 0 0 1 
vn 0 0 1 

vt 4.39499 -0.821653 
vt 0.136014 -0.821653 
vt 4.39499 -0.841553 
vt 0.136014 -0.841553 
vt 0.992662 -0.821653 
vt 0.136014 -0.821653 
vt 0.992662 -5.08063 
vt 0.136014 -5.08063 
vt 0.992662 -0.821653 
vt 0.136014 -0.821653 
vt 0.992662 -0.841553 
vt 0.136014 -0.841553 
vt 4.39499 -0.821653 
vt 0.136014 -0.821653 
vt 4.39499 -0.841553 
vt 0.136014 -0.841553 
vt 0.992662 -0.821653 
vt 0.136014 -0.821653 
vt 0.992662 -5.08063 
vt 0.136014 -5.08063 
vt 0.992662 -0.821653 
vt 0.136014 -0.821653 
vt 0.992662 -0.841553 
vt 0.136014 -0.841553 

usemtl Part11Mtl

f 5425/5425/5425 5426/5426/5426 5427/5427/5427 
f 5427/5427/5427 5426/5426/5426 5428/5428/5428 
f 5429/5429/5429 5430/5430/5430 5431/5431/5431 
f 5431/5431/5431 5430/5430/5430 5432/5432/5432 
f 5433/5433/5433 5434/5434/5434 5435/5435/5435 
f 5435/5435/5435 5434/5434/5434 5436/5436/5436 
f 5437/5437/5437 5438/5438/5438 5439/5439/5439 
f 5439/5439/5439 5438/5438/5438 5440/5440/5440 
f 5441/5441/5441 5442/5442/5442 5443/5443/5443 
f 5443/5443/5443 5442/5442/5442 5444/5444/5444 
f 5445/5445/5445 5446/5446/5446 5447/5447/5447 
f 5447/5447/5447 5446/5446/5446 5448/5448/5448 

g Part228

v -25.5475 -101.294 94.5775 
v -25.5475 -101.294 85.9877 
v -25.5475 -101.493 94.5775 
v -25.5475 -101.493 85.9877 
v 1.76897 -101.294 85.9877 
v -25.5475 -101.294 85.9877 
v 1.76897 -101.294 94.5775 
v -25.5475 -101.294 94.5775 
v -25.5475 -101.294 85.9877 
v 1.76897 -101.294 85.9877 
v -25.5475 -101.493 85.9877 
v 1.76897 -101.493 85.9877 
v 1.76897 -101.294 85.9877 
v 1.76897 -101.294 94.5775 
v 1.76897 -101.493 85.9877 
v 1.76897 -101.493 94.5775 
v 1.76897 -101.493 94.5775 
v -25.5475 -101.493 94.5775 
v 1.76897 -101.493 85.9877 
v -25.5475 -101.493 85.9877 
v 1.76897 -101.294 94.5775 
v -25.5475 -101.294 94.5775 
v 1.76897 -101.493 94.5775 
v -25.5475 -101.493 94.5775 

vn -1 0 0 
vn -1 0 0 
vn -1 0 0 
vn -1 0 0 
vn 0 1 0 
vn 0 1 0 
vn 0 1 0 
vn 0 1 0 
vn 0 0 -1 
vn 0 0 -1 
vn 0 0 -1 
vn 0 0 -1 
vn 1 0 0 
vn 1 0 0 
vn 1 0 0 
vn 1 0 0 
vn 0 -1 0 
vn 0 -1 0 
vn 0 -1 0 
vn 0 -1 0 
vn 0 0 1 
vn 0 0 1 
vn 0 0 1 
vn 0 0 1 

vt 1.31347 0.256878 
vt 0.454489 0.256878 
vt 1.31347 0.236978 
vt 0.454489 0.236978 
vt 3.18614 0.256878 
vt 0.454489 0.256878 
vt 3.18614 -0.602098 
vt 0.454489 -0.602098 
vt 3.18614 0.256878 
vt 0.454489 0.256878 
vt 3.18614 0.236978 
vt 0.454489 0.236978 
vt 1.31347 0.256878 
vt 0.454489 0.256878 
vt 1.31347 0.236978 
vt 0.454489 0.236978 
vt 3.18614 0.256878 
vt 0.454489 0.256878 
vt 3.18614 -0.602098 
vt 0.454489 -0.602098 
vt 3.18614 0.256878 
vt 0.454489 0.256878 
vt 3.18614 0.236978 
vt 0.454489 0.236978 

usemtl Part11Mtl

f 5449/5449/5449 5450/5450/5450 5451/5451/5451 
f 5451/5451/5451 5450/5450/5450 5452/5452/5452 
f 5453/5453/5453 5454/5454/5454 5455/5455/5455 
f 5455/5455/5455 5454/5454/5454 5456/5456/5456 
f 5457/5457/5457 5458/5458/5458 5459/5459/5459 
f 5459/5459/5459 5458/5458/5458 5460/5460/5460 
f 5461/5461/5461 5462/5462/5462 5463/5463/5463 
f 5463/5463/5463 5462/5462/5462 5464/5464/5464 
f 5465/5465/5465 5466/5466/5466 5467/5467/5467 
f 5467/5467/5467 5466/5466/5466 5468/5468/5468 
f 5469/5469/5469 5470/5470/5470 5471/5471/5471 
f 5471/5471/5471 5470/5470/5470 5472/5472/5472 

g Part229

v -6.79749 -101.294 149.952 
v -6.79749 -101.294 94.6127 
v -6.79749 -101.493 149.952 
v -6.79749 -101.493 94.6127 
v 1.76898 -101.294 94.6127 
v -6.79749 -101.294 94.6127 
v 1.76898 -101.294 149.952 
v -6.79749 -101.294 149.952 
v -6.79749 -101.294 94.6127 
v 1.76898 -101.294 94.6127 
v -6.79749 -101.493 94.6127 
v 1.76898 -101.493 94.6127 
v 1.76898 -101.294 94.6127 
v 1.76898 -101.294 149.952 
v 1.76898 -101.493 94.6127 
v 1.76898 -101.493 149.952 
v 1.76898 -101.493 149.952 
v -6.79749 -101.493 149.952 
v 1.76898 -101.493 94.6127 
v -6.79749 -101.493 94.6127 
v 1.76898 -101.294 149.952 
v -6.79749 -101.294 149.952 
v 1.76898 -101.493 149.952 
v -6.79749 -101.493 149.952 

vn -1 0 0 
vn -1 0 0 
vn -1 0 0 
vn -1 0 0 
vn 0 1 0 
vn 0 1 0 
vn 0 1 0 
vn 0 1 0 
vn 0 0 -1 
vn 0 0 -1 
vn 0 0 -1 
vn 0 0 -1 
vn 1 0 0 
vn 1 0 0 
vn 1 0 0 
vn 1 0 0 
vn 0 -1 0 
vn 0 -1 0 
vn 0 -1 0 
vn 0 -1 0 
vn 0 0 1 
vn 0 0 1 
vn 0 0 1 
vn 0 0 1 

vt 8.4049 0.556315 
vt 2.87092 0.556315 
vt 8.4049 0.536414 
vt 2.87092 0.536414 
vt 3.72757 0.556315 
vt 2.87092 0.556315 
vt 3.72757 -4.97766 
vt 2.87092 -4.97766 
vt 3.72757 0.556315 
vt 2.87092 0.556315 
vt 3.72757 0.536414 
vt 2.87092 0.536414 
vt 8.4049 0.556315 
vt 2.87092 0.556315 
vt 8.4049 0.536414 
vt 2.87092 0.536414 
vt 3.72757 0.556315 
vt 2.87092 0.556315 
vt 3.72757 -4.97766 
vt 2.87092 -4.97766 
vt 3.72757 0.556315 
vt 2.87092 0.556315 
vt 3.72757 0.536414 
vt 2.87092 0.536414 

usemtl Part11Mtl

f 5473/5473/5473 5474/5474/5474 5475/5475/5475 
f 5475/5475/5475 5474/5474/5474 5476/5476/5476 
f 5477/5477/5477 5478/5478/5478 5479/5479/5479 
f 5479/5479/5479 5478/5478/5478 5480/5480/5480 
f 5481/5481/5481 5482/5482/5482 5483/5483/5483 
f 5483/5483/5483 5482/5482/5482 5484/5484/5484 
f 5485/5485/5485 5486/5486/5486 5487/5487/5487 
f 5487/5487/5487 5486/5486/5486 5488/5488/5488 
f 5489/5489/5489 5490/5490/5490 5491/5491/5491 
f 5491/5491/5491 5490/5490/5490 5492/5492/5492 
f 5493/5493/5493 5494/5494/5494 5495/5495/5495 
f 5495/5495/5495 5494/5494/5494 5496/5496/5496 

g Part230

v 1.70251 -101.294 149.952 
v 1.70251 -101.294 141.363 
v 1.70251 -101.493 149.952 
v 1.70251 -101.493 141.363 
v 25.269 -101.294 141.363 
v 1.70251 -101.294 141.363 
v 25.269 -101.294 149.952 
v 1.70251 -101.294 149.952 
v 1.70251 -101.294 141.363 
v 25.269 -101.294 141.363 
v 1.70251 -101.493 141.363 
v 25.269 -101.493 141.363 
v 25.269 -101.294 141.363 
v 25.269 -101.294 149.952 
v 25.269 -101.493 141.363 
v 25.269 -101.493 149.952 
v 25.269 -101.493 149.952 
v 1.70251 -101.493 149.952 
v 25.269 -101.493 141.363 
v 1.70251 -101.493 141.363 
v 25.269 -101.294 149.952 
v 1.70251 -101.294 149.952 
v 25.269 -101.493 149.952 
v 1.70251 -101.493 149.952 

vn -1 0 0 
vn -1 0 0 
vn -1 0 0 
vn -1 0 0 
vn 0 1 0 
vn 0 1 0 
vn 0 1 0 
vn 0 1 0 
vn 0 0 -1 
vn 0 0 -1 
vn 0 0 -1 
vn 0 0 -1 
vn 1 0 0 
vn 1 0 0 
vn 1 0 0 
vn 1 0 0 
vn 0 -1 0 
vn 0 -1 0 
vn 0 -1 0 
vn 0 -1 0 
vn 0 0 1 
vn 0 0 1 
vn 0 0 1 
vn 0 0 1 

vt 0.290796 -0.559947 
vt -0.568181 -0.559947 
vt 0.290796 -0.579847 
vt -0.568181 -0.579847 
vt 1.78847 -0.559947 
vt -0.568181 -0.559947 
vt 1.78847 -1.41892 
vt -0.568181 -1.41892 
vt 1.78847 -0.559947 
vt -0.568181 -0.559947 
vt 1.78847 -0.579847 
vt -0.568181 -0.579847 
vt 0.290796 -0.559947 
vt -0.568181 -0.559947 
vt 0.290796 -0.579847 
vt -0.568181 -0.579847 
vt 1.78847 -0.559947 
vt -0.568181 -0.559947 
vt 1.78847 -1.41892 
vt -0.568181 -1.41892 
vt 1.78847 -0.559947 
vt -0.568181 -0.559947 
vt 1.78847 -0.579847 
vt -0.568181 -0.579847 

usemtl Part11Mtl

f 5497/5497/5497 5498/5498/5498 5499/5499/5499 
f 5499/5499/5499 5498/5498/5498 5500/5500/5500 
f 5501/5501/5501 5502/5502/5502 5503/5503/5503 
f 5503/5503/5503 5502/5502/5502 5504/5504/5504 
f 5505/5505/5505 5506/5506/5506 5507/5507/5507 
f 5507/5507/5507 5506/5506/5506 5508/5508/5508 
f 5509/5509/5509 5510/5510/5510 5511/5511/5511 
f 5511/5511/5511 5510/5510/5510 5512/5512/5512 
f 5513/5513/5513 5514/5514/5514 5515/5515/5515 
f 5515/5515/5515 5514/5514/5514 5516/5516/5516 
f 5517/5517/5517 5518/5518/5518 5519/5519/5519 
f 5519/5519/5519 5518/5518/5518 5520/5520/5520 

g Part231

v 16.7025 -101.294 290.952 
v 16.7025 -101.294 149.863 
v 16.7025 -101.493 290.952 
v 16.7025 -101.493 149.863 
v 25.269 -101.294 149.863 
v 16.7025 -101.294 149.863 
v 25.269 -101.294 290.952 
v 16.7025 -101.294 290.952 
v 16.7025 -101.294 149.863 
v 25.269 -101.294 149.863 
v 16.7025 -101.493 149.863 
v 25.269 -101.493 149.863 
v 25.269 -101.294 149.863 
v 25.269 -101.294 290.952 
v 25.269 -101.493 149.863 
v 25.269 -101.493 290.952 
v 25.269 -101.493 290.952 
v 16.7025 -101.493 290.952 
v 25.269 -101.493 149.863 
v 16.7025 -101.493 149.863 
v 25.269 -101.294 290.952 
v 16.7025 -101.294 290.952 
v 25.269 -101.493 290.952 
v 16.7025 -101.493 290.952 

vn -1 0 0 
vn -1 0 0 
vn -1 0 0 
vn -1 0 0 
vn 0 1 0 
vn 0 1 0 
vn 0 1 0 
vn 0 1 0 
vn 0 0 -1 
vn 0 0 -1 
vn 0 0 -1 
vn 0 0 -1 
vn 1 0 0 
vn 1 0 0 
vn 1 0 0 
vn 1 0 0 
vn 0 -1 0 
vn 0 -1 0 
vn 0 -1 0 
vn 0 -1 0 
vn 0 0 1 
vn 0 0 1 
vn 0 0 1 
vn 0 0 1 

vt 15.1462 5.91254 
vt 1.03718 5.91254 
vt 15.1462 5.89264 
vt 1.03718 5.89264 
vt 1.89383 5.91254 
vt 1.03718 5.91254 
vt 1.89383 -8.19644 
vt 1.03718 -8.19644 
vt 1.89383 5.91254 
vt 1.03718 5.91254 
vt 1.89383 5.89264 
vt 1.03718 5.89264 
vt 15.1462 5.91254 
vt 1.03718 5.91254 
vt 15.1462 5.89264 
vt 1.03718 5.89264 
vt 1.89383 5.91254 
vt 1.03718 5.91254 
vt 1.89383 -8.19644 
vt 1.03718 -8.19644 
vt 1.89383 5.91254 
vt 1.03718 5.91254 
vt 1.89383 5.89264 
vt 1.03718 5.89264 

usemtl Part11Mtl

f 5521/5521/5521 5522/5522/5522 5523/5523/5523 
f 5523/5523/5523 5522/5522/5522 5524/5524/5524 
f 5525/5525/5525 5526/5526/5526 5527/5527/5527 
f 5527/5527/5527 5526/5526/5526 5528/5528/5528 
f 5529/5529/5529 5530/5530/5530 5531/5531/5531 
f 5531/5531/5531 5530/5530/5530 5532/5532/5532 
f 5533/5533/5533 5534/5534/5534 5535/5535/5535 
f 5535/5535/5535 5534/5534/5534 5536/5536/5536 
f 5537/5537/5537 5538/5538/5538 5539/5539/5539 
f 5539/5539/5539 5538/5538/5538 5540/5540/5540 
f 5541/5541/5541 5542/5542/5542 5543/5543/5543 
f 5543/5543/5543 5542/5542/5542 5544/5544/5544 

g Part232

v 66.0095 -36.5 52.9458 
v 66.0095 -36.5 286.054 
v 66.0095 -41.444 52.9458 
v 66.0095 -41.444 286.054 
v -54.0095 -36.5 286.054 
v 66.0095 -36.5 286.054 
v -54.0095 -36.5 52.9458 
v 66.0095 -36.5 52.9458 
v 66.0095 -36.5 286.054 
v -54.0095 -36.5 286.054 
v 66.0095 -41.444 286.054 
v -54.0095 -41.444 286.054 
v -54.0095 -36.5 286.054 
v -54.0095 -36.5 52.9458 
v -54.0095 -41.444 286.054 
v -54.0095 -41.444 52.9458 
v -54.0095 -41.444 52.9458 
v 66.0095 -41.444 52.9458 
v -54.0095 -41.444 286.054 
v 66.0095 -41.444 286.054 
v -54.0095 -36.5 52.9458 
v 66.0095 -36.5 52.9458 
v -54.0095 -41.444 52.9458 
v 66.0095 -41.444 52.9458 

vn 1 0 0 
vn 1 0 0 
vn 1 0 0 
vn 1 0 0 
vn 0 1 0 
vn 0 1 0 
vn 0 1 0 
vn 0 1 0 
vn 0 0 1 
vn 0 0 1 
vn 0 0 1 
vn 0 0 1 
vn -1 0 0 
vn -1 0 0 
vn -1 0 0 
vn -1 0 0 
vn 0 -1 0 
vn 0 -1 0 
vn 0 -1 0 
vn 0 -1 0 
vn 0 0 -1 
vn 0 0 -1 
vn 0 0 -1 
vn 0 0 -1 

vt 35.7733 -13.9049 
vt 12.4625 -13.9049 
vt 35.7733 -14.3993 
vt 12.4625 -14.3993 
vt 24.4644 -13.9049 
vt 12.4625 -13.9049 
vt 24.4644 -37.2157 
vt 12.4625 -37.2157 
vt 24.4644 -13.9049 
vt 12.4625 -13.9049 
vt 24.4644 -14.3993 
vt 12.4625 -14.3993 
vt 35.7733 -13.9049 
vt 12.4625 -13.9049 
vt 35.7733 -14.3993 
vt 12.4625 -14.3993 
vt 24.4644 -13.9049 
vt 12.4625 -13.9049 
vt 24.4644 -37.2157 
vt 12.4625 -37.2157 
vt 24.4644 -13.9049 
vt 12.4625 -13.9049 
vt 24.4644 -14.3993 
vt 12.4625 -14.3993 

usemtl Part23Mtl

f 5545/5545/5545 5546/5546/5546 5547/5547/5547 
f 5547/5547/5547 5546/5546/5546 5548/5548/5548 
f 5549/5549/5549 5550/5550/5550 5551/5551/5551 
f 5551/5551/5551 5550/5550/5550 5552/5552/5552 
f 5553/5553/5553 5554/5554/5554 5555/5555/5555 
f 5555/5555/5555 5554/5554/5554 5556/5556/5556 
f 5557/5557/5557 5558/5558/5558 5559/5559/5559 
f 5559/5559/5559 5558/5558/5558 5560/5560/5560 
f 5561/5561/5561 5562/5562/5562 5563/5563/5563 
f 5563/5563/5563 5562/5562/5562 5564/5564/5564 
f 5565/5565/5565 5566/5566/5566 5567/5567/5567 
f 5567/5567/5567 5566/5566/5566 5568/5568/5568 

g Part233

v -14.9905 -70.5 121.071 
v -14.9905 -70.5 136.799 
v -14.9905 -102.444 121.071 
v -14.9905 -102.444 136.799 
v -17.0095 -70.5 136.799 
v -14.9905 -70.5 136.799 
v -17.0095 -70.5 121.071 
v -14.9905 -70.5 121.071 
v -14.9905 -70.5 136.799 
v -17.0095 -70.5 136.799 
v -14.9905 -102.444 136.799 
v -17.0095 -102.444 136.799 
v -17.0095 -70.5 136.799 
v -17.0095 -70.5 121.071 
v -17.0095 -102.444 136.799 
v -17.0095 -102.444 121.071 
v -17.0095 -102.444 121.071 
v -14.9905 -102.444 121.071 
v -17.0095 -102.444 136.799 
v -14.9905 -102.444 136.799 
v -17.0095 -70.5 121.071 
v -14.9905 -70.5 121.071 
v -17.0095 -102.444 121.071 
v -14.9905 -102.444 121.071 

vn 1 0 0 
vn 1 0 0 
vn 1 0 0 
vn 1 0 0 
vn 0 1 0 
vn 0 1 0 
vn 0 1 0 
vn 0 1 0 
vn 0 0 1 
vn 0 0 1 
vn 0 0 1 
vn 0 0 1 
vn -1 0 0 
vn -1 0 0 
vn -1 0 0 
vn -1 0 0 
vn 0 -1 0 
vn 0 -1 0 
vn 0 -1 0 
vn 0 -1 0 
vn 0 0 -1 
vn 0 0 -1 
vn 0 0 -1 
vn 0 0 -1 

vt 0.458159 1.37801 
vt -1.11469 1.37801 
vt 0.458159 -1.81639 
vt -1.11469 -1.81639 
vt -0.912795 1.37801 
vt -1.11469 1.37801 
vt -0.912795 -0.194834 
vt -1.11469 -0.194834 
vt -0.912795 1.37801 
vt -1.11469 1.37801 
vt -0.912795 -1.81639 
vt -1.11469 -1.81639 
vt 0.458159 1.37801 
vt -1.11469 1.37801 
vt 0.458159 -1.81639 
vt -1.11469 -1.81639 
vt -0.912795 1.37801 
vt -1.11469 1.37801 
vt -0.912795 -0.194834 
vt -1.11469 -0.194834 
vt -0.912795 1.37801 
vt -1.11469 1.37801 
vt -0.912795 -1.81639 
vt -1.11469 -1.81639 

usemtl Part204Mtl

f 5569/5569/5569 5570/5570/5570 5571/5571/5571 
f 5571/5571/5571 5570/5570/5570 5572/5572/5572 
f 5573/5573/5573 5574/5574/5574 5575/5575/5575 
f 5575/5575/5575 5574/5574/5574 5576/5576/5576 
f 5577/5577/5577 5578/5578/5578 5579/5579/5579 
f 5579/5579/5579 5578/5578/5578 5580/5580/5580 
f 5581/5581/5581 5582/5582/5582 5583/5583/5583 
f 5583/5583/5583 5582/5582/5582 5584/5584/5584 
f 5585/5585/5585 5586/5586/5586 5587/5587/5587 
f 5587/5587/5587 5586/5586/5586 5588/5588/5588 
f 5589/5589/5589 5590/5590/5590 5591/5591/5591 
f 5591/5591/5591 5590/5590/5590 5592/5592/5592 

g Part234

v -14.9905 -70.5 121.071 
v -14.9905 -70.5 123.299 
v -14.9905 -102.444 121.071 
v -14.9905 -102.444 123.299 
v -44.0095 -70.5 123.299 
v -14.9905 -70.5 123.299 
v -44.0095 -70.5 121.071 
v -14.9905 -70.5 121.071 
v -14.9905 -70.5 123.299 
v -44.0095 -70.5 123.299 
v -14.9905 -102.444 123.299 
v -44.0095 -102.444 123.299 
v -44.0095 -70.5 123.299 
v -44.0095 -70.5 121.071 
v -44.0095 -102.444 123.299 
v -44.0095 -102.444 121.071 
v -44.0095 -102.444 121.071 
v -14.9905 -102.444 121.071 
v -44.0095 -102.444 123.299 
v -14.9905 -102.444 123.299 
v -44.0095 -70.5 121.071 
v -14.9905 -70.5 121.071 
v -44.0095 -102.444 121.071 
v -14.9905 -102.444 121.071 

vn 1 0 0 
vn 1 0 0 
vn 1 0 0 
vn 1 0 0 
vn 0 1 0 
vn 0 1 0 
vn 0 1 0 
vn 0 1 0 
vn 0 0 1 
vn 0 0 1 
vn 0 0 1 
vn 0 0 1 
vn -1 0 0 
vn -1 0 0 
vn -1 0 0 
vn -1 0 0 
vn 0 -1 0 
vn 0 -1 0 
vn 0 -1 0 
vn 0 -1 0 
vn 0 0 -1 
vn 0 0 -1 
vn 0 0 -1 
vn 0 0 -1 

vt 2.76119 -1.0684 
vt 2.53835 -1.0684 
vt 2.76119 -4.2628 
vt 2.53835 -4.2628 
vt 5.44024 -1.0684 
vt 2.53835 -1.0684 
vt 5.44024 -1.29125 
vt 2.53835 -1.29125 
vt 5.44024 -1.0684 
vt 2.53835 -1.0684 
vt 5.44024 -4.2628 
vt 2.53835 -4.2628 
vt 2.76119 -1.0684 
vt 2.53835 -1.0684 
vt 2.76119 -4.2628 
vt 2.53835 -4.2628 
vt 5.44024 -1.0684 
vt 2.53835 -1.0684 
vt 5.44024 -1.29125 
vt 2.53835 -1.29125 
vt 5.44024 -1.0684 
vt 2.53835 -1.0684 
vt 5.44024 -4.2628 
vt 2.53835 -4.2628 

usemtl Part204Mtl

f 5593/5593/5593 5594/5594/5594 5595/5595/5595 
f 5595/5595/5595 5594/5594/5594 5596/5596/5596 
f 5597/5597/5597 5598/5598/5598 5599/5599/5599 
f 5599/5599/5599 5598/5598/5598 5600/5600/5600 
f 5601/5601/5601 5602/5602/5602 5603/5603/5603 
f 5603/5603/5603 5602/5602/5602 5604/5604/5604 
f 5605/5605/5605 5606/5606/5606 5607/5607/5607 
f 5607/5607/5607 5606/5606/5606 5608/5608/5608 
f 5609/5609/5609 5610/5610/5610 5611/5611/5611 
f 5611/5611/5611 5610/5610/5610 5612/5612/5612 
f 5613/5613/5613 5614/5614/5614 5615/5615/5615 
f 5615/5615/5615 5614/5614/5614 5616/5616/5616 

g Part235

v -14.9905 -70.5 157.071 
v -14.9905 -70.5 159.299 
v -14.9905 -102.444 157.071 
v -14.9905 -102.444 159.299 
v -44.0095 -70.5 159.299 
v -14.9905 -70.5 159.299 
v -44.0095 -70.5 157.071 
v -14.9905 -70.5 157.071 
v -14.9905 -70.5 159.299 
v -44.0095 -70.5 159.299 
v -14.9905 -102.444 159.299 
v -44.0095 -102.444 159.299 
v -44.0095 -70.5 159.299 
v -44.0095 -70.5 157.071 
v -44.0095 -102.444 159.299 
v -44.0095 -102.444 157.071 
v -44.0095 -102.444 157.071 
v -14.9905 -102.444 157.071 
v -44.0095 -102.444 159.299 
v -14.9905 -102.444 159.299 
v -44.0095 -70.5 157.071 
v -14.9905 -70.5 157.071 
v -44.0095 -102.444 157.071 
v -14.9905 -102.444 157.071 

vn 1 0 0 
vn 1 0 0 
vn 1 0 0 
vn 1 0 0 
vn 0 1 0 
vn 0 1 0 
vn 0 1 0 
vn 0 1 0 
vn 0 0 1 
vn 0 0 1 
vn 0 0 1 
vn 0 0 1 
vn -1 0 0 
vn -1 0 0 
vn -1 0 0 
vn -1 0 0 
vn 0 -1 0 
vn 0 -1 0 
vn 0 -1 0 
vn 0 -1 0 
vn 0 0 -1 
vn 0 0 -1 
vn 0 0 -1 
vn 0 0 -1 

vt -0.0617239 1.09563 
vt -0.28457 1.09563 
vt -0.0617239 -2.09877 
vt -0.28457 -2.09877 
vt 2.61732 1.09563 
vt -0.28457 1.09563 
vt 2.61732 0.872782 
vt -0.28457 0.872782 
vt 2.61732 1.09563 
vt -0.28457 1.09563 
vt 2.61732 -2.09877 
vt -0.28457 -2.09877 
vt -0.0617239 1.09563 
vt -0.28457 1.09563 
vt -0.0617239 -2.09877 
vt -0.28457 -2.09877 
vt 2.61732 1.09563 
vt -0.28457 1.09563 
vt 2.61732 0.872782 
vt -0.28457 0.872782 
vt 2.61732 1.09563 
vt -0.28457 1.09563 
vt 2.61732 -2.09877 
vt -0.28457 -2.09877 

usemtl Part204Mtl

f 5617/5617/5617 5618/5618/5618 5619/5619/5619 
f 5619/5619/5619 5618/5618/5618 5620/5620/5620 
f 5621/5621/5621 5622/5622/5622 5623/5623/5623 
f 5623/5623/5623 5622/5622/5622 5624/5624/5624 
f 5625/5625/5625 5626/5626/5626 5627/5627/5627 
f 5627/5627/5627 5626/5626/5626 5628/5628/5628 
f 5629/5629/5629 5630/5630/5630 5631/5631/5631 
f 5631/5631/5631 5630/5630/5630 5632/5632/5632 
f 5633/5633/5633 5634/5634/5634 5635/5635/5635 
f 5635/5635/5635 5634/5634/5634 5636/5636/5636 
f 5637/5637/5637 5638/5638/5638 5639/5639/5639 
f 5639/5639/5639 5638/5638/5638 5640/5640/5640 

g Part236

v -13.9905 -69.5 120.071 
v -13.9905 -69.5 123.299 
v -13.9905 -102.444 120.071 
v -13.9905 -102.444 123.299 
v -17.0095 -69.5 123.299 
v -13.9905 -69.5 123.299 
v -17.0095 -69.5 120.071 
v -13.9905 -69.5 120.071 
v -13.9905 -69.5 123.299 
v -17.0095 -69.5 123.299 
v -13.9905 -102.444 123.299 
v -17.0095 -102.444 123.299 
v -17.0095 -69.5 123.299 
v -17.0095 -69.5 120.071 
v -17.0095 -102.444 123.299 
v -17.0095 -102.444 120.071 
v -17.0095 -102.444 120.071 
v -13.9905 -102.444 120.071 
v -17.0095 -102.444 123.299 
v -13.9905 -102.444 123.299 
v -17.0095 -69.5 120.071 
v -13.9905 -69.5 120.071 
v -17.0095 -102.444 120.071 
v -13.9905 -102.444 120.071 

vn 1 0 0 
vn 1 0 0 
vn 1 0 0 
vn 1 0 0 
vn 0 1 0 
vn 0 1 0 
vn 0 1 0 
vn 0 1 0 
vn 0 0 1 
vn 0 0 1 
vn 0 0 1 
vn 0 0 1 
vn -1 0 0 
vn -1 0 0 
vn -1 0 0 
vn -1 0 0 
vn 0 -1 0 
vn 0 -1 0 
vn 0 -1 0 
vn 0 -1 0 
vn 0 0 -1 
vn 0 0 -1 
vn 0 0 -1 
vn 0 0 -1 

vt 1.10597 -0.166222 
vt 0.783122 -0.166222 
vt 1.10597 -3.46062 
vt 0.783122 -3.46062 
vt 1.08501 -0.166222 
vt 0.783122 -0.166222 
vt 1.08501 -0.489068 
vt 0.783122 -0.489068 
vt 1.08501 -0.166222 
vt 0.783122 -0.166222 
vt 1.08501 -3.46062 
vt 0.783122 -3.46062 
vt 1.10597 -0.166222 
vt 0.783122 -0.166222 
vt 1.10597 -3.46062 
vt 0.783122 -3.46062 
vt 1.08501 -0.166222 
vt 0.783122 -0.166222 
vt 1.08501 -0.489068 
vt 0.783122 -0.489068 
vt 1.08501 -0.166222 
vt 0.783122 -0.166222 
vt 1.08501 -3.46062 
vt 0.783122 -3.46062 

usemtl Part204Mtl

f 5641/5641/5641 5642/5642/5642 5643/5643/5643 
f 5643/5643/5643 5642/5642/5642 5644/5644/5644 
f 5645/5645/5645 5646/5646/5646 5647/5647/5647 
f 5647/5647/5647 5646/5646/5646 5648/5648/5648 
f 5649/5649/5649 5650/5650/5650 5651/5651/5651 
f 5651/5651/5651 5650/5650/5650 5652/5652/5652 
f 5653/5653/5653 5654/5654/5654 5655/5655/5655 
f 5655/5655/5655 5654/5654/5654 5656/5656/5656 
f 5657/5657/5657 5658/5658/5658 5659/5659/5659 
f 5659/5659/5659 5658/5658/5658 5660/5660/5660 
f 5661/5661/5661 5662/5662/5662 5663/5663/5663 
f 5663/5663/5663 5662/5662/5662 5664/5664/5664 

g Part237

v -13.9905 -69.5 157.071 
v -13.9905 -69.5 160.299 
v -13.9905 -102.444 157.071 
v -13.9905 -102.444 160.299 
v -17.0095 -69.5 160.299 
v -13.9905 -69.5 160.299 
v -17.0095 -69.5 157.071 
v -13.9905 -69.5 157.071 
v -13.9905 -69.5 160.299 
v -17.0095 -69.5 160.299 
v -13.9905 -102.444 160.299 
v -17.0095 -102.444 160.299 
v -17.0095 -69.5 160.299 
v -17.0095 -69.5 157.071 
v -17.0095 -102.444 160.299 
v -17.0095 -102.444 157.071 
v -17.0095 -102.444 157.071 
v -13.9905 -102.444 157.071 
v -17.0095 -102.444 160.299 
v -13.9905 -102.444 160.299 
v -17.0095 -69.5 157.071 
v -13.9905 -69.5 157.071 
v -17.0095 -102.444 157.071 
v -13.9905 -102.444 157.071 

vn 1 0 0 
vn 1 0 0 
vn 1 0 0 
vn 1 0 0 
vn 0 1 0 
vn 0 1 0 
vn 0 1 0 
vn 0 1 0 
vn 0 0 1 
vn 0 0 1 
vn 0 0 1 
vn 0 0 1 
vn -1 0 0 
vn -1 0 0 
vn -1 0 0 
vn -1 0 0 
vn 0 -1 0 
vn 0 -1 0 
vn 0 -1 0 
vn 0 -1 0 
vn 0 0 -1 
vn 0 0 -1 
vn 0 0 -1 
vn 0 0 -1 

vt 1.48907 0.800038 
vt 1.16622 0.800038 
vt 1.48907 -2.49436 
vt 1.16622 -2.49436 
vt 1.46811 0.800038 
vt 1.16622 0.800038 
vt 1.46811 0.477192 
vt 1.16622 0.477192 
vt 1.46811 0.800038 
vt 1.16622 0.800038 
vt 1.46811 -2.49436 
vt 1.16622 -2.49436 
vt 1.48907 0.800038 
vt 1.16622 0.800038 
vt 1.48907 -2.49436 
vt 1.16622 -2.49436 
vt 1.46811 0.800038 
vt 1.16622 0.800038 
vt 1.46811 0.477192 
vt 1.16622 0.477192 
vt 1.46811 0.800038 
vt 1.16622 0.800038 
vt 1.46811 -2.49436 
vt 1.16622 -2.49436 

usemtl Part204Mtl

f 5665/5665/5665 5666/5666/5666 5667/5667/5667 
f 5667/5667/5667 5666/5666/5666 5668/5668/5668 
f 5669/5669/5669 5670/5670/5670 5671/5671/5671 
f 5671/5671/5671 5670/5670/5670 5672/5672/5672 
f 5673/5673/5673 5674/5674/5674 5675/5675/5675 
f 5675/5675/5675 5674/5674/5674 5676/5676/5676 
f 5677/5677/5677 5678/5678/5678 5679/5679/5679 
f 5679/5679/5679 5678/5678/5678 5680/5680/5680 
f 5681/5681/5681 5682/5682/5682 5683/5683/5683 
f 5683/5683/5683 5682/5682/5682 5684/5684/5684 
f 5685/5685/5685 5686/5686/5686 5687/5687/5687 
f 5687/5687/5687 5686/5686/5686 5688/5688/5688 

g Part238

v -38.9905 -69.5 156.071 
v -38.9905 -69.5 160.299 
v -38.9905 -102.444 156.071 
v -38.9905 -102.444 160.299 
v -43.0095 -69.5 160.299 
v -38.9905 -69.5 160.299 
v -43.0095 -69.5 156.071 
v -38.9905 -69.5 156.071 
v -38.9905 -69.5 160.299 
v -43.0095 -69.5 160.299 
v -38.9905 -102.444 160.299 
v -43.0095 -102.444 160.299 
v -43.0095 -69.5 160.299 
v -43.0095 -69.5 156.071 
v -43.0095 -102.444 160.299 
v -43.0095 -102.444 156.071 
v -43.0095 -102.444 156.071 
v -38.9905 -102.444 156.071 
v -43.0095 -102.444 160.299 
v -38.9905 -102.444 160.299 
v -43.0095 -69.5 156.071 
v -38.9905 -69.5 156.071 
v -43.0095 -102.444 156.071 
v -38.9905 -102.444 156.071 

vn 1 0 0 
vn 1 0 0 
vn 1 0 0 
vn 1 0 0 
vn 0 1 0 
vn 0 1 0 
vn 0 1 0 
vn 0 1 0 
vn 0 0 1 
vn 0 0 1 
vn 0 0 1 
vn 0 0 1 
vn -1 0 0 
vn -1 0 0 
vn -1 0 0 
vn -1 0 0 
vn 0 -1 0 
vn 0 -1 0 
vn 0 -1 0 
vn 0 -1 0 
vn 0 0 -1 
vn 0 0 -1 
vn 0 0 -1 
vn 0 0 -1 

vt -0.122841 -0.345574 
vt -0.545687 -0.345574 
vt -0.122841 -3.63997 
vt -0.545687 -3.63997 
vt -0.143795 -0.345574 
vt -0.545687 -0.345574 
vt -0.143795 -0.76842 
vt -0.545687 -0.76842 
vt -0.143795 -0.345574 
vt -0.545687 -0.345574 
vt -0.143795 -3.63997 
vt -0.545687 -3.63997 
vt -0.122841 -0.345574 
vt -0.545687 -0.345574 
vt -0.122841 -3.63997 
vt -0.545687 -3.63997 
vt -0.143795 -0.345574 
vt -0.545687 -0.345574 
vt -0.143795 -0.76842 
vt -0.545687 -0.76842 
vt -0.143795 -0.345574 
vt -0.545687 -0.345574 
vt -0.143795 -3.63997 
vt -0.545687 -3.63997 

usemtl Part204Mtl

f 5689/5689/5689 5690/5690/5690 5691/5691/5691 
f 5691/5691/5691 5690/5690/5690 5692/5692/5692 
f 5693/5693/5693 5694/5694/5694 5695/5695/5695 
f 5695/5695/5695 5694/5694/5694 5696/5696/5696 
f 5697/5697/5697 5698/5698/5698 5699/5699/5699 
f 5699/5699/5699 5698/5698/5698 5700/5700/5700 
f 5701/5701/5701 5702/5702/5702 5703/5703/5703 
f 5703/5703/5703 5702/5702/5702 5704/5704/5704 
f 5705/5705/5705 5706/5706/5706 5707/5707/5707 
f 5707/5707/5707 5706/5706/5706 5708/5708/5708 
f 5709/5709/5709 5710/5710/5710 5711/5711/5711 
f 5711/5711/5711 5710/5710/5710 5712/5712/5712 

g Part239

v -38.9905 -69.5 120.071 
v -38.9905 -69.5 124.299 
v -38.9905 -102.444 120.071 
v -38.9905 -102.444 124.299 
v -43.0095 -69.5 124.299 
v -38.9905 -69.5 124.299 
v -43.0095 -69.5 120.071 
v -38.9905 -69.5 120.071 
v -38.9905 -69.5 124.299 
v -43.0095 -69.5 124.299 
v -38.9905 -102.444 124.299 
v -43.0095 -102.444 124.299 
v -43.0095 -69.5 124.299 
v -43.0095 -69.5 120.071 
v -43.0095 -102.444 124.299 
v -43.0095 -102.444 120.071 
v -43.0095 -102.444 120.071 
v -38.9905 -102.444 120.071 
v -43.0095 -102.444 124.299 
v -38.9905 -102.444 124.299 
v -43.0095 -69.5 120.071 
v -38.9905 -69.5 120.071 
v -43.0095 -102.444 120.071 
v -38.9905 -102.444 120.071 

vn 1 0 0 
vn 1 0 0 
vn 1 0 0 
vn 1 0 0 
vn 0 1 0 
vn 0 1 0 
vn 0 1 0 
vn 0 1 0 
vn 0 0 1 
vn 0 0 1 
vn 0 0 1 
vn 0 0 1 
vn -1 0 0 
vn -1 0 0 
vn -1 0 0 
vn -1 0 0 
vn 0 -1 0 
vn 0 -1 0 
vn 0 -1 0 
vn 0 -1 0 
vn 0 0 -1 
vn 0 0 -1 
vn 0 0 -1 
vn 0 0 -1 

vt 1.76338 1.51004 
vt 1.34054 1.51004 
vt 1.76338 -1.78436 
vt 1.34054 -1.78436 
vt 1.74243 1.51004 
vt 1.34054 1.51004 
vt 1.74243 1.08719 
vt 1.34054 1.08719 
vt 1.74243 1.51004 
vt 1.34054 1.51004 
vt 1.74243 -1.78436 
vt 1.34054 -1.78436 
vt 1.76338 1.51004 
vt 1.34054 1.51004 
vt 1.76338 -1.78436 
vt 1.34054 -1.78436 
vt 1.74243 1.51004 
vt 1.34054 1.51004 
vt 1.74243 1.08719 
vt 1.34054 1.08719 
vt 1.74243 1.51004 
vt 1.34054 1.51004 
vt 1.74243 -1.78436 
vt 1.34054 -1.78436 

usemtl Part204Mtl

f 5713/5713/5713 5714/5714/5714 5715/5715/5715 
f 5715/5715/5715 5714/5714/5714 5716/5716/5716 
f 5717/5717/5717 5718/5718/5718 5719/5719/5719 
f 5719/5719/5719 5718/5718/5718 5720/5720/5720 
f 5721/5721/5721 5722/5722/5722 5723/5723/5723 
f 5723/5723/5723 5722/5722/5722 5724/5724/5724 
f 5725/5725/5725 5726/5726/5726 5727/5727/5727 
f 5727/5727/5727 5726/5726/5726 5728/5728/5728 
f 5729/5729/5729 5730/5730/5730 5731/5731/5731 
f 5731/5731/5731 5730/5730/5730 5732/5732/5732 
f 5733/5733/5733 5734/5734/5734 5735/5735/5735 
f 5735/5735/5735 5734/5734/5734 5736/5736/5736 

g Part240

v -41.8655 -70.5 121.071 
v -41.8655 -70.5 159.299 
v -41.8655 -102.444 121.071 
v -41.8655 -102.444 159.299 
v -44.0095 -70.5 159.299 
v -41.8655 -70.5 159.299 
v -44.0095 -70.5 121.071 
v -41.8655 -70.5 121.071 
v -41.8655 -70.5 159.299 
v -44.0095 -70.5 159.299 
v -41.8655 -102.444 159.299 
v -44.0095 -102.444 159.299 
v -44.0095 -70.5 159.299 
v -44.0095 -70.5 121.071 
v -44.0095 -102.444 159.299 
v -44.0095 -102.444 121.071 
v -44.0095 -102.444 121.071 
v -41.8655 -102.444 121.071 
v -44.0095 -102.444 159.299 
v -41.8655 -102.444 159.299 
v -44.0095 -70.5 121.071 
v -41.8655 -70.5 121.071 
v -44.0095 -102.444 121.071 
v -41.8655 -102.444 121.071 

vn 1 0 0 
vn 1 0 0 
vn 1 0 0 
vn 1 0 0 
vn 0 1 0 
vn 0 1 0 
vn 0 1 0 
vn 0 1 0 
vn 0 0 1 
vn 0 0 1 
vn 0 0 1 
vn 0 0 1 
vn -1 0 0 
vn -1 0 0 
vn -1 0 0 
vn -1 0 0 
vn 0 -1 0 
vn 0 -1 0 
vn 0 -1 0 
vn 0 -1 0 
vn 0 0 -1 
vn 0 0 -1 
vn 0 0 -1 
vn 0 0 -1 

vt 1.87372 0.499484 
vt -1.94912 0.499484 
vt 1.87372 -2.69492 
vt -1.94912 -2.69492 
vt -1.73473 0.499484 
vt -1.94912 0.499484 
vt -1.73473 -3.32336 
vt -1.94912 -3.32336 
vt -1.73473 0.499484 
vt -1.94912 0.499484 
vt -1.73473 -2.69492 
vt -1.94912 -2.69492 
vt 1.87372 0.499484 
vt -1.94912 0.499484 
vt 1.87372 -2.69492 
vt -1.94912 -2.69492 
vt -1.73473 0.499484 
vt -1.94912 0.499484 
vt -1.73473 -3.32336 
vt -1.94912 -3.32336 
vt -1.73473 0.499484 
vt -1.94912 0.499484 
vt -1.73473 -2.69492 
vt -1.94912 -2.69492 

usemtl Part204Mtl

f 5737/5737/5737 5738/5738/5738 5739/5739/5739 
f 5739/5739/5739 5738/5738/5738 5740/5740/5740 
f 5741/5741/5741 5742/5742/5742 5743/5743/5743 
f 5743/5743/5743 5742/5742/5742 5744/5744/5744 
f 5745/5745/5745 5746/5746/5746 5747/5747/5747 
f 5747/5747/5747 5746/5746/5746 5748/5748/5748 
f 5749/5749/5749 5750/5750/5750 5751/5751/5751 
f 5751/5751/5751 5750/5750/5750 5752/5752/5752 
f 5753/5753/5753 5754/5754/5754 5755/5755/5755 
f 5755/5755/5755 5754/5754/5754 5756/5756/5756 
f 5757/5757/5757 5758/5758/5758 5759/5759/5759 
f 5759/5759/5759 5758/5758/5758 5760/5760/5760 

g Part241

v -14.4905 -84.472 120.571 
v -14.4905 -84.472 135.799 
v -14.4905 -87.472 120.571 
v -14.4905 -87.472 135.799 
v -42.0095 -84.472 135.799 
v -14.4905 -84.472 135.799 
v -42.0095 -84.472 120.571 
v -14.4905 -84.472 120.571 
v -14.4905 -84.472 135.799 
v -42.0095 -84.472 135.799 
v -14.4905 -87.472 135.799 
v -42.0095 -87.472 135.799 
v -42.0095 -84.472 135.799 
v -42.0095 -84.472 120.571 
v -42.0095 -87.472 135.799 
v -42.0095 -87.472 120.571 
v -42.0095 -87.472 120.571 
v -14.4905 -87.472 120.571 
v -42.0095 -87.472 135.799 
v -14.4905 -87.472 135.799 
v -42.0095 -84.472 120.571 
v -14.4905 -84.472 120.571 
v -42.0095 -87.472 120.571 
v -14.4905 -87.472 120.571 

vn 1 0 0 
vn 1 0 0 
vn 1 0 0 
vn 1 0 0 
vn 0 1 0 
vn 0 1 0 
vn 0 1 0 
vn 0 1 0 
vn 0 0 1 
vn 0 0 1 
vn 0 0 1 
vn 0 0 1 
vn -1 0 0 
vn -1 0 0 
vn -1 0 0 
vn -1 0 0 
vn 0 -1 0 
vn 0 -1 0 
vn 0 -1 0 
vn 0 -1 0 
vn 0 0 -1 
vn 0 0 -1 
vn 0 0 -1 
vn 0 0 -1 

vt 2.20425 -0.338083 
vt 0.681407 -0.338083 
vt 2.20425 -0.638083 
vt 0.681407 -0.638083 
vt 3.4333 -0.338083 
vt 0.681407 -0.338083 
vt 3.4333 -1.86093 
vt 0.681407 -1.86093 
vt 3.4333 -0.338083 
vt 0.681407 -0.338083 
vt 3.4333 -0.638083 
vt 0.681407 -0.638083 
vt 2.20425 -0.338083 
vt 0.681407 -0.338083 
vt 2.20425 -0.638083 
vt 0.681407 -0.638083 
vt 3.4333 -0.338083 
vt 0.681407 -0.338083 
vt 3.4333 -1.86093 
vt 0.681407 -1.86093 
vt 3.4333 -0.338083 
vt 0.681407 -0.338083 
vt 3.4333 -0.638083 
vt 0.681407 -0.638083 

usemtl Part204Mtl

f 5761/5761/5761 5762/5762/5762 5763/5763/5763 
f 5763/5763/5763 5762/5762/5762 5764/5764/5764 
f 5765/5765/5765 5766/5766/5766 5767/5767/5767 
f 5767/5767/5767 5766/5766/5766 5768/5768/5768 
f 5769/5769/5769 5770/5770/5770 5771/5771/5771 
f 5771/5771/5771 5770/5770/5770 5772/5772/5772 
f 5773/5773/5773 5774/5774/5774 5775/5775/5775 
f 5775/5775/5775 5774/5774/5774 5776/5776/5776 
f 5777/5777/5777 5778/5778/5778 5779/5779/5779 
f 5779/5779/5779 5778/5778/5778 5780/5780/5780 
f 5781/5781/5781 5782/5782/5782 5783/5783/5783 
f 5783/5783/5783 5782/5782/5782 5784/5784/5784 

g Part242

v -17.5 -94.472 137.06 
v -17.5 -94.472 136.06 
v -17.5 -102.472 137.06 
v -17.5 -102.472 136.06 
v -14.5 -94.472 136.06 
v -17.5 -94.472 136.06 
v -14.5 -94.472 137.06 
v -17.5 -94.472 137.06 
v -17.5 -94.472 136.06 
v -14.5 -94.472 136.06 
v -17.5 -102.472 136.06 
v -14.5 -102.472 136.06 
v -14.5 -94.472 136.06 
v -14.5 -94.472 137.06 
v -14.5 -102.472 136.06 
v -14.5 -102.472 137.06 
v -14.5 -102.472 137.06 
v -17.5 -102.472 137.06 
v -14.5 -102.472 136.06 
v -17.5 -102.472 136.06 
v -14.5 -94.472 137.06 
v -17.5 -94.472 137.06 
v -14.5 -102.472 137.06 
v -17.5 -102.472 137.06 

vn -1 0 0 
vn -1 0 0 
vn -1 0 0 
vn -1 0 0 
vn 0 1 0 
vn 0 1 0 
vn 0 1 0 
vn 0 1 0 
vn 0 0 -1 
vn 0 0 -1 
vn 0 0 -1 
vn 0 0 -1 
vn 1 0 0 
vn 1 0 0 
vn 1 0 0 
vn 1 0 0 
vn 0 -1 0 
vn 0 -1 0 
vn 0 -1 0 
vn 0 -1 0 
vn 0 0 1 
vn 0 0 1 
vn 0 0 1 
vn 0 0 1 

vt -0.123443 0.69789 
vt -0.323443 0.69789 
vt -0.123443 -0.90211 
vt -0.323443 -0.90211 
vt 0.276557 0.69789 
vt -0.323443 0.69789 
vt 0.276557 0.49789 
vt -0.323443 0.49789 
vt 0.276557 0.69789 
vt -0.323443 0.69789 
vt 0.276557 -0.90211 
vt -0.323443 -0.90211 
vt -0.123443 0.69789 
vt -0.323443 0.69789 
vt -0.123443 -0.90211 
vt -0.323443 -0.90211 
vt 0.276557 0.69789 
vt -0.323443 0.69789 
vt 0.276557 0.49789 
vt -0.323443 0.49789 
vt 0.276557 0.69789 
vt -0.323443 0.69789 
vt 0.276557 -0.90211 
vt -0.323443 -0.90211 

usemtl Part223Mtl

f 5785/5785/5785 5786/5786/5786 5787/5787/5787 
f 5787/5787/5787 5786/5786/5786 5788/5788/5788 
f 5789/5789/5789 5790/5790/5790 5791/5791/5791 
f 5791/5791/5791 5790/5790/5790 5792/5792/5792 
f 5793/5793/5793 5794/5794/5794 5795/5795/5795 
f 5795/5795/5795 5794/5794/5794 5796/5796/5796 
f 5797/5797/5797 5798/5798/5798 5799/5799/5799 
f 5799/5799/5799 5798/5798/5798 5800/5800/5800 
f 5801/5801/5801 5802/5802/5802 5803/5803/5803 
f 5803/5803/5803 5802/5802/5802 5804/5804/5804 
f 5805/5805/5805 5806/5806/5806 5807/5807/5807 
f 5807/5807/5807 5806/5806/5806 5808/5808/5808 

g Part243

v -17.5 -94.472 142.56 
v -17.5 -94.472 141.56 
v -17.5 -102.472 142.56 
v -17.5 -102.472 141.56 
v -14.5 -94.472 141.56 
v -17.5 -94.472 141.56 
v -14.5 -94.472 142.56 
v -17.5 -94.472 142.56 
v -17.5 -94.472 141.56 
v -14.5 -94.472 141.56 
v -17.5 -102.472 141.56 
v -14.5 -102.472 141.56 
v -14.5 -94.472 141.56 
v -14.5 -94.472 142.56 
v -14.5 -102.472 141.56 
v -14.5 -102.472 142.56 
v -14.5 -102.472 142.56 
v -17.5 -102.472 142.56 
v -14.5 -102.472 141.56 
v -17.5 -102.472 141.56 
v -14.5 -94.472 142.56 
v -17.5 -94.472 142.56 
v -14.5 -102.472 142.56 
v -17.5 -102.472 142.56 

vn -1 0 0 
vn -1 0 0 
vn -1 0 0 
vn -1 0 0 
vn 0 1 0 
vn 0 1 0 
vn 0 1 0 
vn 0 1 0 
vn 0 0 -1 
vn 0 0 -1 
vn 0 0 -1 
vn 0 0 -1 
vn 1 0 0 
vn 1 0 0 
vn 1 0 0 
vn 1 0 0 
vn 0 -1 0 
vn 0 -1 0 
vn 0 -1 0 
vn 0 -1 0 
vn 0 0 1 
vn 0 0 1 
vn 0 0 1 
vn 0 0 1 

vt 0.163681 0.538751 
vt -0.0363192 0.538751 
vt 0.163681 -1.06125 
vt -0.0363192 -1.06125 
vt 0.563681 0.538751 
vt -0.0363192 0.538751 
vt 0.563681 0.338751 
vt -0.0363192 0.338751 
vt 0.563681 0.538751 
vt -0.0363192 0.538751 
vt 0.563681 -1.06125 
vt -0.0363192 -1.06125 
vt 0.163681 0.538751 
vt -0.0363192 0.538751 
vt 0.163681 -1.06125 
vt -0.0363192 -1.06125 
vt 0.563681 0.538751 
vt -0.0363192 0.538751 
vt 0.563681 0.338751 
vt -0.0363192 0.338751 
vt 0.563681 0.538751 
vt -0.0363192 0.538751 
vt 0.563681 -1.06125 
vt -0.0363192 -1.06125 

usemtl Part223Mtl

f 5809/5809/5809 5810/5810/5810 5811/5811/5811 
f 5811/5811/5811 5810/5810/5810 5812/5812/5812 
f 5813/5813/5813 5814/5814/5814 5815/5815/5815 
f 5815/5815/5815 5814/5814/5814 5816/5816/5816 
f 5817/5817/5817 5818/5818/5818 5819/5819/5819 
f 5819/5819/5819 5818/5818/5818 5820/5820/5820 
f 5821/5821/5821 5822/5822/5822 5823/5823/5823 
f 5823/5823/5823 5822/5822/5822 5824/5824/5824 
f 5825/5825/5825 5826/5826/5826 5827/5827/5827 
f 5827/5827/5827 5826/5826/5826 5828/5828/5828 
f 5829/5829/5829 5830/5830/5830 5831/5831/5831 
f 5831/5831/5831 5830/5830/5830 5832/5832/5832 

g Part244

v -17.5 -93.472 142.56 
v -17.5 -93.472 136.06 
v -17.5 -94.472 142.56 
v -17.5 -94.472 136.06 
v -14.5 -93.472 136.06 
v -17.5 -93.472 136.06 
v -14.5 -93.472 142.56 
v -17.5 -93.472 142.56 
v -17.5 -93.472 136.06 
v -14.5 -93.472 136.06 
v -17.5 -94.472 136.06 
v -14.5 -94.472 136.06 
v -14.5 -93.472 136.06 
v -14.5 -93.472 142.56 
v -14.5 -94.472 136.06 
v -14.5 -94.472 142.56 
v -14.5 -94.472 142.56 
v -17.5 -94.472 142.56 
v -14.5 -94.472 136.06 
v -17.5 -94.472 136.06 
v -14.5 -93.472 142.56 
v -17.5 -93.472 142.56 
v -14.5 -94.472 142.56 
v -17.5 -94.472 142.56 

vn -1 0 0 
vn -1 0 0 
vn -1 0 0 
vn -1 0 0 
vn 0 1 0 
vn 0 1 0 
vn 0 1 0 
vn 0 1 0 
vn 0 0 -1 
vn 0 0 -1 
vn 0 0 -1 
vn 0 0 -1 
vn 1 0 0 
vn 1 0 0 
vn 1 0 0 
vn 1 0 0 
vn 0 -1 0 
vn 0 -1 0 
vn 0 -1 0 
vn 0 -1 0 
vn 0 0 1 
vn 0 0 1 
vn 0 0 1 
vn 0 0 1 

vt 0.979328 0.565071 
vt -0.320672 0.565071 
vt 0.979328 0.365071 
vt -0.320672 0.365071 
vt 0.279328 0.565071 
vt -0.320672 0.565071 
vt 0.279328 -0.734929 
vt -0.320672 -0.734929 
vt 0.279328 0.565071 
vt -0.320672 0.565071 
vt 0.279328 0.365071 
vt -0.320672 0.365071 
vt 0.979328 0.565071 
vt -0.320672 0.565071 
vt 0.979328 0.365071 
vt -0.320672 0.365071 
vt 0.279328 0.565071 
vt -0.320672 0.565071 
vt 0.279328 -0.734929 
vt -0.320672 -0.734929 
vt 0.279328 0.565071 
vt -0.320672 0.565071 
vt 0.279328 0.365071 
vt -0.320672 0.365071 

usemtl Part223Mtl

f 5833/5833/5833 5834/5834/5834 5835/5835/5835 
f 5835/5835/5835 5834/5834/5834 5836/5836/5836 
f 5837/5837/5837 5838/5838/5838 5839/5839/5839 
f 5839/5839/5839 5838/5838/5838 5840/5840/5840 
f 5841/5841/5841 5842/5842/5842 5843/5843/5843 
f 5843/5843/5843 5842/5842/5842 5844/5844/5844 
f 5845/5845/5845 5846/5846/5846 5847/5847/5847 
f 5847/5847/5847 5846/5846/5846 5848/5848/5848 
f 5849/5849/5849 5850/5850/5850 5851/5851/5851 
f 5851/5851/5851 5850/5850/5850 5852/5852/5852 
f 5853/5853/5853 5854/5854/5854 5855/5855/5855 
f 5855/5855/5855 5854/5854/5854 5856/5856/5856 

g Part245

v -14.9905 -70.5 142.071 
v -14.9905 -70.5 159.299 
v -14.9905 -102.444 142.071 
v -14.9905 -102.444 159.299 
v -17.0095 -70.5 159.299 
v -14.9905 -70.5 159.299 
v -17.0095 -70.5 142.071 
v -14.9905 -70.5 142.071 
v -14.9905 -70.5 159.299 
v -17.0095 -70.5 159.299 
v -14.9905 -102.444 159.299 
v -17.0095 -102.444 159.299 
v -17.0095 -70.5 159.299 
v -17.0095 -70.5 142.071 
v -17.0095 -102.444 159.299 
v -17.0095 -102.444 142.071 
v -17.0095 -102.444 142.071 
v -14.9905 -102.444 142.071 
v -17.0095 -102.444 159.299 
v -14.9905 -102.444 159.299 
v -17.0095 -70.5 142.071 
v -14.9905 -70.5 142.071 
v -17.0095 -102.444 142.071 
v -14.9905 -102.444 142.071 

vn 1 0 0 
vn 1 0 0 
vn 1 0 0 
vn 1 0 0 
vn 0 1 0 
vn 0 1 0 
vn 0 1 0 
vn 0 1 0 
vn 0 0 1 
vn 0 0 1 
vn 0 0 1 
vn 0 0 1 
vn -1 0 0 
vn -1 0 0 
vn -1 0 0 
vn -1 0 0 
vn 0 -1 0 
vn 0 -1 0 
vn 0 -1 0 
vn 0 -1 0 
vn 0 0 -1 
vn 0 0 -1 
vn 0 0 -1 
vn 0 0 -1 

vt 1.08318 -0.665977 
vt -0.639667 -0.665977 
vt 1.08318 -3.86038 
vt -0.639667 -3.86038 
vt -0.437775 -0.665977 
vt -0.639667 -0.665977 
vt -0.437775 -2.38882 
vt -0.639667 -2.38882 
vt -0.437775 -0.665977 
vt -0.639667 -0.665977 
vt -0.437775 -3.86038 
vt -0.639667 -3.86038 
vt 1.08318 -0.665977 
vt -0.639667 -0.665977 
vt 1.08318 -3.86038 
vt -0.639667 -3.86038 
vt -0.437775 -0.665977 
vt -0.639667 -0.665977 
vt -0.437775 -2.38882 
vt -0.639667 -2.38882 
vt -0.437775 -0.665977 
vt -0.639667 -0.665977 
vt -0.437775 -3.86038 
vt -0.639667 -3.86038 

usemtl Part204Mtl

f 5857/5857/5857 5858/5858/5858 5859/5859/5859 
f 5859/5859/5859 5858/5858/5858 5860/5860/5860 
f 5861/5861/5861 5862/5862/5862 5863/5863/5863 
f 5863/5863/5863 5862/5862/5862 5864/5864/5864 
f 5865/5865/5865 5866/5866/5866 5867/5867/5867 
f 5867/5867/5867 5866/5866/5866 5868/5868/5868 
f 5869/5869/5869 5870/5870/5870 5871/5871/5871 
f 5871/5871/5871 5870/5870/5870 5872/5872/5872 
f 5873/5873/5873 5874/5874/5874 5875/5875/5875 
f 5875/5875/5875 5874/5874/5874 5876/5876/5876 
f 5877/5877/5877 5878/5878/5878 5879/5879/5879 
f 5879/5879/5879 5878/5878/5878 5880/5880/5880 

g Part246

v -14.9905 -70.5 136.783 
v -14.9905 -70.5 142.087 
v -14.9905 -93.944 136.783 
v -14.9905 -93.944 142.087 
v -17.0095 -70.5 142.087 
v -14.9905 -70.5 142.087 
v -17.0095 -70.5 136.783 
v -14.9905 -70.5 136.783 
v -14.9905 -70.5 142.087 
v -17.0095 -70.5 142.087 
v -14.9905 -93.944 142.087 
v -17.0095 -93.944 142.087 
v -17.0095 -70.5 142.087 
v -17.0095 -70.5 136.783 
v -17.0095 -93.944 142.087 
v -17.0095 -93.944 136.783 
v -17.0095 -93.944 136.783 
v -14.9905 -93.944 136.783 
v -17.0095 -93.944 142.087 
v -14.9905 -93.944 142.087 
v -17.0095 -70.5 136.783 
v -14.9905 -70.5 136.783 
v -17.0095 -93.944 136.783 
v -14.9905 -93.944 136.783 

vn 1 0 0 
vn 1 0 0 
vn 1 0 0 
vn 1 0 0 
vn 0 1 0 
vn 0 1 0 
vn 0 1 0 
vn 0 1 0 
vn 0 0 1 
vn 0 0 1 
vn 0 0 1 
vn 0 0 1 
vn -1 0 0 
vn -1 0 0 
vn -1 0 0 
vn -1 0 0 
vn 0 -1 0 
vn 0 -1 0 
vn 0 -1 0 
vn 0 -1 0 
vn 0 0 -1 
vn 0 0 -1 
vn 0 0 -1 
vn 0 0 -1 

vt -0.478235 -0.091948 
vt -1.00858 -0.091948 
vt -0.478235 -2.43635 
vt -1.00858 -2.43635 
vt -0.806688 -0.091948 
vt -1.00858 -0.091948 
vt -0.806688 -0.622294 
vt -1.00858 -0.622294 
vt -0.806688 -0.091948 
vt -1.00858 -0.091948 
vt -0.806688 -2.43635 
vt -1.00858 -2.43635 
vt -0.478235 -0.091948 
vt -1.00858 -0.091948 
vt -0.478235 -2.43635 
vt -1.00858 -2.43635 
vt -0.806688 -0.091948 
vt -1.00858 -0.091948 
vt -0.806688 -0.622294 
vt -1.00858 -0.622294 
vt -0.806688 -0.091948 
vt -1.00858 -0.091948 
vt -0.806688 -2.43635 
vt -1.00858 -2.43635 

usemtl Part204Mtl

f 5881/5881/5881 5882/5882/5882 5883/5883/5883 
f 5883/5883/5883 5882/5882/5882 5884/5884/5884 
f 5885/5885/5885 5886/5886/5886 5887/5887/5887 
f 5887/5887/5887 5886/5886/5886 5888/5888/5888 
f 5889/5889/5889 5890/5890/5890 5891/5891/5891 
f 5891/5891/5891 5890/5890/5890 5892/5892/5892 
f 5893/5893/5893 5894/5894/5894 5895/5895/5895 
f 5895/5895/5895 5894/5894/5894 5896/5896/5896 
f 5897/5897/5897 5898/5898/5898 5899/5899/5899 
f 5899/5899/5899 5898/5898/5898 5900/5900/5900 
f 5901/5901/5901 5902/5902/5902 5903/5903/5903 
f 5903/5903/5903 5902/5902/5902 5904/5904/5904 

g Part247

v -14.4905 -84.472 144.571 
v -14.4905 -84.472 159.799 
v -14.4905 -87.472 144.571 
v -14.4905 -87.472 159.799 
v -30.2595 -84.472 159.799 
v -14.4905 -84.472 159.799 
v -30.2595 -84.472 144.571 
v -14.4905 -84.472 144.571 
v -14.4905 -84.472 159.799 
v -30.2595 -84.472 159.799 
v -14.4905 -87.472 159.799 
v -30.2595 -87.472 159.799 
v -30.2595 -84.472 159.799 
v -30.2595 -84.472 144.571 
v -30.2595 -87.472 159.799 
v -30.2595 -87.472 144.571 
v -30.2595 -87.472 144.571 
v -14.4905 -87.472 144.571 
v -30.2595 -87.472 159.799 
v -14.4905 -87.472 159.799 
v -30.2595 -84.472 144.571 
v -14.4905 -84.472 144.571 
v -30.2595 -87.472 144.571 
v -14.4905 -87.472 144.571 

vn 1 0 0 
vn 1 0 0 
vn 1 0 0 
vn 1 0 0 
vn 0 1 0 
vn 0 1 0 
vn 0 1 0 
vn 0 1 0 
vn 0 0 1 
vn 0 0 1 
vn 0 0 1 
vn 0 0 1 
vn -1 0 0 
vn -1 0 0 
vn -1 0 0 
vn -1 0 0 
vn 0 -1 0 
vn 0 -1 0 
vn 0 -1 0 
vn 0 -1 0 
vn 0 0 -1 
vn 0 0 -1 
vn 0 0 -1 
vn 0 0 -1 

vt 2.34106 1.36799 
vt 0.818212 1.36799 
vt 2.34106 1.06799 
vt 0.818212 1.06799 
vt 2.3951 1.36799 
vt 0.818212 1.36799 
vt 2.3951 -0.154851 
vt 0.818212 -0.154851 
vt 2.3951 1.36799 
vt 0.818212 1.36799 
vt 2.3951 1.06799 
vt 0.818212 1.06799 
vt 2.34106 1.36799 
vt 0.818212 1.36799 
vt 2.34106 1.06799 
vt 0.818212 1.06799 
vt 2.3951 1.36799 
vt 0.818212 1.36799 
vt 2.3951 -0.154851 
vt 0.818212 -0.154851 
vt 2.3951 1.36799 
vt 0.818212 1.36799 
vt 2.3951 1.06799 
vt 0.818212 1.06799 

usemtl Part204Mtl

f 5905/5905/5905 5906/5906/5906 5907/5907/5907 
f 5907/5907/5907 5906/5906/5906 5908/5908/5908 
f 5909/5909/5909 5910/5910/5910 5911/5911/5911 
f 5911/5911/5911 5910/5910/5910 5912/5912/5912 
f 5913/5913/5913 5914/5914/5914 5915/5915/5915 
f 5915/5915/5915 5914/5914/5914 5916/5916/5916 
f 5917/5917/5917 5918/5918/5918 5919/5919/5919 
f 5919/5919/5919 5918/5918/5918 5920/5920/5920 
f 5921/5921/5921 5922/5922/5922 5923/5923/5923 
f 5923/5923/5923 5922/5922/5922 5924/5924/5924 
f 5925/5925/5925 5926/5926/5926 5927/5927/5927 
f 5927/5927/5927 5926/5926/5926 5928/5928/5928 

g Part248

v -14.4905 -84.472 135.821 
v -14.4905 -84.472 144.549 
v -14.4905 -87.472 135.821 
v -14.4905 -87.472 144.549 
v -34.1345 -84.472 144.549 
v -14.4905 -84.472 144.549 
v -34.1345 -84.472 135.821 
v -14.4905 -84.472 135.821 
v -14.4905 -84.472 144.549 
v -34.1345 -84.472 144.549 
v -14.4905 -87.472 144.549 
v -34.1345 -87.472 144.549 
v -34.1345 -84.472 144.549 
v -34.1345 -84.472 135.821 
v -34.1345 -87.472 144.549 
v -34.1345 -87.472 135.821 
v -34.1345 -87.472 135.821 
v -14.4905 -87.472 135.821 
v -34.1345 -87.472 144.549 
v -14.4905 -87.472 144.549 
v -34.1345 -84.472 135.821 
v -14.4905 -84.472 135.821 
v -34.1345 -87.472 135.821 
v -14.4905 -87.472 135.821 

vn 1 0 0 
vn 1 0 0 
vn 1 0 0 
vn 1 0 0 
vn 0 1 0 
vn 0 1 0 
vn 0 1 0 
vn 0 1 0 
vn 0 0 1 
vn 0 0 1 
vn 0 0 1 
vn 0 0 1 
vn -1 0 0 
vn -1 0 0 
vn -1 0 0 
vn -1 0 0 
vn 0 -1 0 
vn 0 -1 0 
vn 0 -1 0 
vn 0 -1 0 
vn 0 0 -1 
vn 0 0 -1 
vn 0 0 -1 
vn 0 0 -1 

vt 0.185518 1.84557 
vt -0.687328 1.84557 
vt 0.185518 1.54557 
vt -0.687328 1.54557 
vt 1.27706 1.84557 
vt -0.687328 1.84557 
vt 1.27706 0.972725 
vt -0.687328 0.972725 
vt 1.27706 1.84557 
vt -0.687328 1.84557 
vt 1.27706 1.54557 
vt -0.687328 1.54557 
vt 0.185518 1.84557 
vt -0.687328 1.84557 
vt 0.185518 1.54557 
vt -0.687328 1.54557 
vt 1.27706 1.84557 
vt -0.687328 1.84557 
vt 1.27706 0.972725 
vt -0.687328 0.972725 
vt 1.27706 1.84557 
vt -0.687328 1.84557 
vt 1.27706 1.54557 
vt -0.687328 1.54557 

usemtl Part204Mtl

f 5929/5929/5929 5930/5930/5930 5931/5931/5931 
f 5931/5931/5931 5930/5930/5930 5932/5932/5932 
f 5933/5933/5933 5934/5934/5934 5935/5935/5935 
f 5935/5935/5935 5934/5934/5934 5936/5936/5936 
f 5937/5937/5937 5938/5938/5938 5939/5939/5939 
f 5939/5939/5939 5938/5938/5938 5940/5940/5940 
f 5941/5941/5941 5942/5942/5942 5943/5943/5943 
f 5943/5943/5943 5942/5942/5942 5944/5944/5944 
f 5945/5945/5945 5946/5946/5946 5947/5947/5947 
f 5947/5947/5947 5946/5946/5946 5948/5948/5948 
f 5949/5949/5949 5950/5950/5950 5951/5951/5951 
f 5951/5951/5951 5950/5950/5950 5952/5952/5952 

g Part249

v -15.828 -101.375 121.196 
v -15.828 -101.375 157.279 
v -15.828 -102.319 121.196 
v -15.828 -102.319 157.279 
v -42.0095 -101.375 157.279 
v -15.828 -101.375 157.279 
v -42.0095 -101.375 121.196 
v -15.828 -101.375 121.196 
v -15.828 -101.375 157.279 
v -42.0095 -101.375 157.279 
v -15.828 -102.319 157.279 
v -42.0095 -102.319 157.279 
v -42.0095 -101.375 157.279 
v -42.0095 -101.375 121.196 
v -42.0095 -102.319 157.279 
v -42.0095 -102.319 121.196 
v -42.0095 -102.319 121.196 
v -15.828 -102.319 121.196 
v -42.0095 -102.319 157.279 
v -15.828 -102.319 157.279 
v -42.0095 -101.375 121.196 
v -15.828 -101.375 121.196 
v -42.0095 -102.319 121.196 
v -15.828 -102.319 121.196 

vn 1 0 0 
vn 1 0 0 
vn 1 0 0 
vn 1 0 0 
vn 0 1 0 
vn 0 1 0 
vn 0 1 0 
vn 0 1 0 
vn 0 0 1 
vn 0 0 1 
vn 0 0 1 
vn 0 0 1 
vn -1 0 0 
vn -1 0 0 
vn -1 0 0 
vn -1 0 0 
vn 0 -1 0 
vn 0 -1 0 
vn 0 -1 0 
vn 0 -1 0 
vn 0 0 -1 
vn 0 0 -1 
vn 0 0 -1 
vn 0 0 -1 

vt 10.1354 -1.375 
vt 5.625 -1.375 
vt 10.1354 -1.493 
vt 5.625 -1.493 
vt 8.89768 -1.375 
vt 5.625 -1.375 
vt 8.89768 -5.88543 
vt 5.625 -5.88543 
vt 8.89768 -1.375 
vt 5.625 -1.375 
vt 8.89768 -1.493 
vt 5.625 -1.493 
vt 10.1354 -1.375 
vt 5.625 -1.375 
vt 10.1354 -1.493 
vt 5.625 -1.493 
vt 8.89768 -1.375 
vt 5.625 -1.375 
vt 8.89768 -5.88543 
vt 5.625 -5.88543 
vt 8.89768 -1.375 
vt 5.625 -1.375 
vt 8.89768 -1.493 
vt 5.625 -1.493 

usemtl Part214Mtl

f 5953/5953/5953 5954/5954/5954 5955/5955/5955 
f 5955/5955/5955 5954/5954/5954 5956/5956/5956 
f 5957/5957/5957 5958/5958/5958 5959/5959/5959 
f 5959/5959/5959 5958/5958/5958 5960/5960/5960 
f 5961/5961/5961 5962/5962/5962 5963/5963/5963 
f 5963/5963/5963 5962/5962/5962 5964/5964/5964 
f 5965/5965/5965 5966/5966/5966 5967/5967/5967 
f 5967/5967/5967 5966/5966/5966 5968/5968/5968 
f 5969/5969/5969 5970/5970/5970 5971/5971/5971 
f 5971/5971/5971 5970/5970/5970 5972/5972/5972 
f 5973/5973/5973 5974/5974/5974 5975/5975/5975 
f 5975/5975/5975 5974/5974/5974 5976/5976/5976 

g Part250

v -15.828 -73.125 121.196 
v -15.828 -73.125 158.279 
v -15.828 -74.069 121.196 
v -15.828 -74.069 158.279 
v -42.0095 -73.125 158.279 
v -15.828 -73.125 158.279 
v -42.0095 -73.125 121.196 
v -15.828 -73.125 121.196 
v -15.828 -73.125 158.279 
v -42.0095 -73.125 158.279 
v -15.828 -74.069 158.279 
v -42.0095 -74.069 158.279 
v -42.0095 -73.125 158.279 
v -42.0095 -73.125 121.196 
v -42.0095 -74.069 158.279 
v -42.0095 -74.069 121.196 
v -42.0095 -74.069 121.196 
v -15.828 -74.069 121.196 
v -42.0095 -74.069 158.279 
v -15.828 -74.069 158.279 
v -42.0095 -73.125 121.196 
v -15.828 -73.125 121.196 
v -42.0095 -74.069 121.196 
v -15.828 -74.069 121.196 

vn 1 0 0 
vn 1 0 0 
vn 1 0 0 
vn 1 0 0 
vn 0 1 0 
vn 0 1 0 
vn 0 1 0 
vn 0 1 0 
vn 0 0 1 
vn 0 0 1 
vn 0 0 1 
vn 0 0 1 
vn -1 0 0 
vn -1 0 0 
vn -1 0 0 
vn -1 0 0 
vn 0 -1 0 
vn 0 -1 0 
vn 0 -1 0 
vn 0 -1 0 
vn 0 0 -1 
vn 0 0 -1 
vn 0 0 -1 
vn 0 0 -1 

vt 11.0104 0.625 
vt 6.375 0.625 
vt 11.0104 0.507 
vt 6.375 0.507 
vt 9.64768 0.625 
vt 6.375 0.625 
vt 9.64768 -4.01043 
vt 6.375 -4.01043 
vt 9.64768 0.625 
vt 6.375 0.625 
vt 9.64768 0.507 
vt 6.375 0.507 
vt 11.0104 0.625 
vt 6.375 0.625 
vt 11.0104 0.507 
vt 6.375 0.507 
vt 9.64768 0.625 
vt 6.375 0.625 
vt 9.64768 -4.01043 
vt 6.375 -4.01043 
vt 9.64768 0.625 
vt 6.375 0.625 
vt 9.64768 0.507 
vt 6.375 0.507 

usemtl Part250Mtl

f 5977/5977/5977 5978/5978/5978 5979/5979/5979 
f 5979/5979/5979 5978/5978/5978 5980/5980/5980 
f 5981/5981/5981 5982/5982/5982 5983/5983/5983 
f 5983/5983/5983 5982/5982/5982 5984/5984/5984 
f 5985/5985/5985 5986/5986/5986 5987/5987/5987 
f 5987/5987/5987 5986/5986/5986 5988/5988/5988 
f 5989/5989/5989 5990/5990/5990 5991/5991/5991 
f 5991/5991/5991 5990/5990/5990 5992/5992/5992 
f 5993/5993/5993 5994/5994/5994 5995/5995/5995 
f 5995/5995/5995 5994/5994/5994 5996/5996/5996 
f 5997/5997/5997 5998/5998/5998 5999/5999/5999 
f 5999/5999/5999 5998/5998/5998 6000/6000/6000 

g Part251

v -17.25 -94.472 142.56 
v -17.25 -94.472 136.56 
v -17.25 -102.472 142.56 
v -17.25 -102.472 136.56 
v -14.75 -94.472 136.56 
v -17.25 -94.472 136.56 
v -14.75 -94.472 142.56 
v -17.25 -94.472 142.56 
v -17.25 -94.472 136.56 
v -14.75 -94.472 136.56 
v -17.25 -102.472 136.56 
v -14.75 -102.472 136.56 
v -14.75 -94.472 136.56 
v -14.75 -94.472 142.56 
v -14.75 -102.472 136.56 
v -14.75 -102.472 142.56 
v -14.75 -102.472 142.56 
v -17.25 -102.472 142.56 
v -14.75 -102.472 136.56 
v -17.25 -102.472 136.56 
v -14.75 -94.472 142.56 
v -17.25 -94.472 142.56 
v -14.75 -102.472 142.56 
v -17.25 -102.472 142.56 

vn -1 0 0 
vn -1 0 0 
vn -1 0 0 
vn -1 0 0 
vn 0 1 0 
vn 0 1 0 
vn 0 1 0 
vn 0 1 0 
vn 0 0 -1 
vn 0 0 -1 
vn 0 0 -1 
vn 0 0 -1 
vn 1 0 0 
vn 1 0 0 
vn 1 0 0 
vn 1 0 0 
vn 0 -1 0 
vn 0 -1 0 
vn 0 -1 0 
vn 0 -1 0 
vn 0 0 1 
vn 0 0 1 
vn 0 0 1 
vn 0 0 1 

vt 0.118197 -0.0779911 
vt -1.0818 -0.0779911 
vt 0.118197 -1.67799 
vt -1.0818 -1.67799 
vt -0.581803 -0.0779911 
vt -1.0818 -0.0779911 
vt -0.581803 -1.27799 
vt -1.0818 -1.27799 
vt -0.581803 -0.0779911 
vt -1.0818 -0.0779911 
vt -0.581803 -1.67799 
vt -1.0818 -1.67799 
vt 0.118197 -0.0779911 
vt -1.0818 -0.0779911 
vt 0.118197 -1.67799 
vt -1.0818 -1.67799 
vt -0.581803 -0.0779911 
vt -1.0818 -0.0779911 
vt -0.581803 -1.27799 
vt -1.0818 -1.27799 
vt -0.581803 -0.0779911 
vt -1.0818 -0.0779911 
vt -0.581803 -1.67799 
vt -1.0818 -1.67799 

usemtl Part223Mtl

f 6001/6001/6001 6002/6002/6002 6003/6003/6003 
f 6003/6003/6003 6002/6002/6002 6004/6004/6004 
f 6005/6005/6005 6006/6006/6006 6007/6007/6007 
f 6007/6007/6007 6006/6006/6006 6008/6008/6008 
f 6009/6009/6009 6010/6010/6010 6011/6011/6011 
f 6011/6011/6011 6010/6010/6010 6012/6012/6012 
f 6013/6013/6013 6014/6014/6014 6015/6015/6015 
f 6015/6015/6015 6014/6014/6014 6016/6016/6016 
f 6017/6017/6017 6018/6018/6018 6019/6019/6019 
f 6019/6019/6019 6018/6018/6018 6020/6020/6020 
f 6021/6021/6021 6022/6022/6022 6023/6023/6023 
f 6023/6023/6023 6022/6022/6022 6024/6024/6024 

g Part252

v -34.7405 -69.5 159.321 
v -34.7405 -69.5 160.299 
v -34.7405 -102.444 159.321 
v -34.7405 -102.444 160.299 
v -35.7595 -69.5 160.299 
v -34.7405 -69.5 160.299 
v -35.7595 -69.5 159.321 
v -34.7405 -69.5 159.321 
v -34.7405 -69.5 160.299 
v -35.7595 -69.5 160.299 
v -34.7405 -102.444 160.299 
v -35.7595 -102.444 160.299 
v -35.7595 -69.5 160.299 
v -35.7595 -69.5 159.321 
v -35.7595 -102.444 160.299 
v -35.7595 -102.444 159.321 
v -35.7595 -102.444 159.321 
v -34.7405 -102.444 159.321 
v -35.7595 -102.444 160.299 
v -34.7405 -102.444 160.299 
v -35.7595 -69.5 159.321 
v -34.7405 -69.5 159.321 
v -35.7595 -102.444 159.321 
v -34.7405 -102.444 159.321 

vn 1 0 0 
vn 1 0 0 
vn 1 0 0 
vn 1 0 0 
vn 0 1 0 
vn 0 1 0 
vn 0 1 0 
vn 0 1 0 
vn 0 0 1 
vn 0 0 1 
vn 0 0 1 
vn 0 0 1 
vn -1 0 0 
vn -1 0 0 
vn -1 0 0 
vn -1 0 0 
vn 0 -1 0 
vn 0 -1 0 
vn 0 -1 0 
vn 0 -1 0 
vn 0 0 -1 
vn 0 0 -1 
vn 0 0 -1 
vn 0 0 -1 

vt 4.37231 -0.75 
vt 4.25 -0.75 
vt 4.37231 -4.868 
vt 4.25 -4.868 
vt 4.37737 -0.75 
vt 4.25 -0.75 
vt 4.37737 -0.872307 
vt 4.25 -0.872307 
vt 4.37737 -0.75 
vt 4.25 -0.75 
vt 4.37737 -4.868 
vt 4.25 -4.868 
vt 4.37231 -0.75 
vt 4.25 -0.75 
vt 4.37231 -4.868 
vt 4.25 -4.868 
vt 4.37737 -0.75 
vt 4.25 -0.75 
vt 4.37737 -0.872307 
vt 4.25 -0.872307 
vt 4.37737 -0.75 
vt 4.25 -0.75 
vt 4.37737 -4.868 
vt 4.25 -4.868 

usemtl Part252Mtl

f 6025/6025/6025 6026/6026/6026 6027/6027/6027 
f 6027/6027/6027 6026/6026/6026 6028/6028/6028 
f 6029/6029/6029 6030/6030/6030 6031/6031/6031 
f 6031/6031/6031 6030/6030/6030 6032/6032/6032 
f 6033/6033/6033 6034/6034/6034 6035/6035/6035 
f 6035/6035/6035 6034/6034/6034 6036/6036/6036 
f 6037/6037/6037 6038/6038/6038 6039/6039/6039 
f 6039/6039/6039 6038/6038/6038 6040/6040/6040 
f 6041/6041/6041 6042/6042/6042 6043/6043/6043 
f 6043/6043/6043 6042/6042/6042 6044/6044/6044 
f 6045/6045/6045 6046/6046/6046 6047/6047/6047 
f 6047/6047/6047 6046/6046/6046 6048/6048/6048 

g Part253

v -30.2405 -69.5 159.321 
v -30.2405 -69.5 160.299 
v -30.2405 -102.444 159.321 
v -30.2405 -102.444 160.299 
v -31.2595 -69.5 160.299 
v -30.2405 -69.5 160.299 
v -31.2595 -69.5 159.321 
v -30.2405 -69.5 159.321 
v -30.2405 -69.5 160.299 
v -31.2595 -69.5 160.299 
v -30.2405 -102.444 160.299 
v -31.2595 -102.444 160.299 
v -31.2595 -69.5 160.299 
v -31.2595 -69.5 159.321 
v -31.2595 -102.444 160.299 
v -31.2595 -102.444 159.321 
v -31.2595 -102.444 159.321 
v -30.2405 -102.444 159.321 
v -31.2595 -102.444 160.299 
v -30.2405 -102.444 160.299 
v -31.2595 -69.5 159.321 
v -30.2405 -69.5 159.321 
v -31.2595 -102.444 159.321 
v -30.2405 -102.444 159.321 

vn 1 0 0 
vn 1 0 0 
vn 1 0 0 
vn 1 0 0 
vn 0 1 0 
vn 0 1 0 
vn 0 1 0 
vn 0 1 0 
vn 0 0 1 
vn 0 0 1 
vn 0 0 1 
vn 0 0 1 
vn -1 0 0 
vn -1 0 0 
vn -1 0 0 
vn -1 0 0 
vn 0 -1 0 
vn 0 -1 0 
vn 0 -1 0 
vn 0 -1 0 
vn 0 0 -1 
vn 0 0 -1 
vn 0 0 -1 
vn 0 0 -1 

vt 2.62231 -3.25 
vt 2.5 -3.25 
vt 2.62231 -7.368 
vt 2.5 -7.368 
vt 2.62737 -3.25 
vt 2.5 -3.25 
vt 2.62737 -3.37231 
vt 2.5 -3.37231 
vt 2.62737 -3.25 
vt 2.5 -3.25 
vt 2.62737 -7.368 
vt 2.5 -7.368 
vt 2.62231 -3.25 
vt 2.5 -3.25 
vt 2.62231 -7.368 
vt 2.5 -7.368 
vt 2.62737 -3.25 
vt 2.5 -3.25 
vt 2.62737 -3.37231 
vt 2.5 -3.37231 
vt 2.62737 -3.25 
vt 2.5 -3.25 
vt 2.62737 -7.368 
vt 2.5 -7.368 

usemtl Part250Mtl

f 6049/6049/6049 6050/6050/6050 6051/6051/6051 
f 6051/6051/6051 6050/6050/6050 6052/6052/6052 
f 6053/6053/6053 6054/6054/6054 6055/6055/6055 
f 6055/6055/6055 6054/6054/6054 6056/6056/6056 
f 6057/6057/6057 6058/6058/6058 6059/6059/6059 
f 6059/6059/6059 6058/6058/6058 6060/6060/6060 
f 6061/6061/6061 6062/6062/6062 6063/6063/6063 
f 6063/6063/6063 6062/6062/6062 6064/6064/6064 
f 6065/6065/6065 6066/6066/6066 6067/6067/6067 
f 6067/6067/6067 6066/6066/6066 6068/6068/6068 
f 6069/6069/6069 6070/6070/6070 6071/6071/6071 
f 6071/6071/6071 6070/6070/6070 6072/6072/6072 

g Part254

v -35.4905 -84.472 144.571 
v -35.4905 -84.472 159.799 
v -35.4905 -87.472 144.571 
v -35.4905 -87.472 159.799 
v -42.0095 -84.472 159.799 
v -35.4905 -84.472 159.799 
v -42.0095 -84.472 144.571 
v -35.4905 -84.472 144.571 
v -35.4905 -84.472 159.799 
v -42.0095 -84.472 159.799 
v -35.4905 -87.472 159.799 
v -42.0095 -87.472 159.799 
v -42.0095 -84.472 159.799 
v -42.0095 -84.472 144.571 
v -42.0095 -87.472 159.799 
v -42.0095 -87.472 144.571 
v -42.0095 -87.472 144.571 
v -35.4905 -87.472 144.571 
v -42.0095 -87.472 159.799 
v -35.4905 -87.472 159.799 
v -42.0095 -84.472 144.571 
v -35.4905 -84.472 144.571 
v -42.0095 -87.472 144.571 
v -35.4905 -87.472 144.571 

vn 1 0 0 
vn 1 0 0 
vn 1 0 0 
vn 1 0 0 
vn 0 1 0 
vn 0 1 0 
vn 0 1 0 
vn 0 1 0 
vn 0 0 1 
vn 0 0 1 
vn 0 0 1 
vn 0 0 1 
vn -1 0 0 
vn -1 0 0 
vn -1 0 0 
vn -1 0 0 
vn 0 -1 0 
vn 0 -1 0 
vn 0 -1 0 
vn 0 -1 0 
vn 0 0 -1 
vn 0 0 -1 
vn 0 0 -1 
vn 0 0 -1 

vt 2.11844 -0.141166 
vt 0.595593 -0.141166 
vt 2.11844 -0.441166 
vt 0.595593 -0.441166 
vt 1.24748 -0.141166 
vt 0.595593 -0.141166 
vt 1.24748 -1.66401 
vt 0.595593 -1.66401 
vt 1.24748 -0.141166 
vt 0.595593 -0.141166 
vt 1.24748 -0.441166 
vt 0.595593 -0.441166 
vt 2.11844 -0.141166 
vt 0.595593 -0.141166 
vt 2.11844 -0.441166 
vt 0.595593 -0.441166 
vt 1.24748 -0.141166 
vt 0.595593 -0.141166 
vt 1.24748 -1.66401 
vt 0.595593 -1.66401 
vt 1.24748 -0.141166 
vt 0.595593 -0.141166 
vt 1.24748 -0.441166 
vt 0.595593 -0.441166 

usemtl Part204Mtl

f 6073/6073/6073 6074/6074/6074 6075/6075/6075 
f 6075/6075/6075 6074/6074/6074 6076/6076/6076 
f 6077/6077/6077 6078/6078/6078 6079/6079/6079 
f 6079/6079/6079 6078/6078/6078 6080/6080/6080 
f 6081/6081/6081 6082/6082/6082 6083/6083/6083 
f 6083/6083/6083 6082/6082/6082 6084/6084/6084 
f 6085/6085/6085 6086/6086/6086 6087/6087/6087 
f 6087/6087/6087 6086/6086/6086 6088/6088/6088 
f 6089/6089/6089 6090/6090/6090 6091/6091/6091 
f 6091/6091/6091 6090/6090/6090 6092/6092/6092 
f 6093/6093/6093 6094/6094/6094 6095/6095/6095 
f 6095/6095/6095 6094/6094/6094 6096/6096/6096 

g Part255

v -30.4905 -100.472 159.31 
v -30.4905 -100.472 160.06 
v -30.4905 -101.472 159.31 
v -30.4905 -101.472 160.06 
v -34.7595 -100.472 160.06 
v -30.4905 -100.472 160.06 
v -34.7595 -100.472 159.31 
v -30.4905 -100.472 159.31 
v -30.4905 -100.472 160.06 
v -34.7595 -100.472 160.06 
v -30.4905 -101.472 160.06 
v -34.7595 -101.472 160.06 
v -34.7595 -100.472 160.06 
v -34.7595 -100.472 159.31 
v -34.7595 -101.472 160.06 
v -34.7595 -101.472 159.31 
v -34.7595 -101.472 159.31 
v -30.4905 -101.472 159.31 
v -34.7595 -101.472 160.06 
v -30.4905 -101.472 160.06 
v -34.7595 -100.472 159.31 
v -30.4905 -100.472 159.31 
v -34.7595 -101.472 159.31 
v -30.4905 -101.472 159.31 

vn 1 0 0 
vn 1 0 0 
vn 1 0 0 
vn 1 0 0 
vn 0 1 0 
vn 0 1 0 
vn 0 1 0 
vn 0 1 0 
vn 0 0 1 
vn 0 0 1 
vn 0 0 1 
vn 0 0 1 
vn -1 0 0 
vn -1 0 0 
vn -1 0 0 
vn -1 0 0 
vn 0 -1 0 
vn 0 -1 0 
vn 0 -1 0 
vn 0 -1 0 
vn 0 0 -1 
vn 0 0 -1 
vn 0 0 -1 
vn 0 0 -1 

vt 3.96875 -6.375 
vt 3.875 -6.375 
vt 3.96875 -6.5 
vt 3.875 -6.5 
vt 4.40862 -6.375 
vt 3.875 -6.375 
vt 4.40862 -6.46875 
vt 3.875 -6.46875 
vt 4.40862 -6.375 
vt 3.875 -6.375 
vt 4.40862 -6.5 
vt 3.875 -6.5 
vt 3.96875 -6.375 
vt 3.875 -6.375 
vt 3.96875 -6.5 
vt 3.875 -6.5 
vt 4.40862 -6.375 
vt 3.875 -6.375 
vt 4.40862 -6.46875 
vt 3.875 -6.46875 
vt 4.40862 -6.375 
vt 3.875 -6.375 
vt 4.40862 -6.5 
vt 3.875 -6.5 

usemtl Part255Mtl

f 6097/6097/6097 6098/6098/6098 6099/6099/6099 
f 6099/6099/6099 6098/6098/6098 6100/6100/6100 
f 6101/6101/6101 6102/6102/6102 6103/6103/6103 
f 6103/6103/6103 6102/6102/6102 6104/6104/6104 
f 6105/6105/6105 6106/6106/6106 6107/6107/6107 
f 6107/6107/6107 6106/6106/6106 6108/6108/6108 
f 6109/6109/6109 6110/6110/6110 6111/6111/6111 
f 6111/6111/6111 6110/6110/6110 6112/6112/6112 
f 6113/6113/6113 6114/6114/6114 6115/6115/6115 
f 6115/6115/6115 6114/6114/6114 6116/6116/6116 
f 6117/6117/6117 6118/6118/6118 6119/6119/6119 
f 6119/6119/6119 6118/6118/6118 6120/6120/6120 

g Part256

v -30.4905 -98.472 159.31 
v -30.4905 -98.472 160.06 
v -30.4905 -99.472 159.31 
v -30.4905 -99.472 160.06 
v -34.7595 -98.472 160.06 
v -30.4905 -98.472 160.06 
v -34.7595 -98.472 159.31 
v -30.4905 -98.472 159.31 
v -30.4905 -98.472 160.06 
v -34.7595 -98.472 160.06 
v -30.4905 -99.472 160.06 
v -34.7595 -99.472 160.06 
v -34.7595 -98.472 160.06 
v -34.7595 -98.472 159.31 
v -34.7595 -99.472 160.06 
v -34.7595 -99.472 159.31 
v -34.7595 -99.472 159.31 
v -30.4905 -99.472 159.31 
v -34.7595 -99.472 160.06 
v -30.4905 -99.472 160.06 
v -34.7595 -98.472 159.31 
v -30.4905 -98.472 159.31 
v -34.7595 -99.472 159.31 
v -30.4905 -99.472 159.31 

vn 1 0 0 
vn 1 0 0 
vn 1 0 0 
vn 1 0 0 
vn 0 1 0 
vn 0 1 0 
vn 0 1 0 
vn 0 1 0 
vn 0 0 1 
vn 0 0 1 
vn 0 0 1 
vn 0 0 1 
vn -1 0 0 
vn -1 0 0 
vn -1 0 0 
vn -1 0 0 
vn 0 -1 0 
vn 0 -1 0 
vn 0 -1 0 
vn 0 -1 0 
vn 0 0 -1 
vn 0 0 -1 
vn 0 0 -1 
vn 0 0 -1 

vt 1.59375 -1.625 
vt 1.5 -1.625 
vt 1.59375 -1.75 
vt 1.5 -1.75 
vt 2.03362 -1.625 
vt 1.5 -1.625 
vt 2.03362 -1.71875 
vt 1.5 -1.71875 
vt 2.03362 -1.625 
vt 1.5 -1.625 
vt 2.03362 -1.75 
vt 1.5 -1.75 
vt 1.59375 -1.625 
vt 1.5 -1.625 
vt 1.59375 -1.75 
vt 1.5 -1.75 
vt 2.03362 -1.625 
vt 1.5 -1.625 
vt 2.03362 -1.71875 
vt 1.5 -1.71875 
vt 2.03362 -1.625 
vt 1.5 -1.625 
vt 2.03362 -1.75 
vt 1.5 -1.75 

usemtl Part255Mtl

f 6121/6121/6121 6122/6122/6122 6123/6123/6123 
f 6123/6123/6123 6122/6122/6122 6124/6124/6124 
f 6125/6125/6125 6126/6126/6126 6127/6127/6127 
f 6127/6127/6127 6126/6126/6126 6128/6128/6128 
f 6129/6129/6129 6130/6130/6130 6131/6131/6131 
f 6131/6131/6131 6130/6130/6130 6132/6132/6132 
f 6133/6133/6133 6134/6134/6134 6135/6135/6135 
f 6135/6135/6135 6134/6134/6134 6136/6136/6136 
f 6137/6137/6137 6138/6138/6138 6139/6139/6139 
f 6139/6139/6139 6138/6138/6138 6140/6140/6140 
f 6141/6141/6141 6142/6142/6142 6143/6143/6143 
f 6143/6143/6143 6142/6142/6142 6144/6144/6144 

g Part257

v -30.4905 -94.472 159.31 
v -30.4905 -94.472 160.06 
v -30.4905 -95.472 159.31 
v -30.4905 -95.472 160.06 
v -34.7595 -94.472 160.06 
v -30.4905 -94.472 160.06 
v -34.7595 -94.472 159.31 
v -30.4905 -94.472 159.31 
v -30.4905 -94.472 160.06 
v -34.7595 -94.472 160.06 
v -30.4905 -95.472 160.06 
v -34.7595 -95.472 160.06 
v -34.7595 -94.472 160.06 
v -34.7595 -94.472 159.31 
v -34.7595 -95.472 160.06 
v -34.7595 -95.472 159.31 
v -34.7595 -95.472 159.31 
v -30.4905 -95.472 159.31 
v -34.7595 -95.472 160.06 
v -30.4905 -95.472 160.06 
v -34.7595 -94.472 159.31 
v -30.4905 -94.472 159.31 
v -34.7595 -95.472 159.31 
v -30.4905 -95.472 159.31 

vn 1 0 0 
vn 1 0 0 
vn 1 0 0 
vn 1 0 0 
vn 0 1 0 
vn 0 1 0 
vn 0 1 0 
vn 0 1 0 
vn 0 0 1 
vn 0 0 1 
vn 0 0 1 
vn 0 0 1 
vn -1 0 0 
vn -1 0 0 
vn -1 0 0 
vn -1 0 0 
vn 0 -1 0 
vn 0 -1 0 
vn 0 -1 0 
vn 0 -1 0 
vn 0 0 -1 
vn 0 0 -1 
vn 0 0 -1 
vn 0 0 -1 

vt 5.46875 -3.75 
vt 5.375 -3.75 
vt 5.46875 -3.875 
vt 5.375 -3.875 
vt 5.90862 -3.75 
vt 5.375 -3.75 
vt 5.90862 -3.84375 
vt 5.375 -3.84375 
vt 5.90862 -3.75 
vt 5.375 -3.75 
vt 5.90862 -3.875 
vt 5.375 -3.875 
vt 5.46875 -3.75 
vt 5.375 -3.75 
vt 5.46875 -3.875 
vt 5.375 -3.875 
vt 5.90862 -3.75 
vt 5.375 -3.75 
vt 5.90862 -3.84375 
vt 5.375 -3.84375 
vt 5.90862 -3.75 
vt 5.375 -3.75 
vt 5.90862 -3.875 
vt 5.375 -3.875 

usemtl Part257Mtl

f 6145/6145/6145 6146/6146/6146 6147/6147/6147 
f 6147/6147/6147 6146/6146/6146 6148/6148/6148 
f 6149/6149/6149 6150/6150/6150 6151/6151/6151 
f 6151/6151/6151 6150/6150/6150 6152/6152/6152 
f 6153/6153/6153 6154/6154/6154 6155/6155/6155 
f 6155/6155/6155 6154/6154/6154 6156/6156/6156 
f 6157/6157/6157 6158/6158/6158 6159/6159/6159 
f 6159/6159/6159 6158/6158/6158 6160/6160/6160 
f 6161/6161/6161 6162/6162/6162 6163/6163/6163 
f 6163/6163/6163 6162/6162/6162 6164/6164/6164 
f 6165/6165/6165 6166/6166/6166 6167/6167/6167 
f 6167/6167/6167 6166/6166/6166 6168/6168/6168 

g Part258

v -30.4905 -96.472 159.31 
v -30.4905 -96.472 160.06 
v -30.4905 -97.472 159.31 
v -30.4905 -97.472 160.06 
v -34.7595 -96.472 160.06 
v -30.4905 -96.472 160.06 
v -34.7595 -96.472 159.31 
v -30.4905 -96.472 159.31 
v -30.4905 -96.472 160.06 
v -34.7595 -96.472 160.06 
v -30.4905 -97.472 160.06 
v -34.7595 -97.472 160.06 
v -34.7595 -96.472 160.06 
v -34.7595 -96.472 159.31 
v -34.7595 -97.472 160.06 
v -34.7595 -97.472 159.31 
v -34.7595 -97.472 159.31 
v -30.4905 -97.472 159.31 
v -34.7595 -97.472 160.06 
v -30.4905 -97.472 160.06 
v -34.7595 -96.472 159.31 
v -30.4905 -96.472 159.31 
v -34.7595 -97.472 159.31 
v -30.4905 -97.472 159.31 

vn 1 0 0 
vn 1 0 0 
vn 1 0 0 
vn 1 0 0 
vn 0 1 0 
vn 0 1 0 
vn 0 1 0 
vn 0 1 0 
vn 0 0 1 
vn 0 0 1 
vn 0 0 1 
vn 0 0 1 
vn -1 0 0 
vn -1 0 0 
vn -1 0 0 
vn -1 0 0 
vn 0 -1 0 
vn 0 -1 0 
vn 0 -1 0 
vn 0 -1 0 
vn 0 0 -1 
vn 0 0 -1 
vn 0 0 -1 
vn 0 0 -1 

vt 4.21875 0 
vt 4.125 0 
vt 4.21875 -0.125 
vt 4.125 -0.125 
vt 4.65862 0 
vt 4.125 0 
vt 4.65862 -0.09375 
vt 4.125 -0.09375 
vt 4.65862 0 
vt 4.125 0 
vt 4.65862 -0.125 
vt 4.125 -0.125 
vt 4.21875 0 
vt 4.125 0 
vt 4.21875 -0.125 
vt 4.125 -0.125 
vt 4.65862 0 
vt 4.125 0 
vt 4.65862 -0.09375 
vt 4.125 -0.09375 
vt 4.65862 0 
vt 4.125 0 
vt 4.65862 -0.125 
vt 4.125 -0.125 

usemtl Part258Mtl

f 6169/6169/6169 6170/6170/6170 6171/6171/6171 
f 6171/6171/6171 6170/6170/6170 6172/6172/6172 
f 6173/6173/6173 6174/6174/6174 6175/6175/6175 
f 6175/6175/6175 6174/6174/6174 6176/6176/6176 
f 6177/6177/6177 6178/6178/6178 6179/6179/6179 
f 6179/6179/6179 6178/6178/6178 6180/6180/6180 
f 6181/6181/6181 6182/6182/6182 6183/6183/6183 
f 6183/6183/6183 6182/6182/6182 6184/6184/6184 
f 6185/6185/6185 6186/6186/6186 6187/6187/6187 
f 6187/6187/6187 6186/6186/6186 6188/6188/6188 
f 6189/6189/6189 6190/6190/6190 6191/6191/6191 
f 6191/6191/6191 6190/6190/6190 6192/6192/6192 

g Part259

v -30.4905 -92.472 159.31 
v -30.4905 -92.472 160.06 
v -30.4905 -93.472 159.31 
v -30.4905 -93.472 160.06 
v -34.7595 -92.472 160.06 
v -30.4905 -92.472 160.06 
v -34.7595 -92.472 159.31 
v -30.4905 -92.472 159.31 
v -30.4905 -92.472 160.06 
v -34.7595 -92.472 160.06 
v -30.4905 -93.472 160.06 
v -34.7595 -93.472 160.06 
v -34.7595 -92.472 160.06 
v -34.7595 -92.472 159.31 
v -34.7595 -93.472 160.06 
v -34.7595 -93.472 159.31 
v -34.7595 -93.472 159.31 
v -30.4905 -93.472 159.31 
v -34.7595 -93.472 160.06 
v -30.4905 -93.472 160.06 
v -34.7595 -92.472 159.31 
v -30.4905 -92.472 159.31 
v -34.7595 -93.472 159.31 
v -30.4905 -93.472 159.31 

vn 1 0 0 
vn 1 0 0 
vn 1 0 0 
vn 1 0 0 
vn 0 1 0 
vn 0 1 0 
vn 0 1 0 
vn 0 1 0 
vn 0 0 1 
vn 0 0 1 
vn 0 0 1 
vn 0 0 1 
vn -1 0 0 
vn -1 0 0 
vn -1 0 0 
vn -1 0 0 
vn 0 -1 0 
vn 0 -1 0 
vn 0 -1 0 
vn 0 -1 0 
vn 0 0 -1 
vn 0 0 -1 
vn 0 0 -1 
vn 0 0 -1 

vt 3.96875 0.75 
vt 3.875 0.75 
vt 3.96875 0.625 
vt 3.875 0.625 
vt 4.40862 0.75 
vt 3.875 0.75 
vt 4.40862 0.65625 
vt 3.875 0.65625 
vt 4.40862 0.75 
vt 3.875 0.75 
vt 4.40862 0.625 
vt 3.875 0.625 
vt 3.96875 0.75 
vt 3.875 0.75 
vt 3.96875 0.625 
vt 3.875 0.625 
vt 4.40862 0.75 
vt 3.875 0.75 
vt 4.40862 0.65625 
vt 3.875 0.65625 
vt 4.40862 0.75 
vt 3.875 0.75 
vt 4.40862 0.625 
vt 3.875 0.625 

usemtl Part216Mtl

f 6193/6193/6193 6194/6194/6194 6195/6195/6195 
f 6195/6195/6195 6194/6194/6194 6196/6196/6196 
f 6197/6197/6197 6198/6198/6198 6199/6199/6199 
f 6199/6199/6199 6198/6198/6198 6200/6200/6200 
f 6201/6201/6201 6202/6202/6202 6203/6203/6203 
f 6203/6203/6203 6202/6202/6202 6204/6204/6204 
f 6205/6205/6205 6206/6206/6206 6207/6207/6207 
f 6207/6207/6207 6206/6206/6206 6208/6208/6208 
f 6209/6209/6209 6210/6210/6210 6211/6211/6211 
f 6211/6211/6211 6210/6210/6210 6212/6212/6212 
f 6213/6213/6213 6214/6214/6214 6215/6215/6215 
f 6215/6215/6215 6214/6214/6214 6216/6216/6216 

g Part260

v -30.4905 -90.472 159.31 
v -30.4905 -90.472 160.06 
v -30.4905 -91.472 159.31 
v -30.4905 -91.472 160.06 
v -34.7595 -90.472 160.06 
v -30.4905 -90.472 160.06 
v -34.7595 -90.472 159.31 
v -30.4905 -90.472 159.31 
v -30.4905 -90.472 160.06 
v -34.7595 -90.472 160.06 
v -30.4905 -91.472 160.06 
v -34.7595 -91.472 160.06 
v -34.7595 -90.472 160.06 
v -34.7595 -90.472 159.31 
v -34.7595 -91.472 160.06 
v -34.7595 -91.472 159.31 
v -34.7595 -91.472 159.31 
v -30.4905 -91.472 159.31 
v -34.7595 -91.472 160.06 
v -30.4905 -91.472 160.06 
v -34.7595 -90.472 159.31 
v -30.4905 -90.472 159.31 
v -34.7595 -91.472 159.31 
v -30.4905 -91.472 159.31 

vn 1 0 0 
vn 1 0 0 
vn 1 0 0 
vn 1 0 0 
vn 0 1 0 
vn 0 1 0 
vn 0 1 0 
vn 0 1 0 
vn 0 0 1 
vn 0 0 1 
vn 0 0 1 
vn 0 0 1 
vn -1 0 0 
vn -1 0 0 
vn -1 0 0 
vn -1 0 0 
vn 0 -1 0 
vn 0 -1 0 
vn 0 -1 0 
vn 0 -1 0 
vn 0 0 -1 
vn 0 0 -1 
vn 0 0 -1 
vn 0 0 -1 

vt 3.71875 0.375 
vt 3.625 0.375 
vt 3.71875 0.25 
vt 3.625 0.25 
vt 4.15862 0.375 
vt 3.625 0.375 
vt 4.15862 0.28125 
vt 3.625 0.28125 
vt 4.15862 0.375 
vt 3.625 0.375 
vt 4.15862 0.25 
vt 3.625 0.25 
vt 3.71875 0.375 
vt 3.625 0.375 
vt 3.71875 0.25 
vt 3.625 0.25 
vt 4.15862 0.375 
vt 3.625 0.375 
vt 4.15862 0.28125 
vt 3.625 0.28125 
vt 4.15862 0.375 
vt 3.625 0.375 
vt 4.15862 0.25 
vt 3.625 0.25 

usemtl Part258Mtl

f 6217/6217/6217 6218/6218/6218 6219/6219/6219 
f 6219/6219/6219 6218/6218/6218 6220/6220/6220 
f 6221/6221/6221 6222/6222/6222 6223/6223/6223 
f 6223/6223/6223 6222/6222/6222 6224/6224/6224 
f 6225/6225/6225 6226/6226/6226 6227/6227/6227 
f 6227/6227/6227 6226/6226/6226 6228/6228/6228 
f 6229/6229/6229 6230/6230/6230 6231/6231/6231 
f 6231/6231/6231 6230/6230/6230 6232/6232/6232 
f 6233/6233/6233 6234/6234/6234 6235/6235/6235 
f 6235/6235/6235 6234/6234/6234 6236/6236/6236 
f 6237/6237/6237 6238/6238/6238 6239/6239/6239 
f 6239/6239/6239 6238/6238/6238 6240/6240/6240 

g Part261

v -30.4905 -86.472 159.31 
v -30.4905 -86.472 160.06 
v -30.4905 -87.472 159.31 
v -30.4905 -87.472 160.06 
v -34.7595 -86.472 160.06 
v -30.4905 -86.472 160.06 
v -34.7595 -86.472 159.31 
v -30.4905 -86.472 159.31 
v -30.4905 -86.472 160.06 
v -34.7595 -86.472 160.06 
v -30.4905 -87.472 160.06 
v -34.7595 -87.472 160.06 
v -34.7595 -86.472 160.06 
v -34.7595 -86.472 159.31 
v -34.7595 -87.472 160.06 
v -34.7595 -87.472 159.31 
v -34.7595 -87.472 159.31 
v -30.4905 -87.472 159.31 
v -34.7595 -87.472 160.06 
v -30.4905 -87.472 160.06 
v -34.7595 -86.472 159.31 
v -30.4905 -86.472 159.31 
v -34.7595 -87.472 159.31 
v -30.4905 -87.472 159.31 

vn 1 0 0 
vn 1 0 0 
vn 1 0 0 
vn 1 0 0 
vn 0 1 0 
vn 0 1 0 
vn 0 1 0 
vn 0 1 0 
vn 0 0 1 
vn 0 0 1 
vn 0 0 1 
vn 0 0 1 
vn -1 0 0 
vn -1 0 0 
vn -1 0 0 
vn -1 0 0 
vn 0 -1 0 
vn 0 -1 0 
vn 0 -1 0 
vn 0 -1 0 
vn 0 0 -1 
vn 0 0 -1 
vn 0 0 -1 
vn 0 0 -1 

vt 4.09375 -6.875 
vt 4 -6.875 
vt 4.09375 -7 
vt 4 -7 
vt 4.53362 -6.875 
vt 4 -6.875 
vt 4.53362 -6.96875 
vt 4 -6.96875 
vt 4.53362 -6.875 
vt 4 -6.875 
vt 4.53362 -7 
vt 4 -7 
vt 4.09375 -6.875 
vt 4 -6.875 
vt 4.09375 -7 
vt 4 -7 
vt 4.53362 -6.875 
vt 4 -6.875 
vt 4.53362 -6.96875 
vt 4 -6.96875 
vt 4.53362 -6.875 
vt 4 -6.875 
vt 4.53362 -7 
vt 4 -7 

usemtl Part252Mtl

f 6241/6241/6241 6242/6242/6242 6243/6243/6243 
f 6243/6243/6243 6242/6242/6242 6244/6244/6244 
f 6245/6245/6245 6246/6246/6246 6247/6247/6247 
f 6247/6247/6247 6246/6246/6246 6248/6248/6248 
f 6249/6249/6249 6250/6250/6250 6251/6251/6251 
f 6251/6251/6251 6250/6250/6250 6252/6252/6252 
f 6253/6253/6253 6254/6254/6254 6255/6255/6255 
f 6255/6255/6255 6254/6254/6254 6256/6256/6256 
f 6257/6257/6257 6258/6258/6258 6259/6259/6259 
f 6259/6259/6259 6258/6258/6258 6260/6260/6260 
f 6261/6261/6261 6262/6262/6262 6263/6263/6263 
f 6263/6263/6263 6262/6262/6262 6264/6264/6264 

